ISO-10303-21;
HEADER;
FILE_DESCRIPTION(('Open CASCADE Model'),'2;1');
FILE_NAME('Open CASCADE Shape Model','2026-10-02T09:44:42',('Author'),(
    'Open CASCADE'),'Open CASCADE STEP processor 7.9','Open CASCADE 7.9'
  ,'Unknown');
FILE_SCHEMA(('AUTOMOTIVE_DESIGN { 1 0 10303 214 1 1 1 1 }'));
ENDSEC;
DATA;
#1 = APPLICATION_PROTOCOL_DEFINITION('international standard',
  'automotive_design',2000,#2);
#2 = APPLICATION_CONTEXT(
  'core data for automotive mechanical design processes');
#3 = SHAPE_DEFINITION_REPRESENTATION(#4,#10);
#4 = PRODUCT_DEFINITION_SHAPE('','',#5);
#5 = PRODUCT_DEFINITION('design','',#6,#9);
#6 = PRODUCT_DEFINITION_FORMATION('','',#7);
#7 = PRODUCT('Drone','Drone','',(#8));
#8 = PRODUCT_CONTEXT('',#2,'mechanical');
#9 = PRODUCT_DEFINITION_CONTEXT('part definition',#2,'design');
#10 = SHAPE_REPRESENTATION('',(#11,#15,#19,#23,#27,#31,#35,#39,#43,#47,
    #51,#55,#59,#63,#67,#71,#75,#79,#83,#87,#91,#95,#99,#103,#107,#111,
    #115,#119,#123,#127,#131,#135),#139);
#11 = AXIS2_PLACEMENT_3D('',#12,#13,#14);
#12 = CARTESIAN_POINT('',(0.,0.,0.));
#13 = DIRECTION('',(0.,0.,1.));
#14 = DIRECTION('',(1.,0.,-0.));
#15 = AXIS2_PLACEMENT_3D('',#16,#17,#18);
#16 = CARTESIAN_POINT('',(0.,0.,0.));
#17 = DIRECTION('',(0.,0.,1.));
#18 = DIRECTION('',(1.,0.,0.));
#19 = AXIS2_PLACEMENT_3D('',#20,#21,#22);
#20 = CARTESIAN_POINT('',(-14.14213562373,14.142135623731,3.5));
#21 = DIRECTION('',(0.,0.,1.));
#22 = DIRECTION('',(-0.707106781187,0.707106781187,0.));
#23 = AXIS2_PLACEMENT_3D('',#24,#25,#26);
#24 = CARTESIAN_POINT('',(14.142135623731,14.142135623731,3.5));
#25 = DIRECTION('',(0.,-0.,1.));
#26 = DIRECTION('',(0.707106781187,0.707106781187,0.));
#27 = AXIS2_PLACEMENT_3D('',#28,#29,#30);
#28 = CARTESIAN_POINT('',(-14.14213562373,-14.14213562373,3.5));
#29 = DIRECTION('',(0.,0.,1.));
#30 = DIRECTION('',(-0.707106781187,-0.707106781187,0.));
#31 = AXIS2_PLACEMENT_3D('',#32,#33,#34);
#32 = CARTESIAN_POINT('',(14.142135623731,-14.14213562373,3.5));
#33 = DIRECTION('',(-0.,0.,1.));
#34 = DIRECTION('',(0.707106781187,-0.707106781187,0.));
#35 = AXIS2_PLACEMENT_3D('',#36,#37,#38);
#36 = CARTESIAN_POINT('',(-18.38477631085,18.38477631085,5.5));
#37 = DIRECTION('',(0.,0.,1.));
#38 = DIRECTION('',(1.,0.,0.));
#39 = AXIS2_PLACEMENT_3D('',#40,#41,#42);
#40 = CARTESIAN_POINT('',(-24.04163056034,24.041630560343,5.5));
#41 = DIRECTION('',(0.,0.,1.));
#42 = DIRECTION('',(1.,0.,0.));
#43 = AXIS2_PLACEMENT_3D('',#44,#45,#46);
#44 = CARTESIAN_POINT('',(18.38477631085,18.38477631085,5.5));
#45 = DIRECTION('',(0.,0.,1.));
#46 = DIRECTION('',(1.,0.,0.));
#47 = AXIS2_PLACEMENT_3D('',#48,#49,#50);
#48 = CARTESIAN_POINT('',(24.041630560343,24.041630560343,5.5));
#49 = DIRECTION('',(0.,0.,1.));
#50 = DIRECTION('',(1.,0.,0.));
#51 = AXIS2_PLACEMENT_3D('',#52,#53,#54);
#52 = CARTESIAN_POINT('',(-18.38477631085,-18.38477631085,5.5));
#53 = DIRECTION('',(0.,0.,1.));
#54 = DIRECTION('',(1.,0.,0.));
#55 = AXIS2_PLACEMENT_3D('',#56,#57,#58);
#56 = CARTESIAN_POINT('',(-24.04163056034,-24.04163056034,5.5));
#57 = DIRECTION('',(0.,0.,1.));
#58 = DIRECTION('',(1.,0.,0.));
#59 = AXIS2_PLACEMENT_3D('',#60,#61,#62);
#60 = CARTESIAN_POINT('',(18.38477631085,-18.38477631085,5.5));
#61 = DIRECTION('',(0.,0.,1.));
#62 = DIRECTION('',(1.,0.,0.));
#63 = AXIS2_PLACEMENT_3D('',#64,#65,#66);
#64 = CARTESIAN_POINT('',(24.041630560343,-24.04163056034,5.5));
#65 = DIRECTION('',(0.,0.,1.));
#66 = DIRECTION('',(1.,0.,0.));
#67 = AXIS2_PLACEMENT_3D('',#68,#69,#70);
#68 = CARTESIAN_POINT('',(-77.78174593052,77.78174593052,5.5));
#69 = DIRECTION('',(0.,0.,1.));
#70 = DIRECTION('',(1.,0.,0.));
#71 = AXIS2_PLACEMENT_3D('',#72,#73,#74);
#72 = CARTESIAN_POINT('',(-77.78174593052,77.78174593052,26.5));
#73 = DIRECTION('',(0.,0.,1.));
#74 = DIRECTION('',(-0.707106781187,0.707106781187,0.));
#75 = AXIS2_PLACEMENT_3D('',#76,#77,#78);
#76 = CARTESIAN_POINT('',(77.78174593052,77.78174593052,5.5));
#77 = DIRECTION('',(0.,0.,1.));
#78 = DIRECTION('',(1.,0.,0.));
#79 = AXIS2_PLACEMENT_3D('',#80,#81,#82);
#80 = CARTESIAN_POINT('',(77.78174593052,77.78174593052,26.5));
#81 = DIRECTION('',(0.,-0.,1.));
#82 = DIRECTION('',(0.707106781187,0.707106781187,0.));
#83 = AXIS2_PLACEMENT_3D('',#84,#85,#86);
#84 = CARTESIAN_POINT('',(-77.78174593052,-77.78174593052,5.5));
#85 = DIRECTION('',(0.,0.,1.));
#86 = DIRECTION('',(1.,0.,0.));
#87 = AXIS2_PLACEMENT_3D('',#88,#89,#90);
#88 = CARTESIAN_POINT('',(-77.78174593052,-77.78174593052,26.5));
#89 = DIRECTION('',(0.,0.,1.));
#90 = DIRECTION('',(-0.707106781187,-0.707106781187,0.));
#91 = AXIS2_PLACEMENT_3D('',#92,#93,#94);
#92 = CARTESIAN_POINT('',(77.78174593052,-77.78174593052,5.5));
#93 = DIRECTION('',(0.,0.,1.));
#94 = DIRECTION('',(1.,0.,0.));
#95 = AXIS2_PLACEMENT_3D('',#96,#97,#98);
#96 = CARTESIAN_POINT('',(77.78174593052,-77.78174593052,26.5));
#97 = DIRECTION('',(-0.,0.,1.));
#98 = DIRECTION('',(0.707106781187,-0.707106781187,0.));
#99 = AXIS2_PLACEMENT_3D('',#100,#101,#102);
#100 = CARTESIAN_POINT('',(15.25,15.25,1.5));
#101 = DIRECTION('',(0.,0.,1.));
#102 = DIRECTION('',(1.,0.,0.));
#103 = AXIS2_PLACEMENT_3D('',#104,#105,#106);
#104 = CARTESIAN_POINT('',(-15.25,15.25,1.5));
#105 = DIRECTION('',(0.,0.,1.));
#106 = DIRECTION('',(1.,0.,0.));
#107 = AXIS2_PLACEMENT_3D('',#108,#109,#110);
#108 = CARTESIAN_POINT('',(-15.25,-15.25,1.5));
#109 = DIRECTION('',(0.,0.,1.));
#110 = DIRECTION('',(1.,0.,0.));
#111 = AXIS2_PLACEMENT_3D('',#112,#113,#114);
#112 = CARTESIAN_POINT('',(15.25,-15.25,1.5));
#113 = DIRECTION('',(0.,0.,1.));
#114 = DIRECTION('',(1.,0.,0.));
#115 = AXIS2_PLACEMENT_3D('',#116,#117,#118);
#116 = CARTESIAN_POINT('',(0.,0.,22.3));
#117 = DIRECTION('',(0.,0.,1.));
#118 = DIRECTION('',(1.,0.,0.));
#119 = AXIS2_PLACEMENT_3D('',#120,#121,#122);
#120 = CARTESIAN_POINT('',(0.,0.,23.1));
#121 = DIRECTION('',(0.,0.,1.));
#122 = DIRECTION('',(1.,0.,0.));
#123 = AXIS2_PLACEMENT_3D('',#124,#125,#126);
#124 = CARTESIAN_POINT('',(8.,8.,23.1));
#125 = DIRECTION('',(0.,0.,1.));
#126 = DIRECTION('',(1.,0.,0.));
#127 = AXIS2_PLACEMENT_3D('',#128,#129,#130);
#128 = CARTESIAN_POINT('',(-8.,8.,23.1));
#129 = DIRECTION('',(0.,0.,1.));
#130 = DIRECTION('',(1.,0.,0.));
#131 = AXIS2_PLACEMENT_3D('',#132,#133,#134);
#132 = CARTESIAN_POINT('',(0.,-13.,23.1));
#133 = DIRECTION('',(0.,0.,1.));
#134 = DIRECTION('',(1.,0.,0.));
#135 = AXIS2_PLACEMENT_3D('',#136,#137,#138);
#136 = CARTESIAN_POINT('',(0.,0.,-16.5));
#137 = DIRECTION('',(0.,0.,1.));
#138 = DIRECTION('',(1.,0.,0.));
#139 = ( GEOMETRIC_REPRESENTATION_CONTEXT(3) 
GLOBAL_UNCERTAINTY_ASSIGNED_CONTEXT((#143)) GLOBAL_UNIT_ASSIGNED_CONTEXT
((#140,#141,#142)) REPRESENTATION_CONTEXT('Context #1',
  '3D Context with UNIT and UNCERTAINTY') );
#140 = ( LENGTH_UNIT() NAMED_UNIT(*) SI_UNIT(.MILLI.,.METRE.) );
#141 = ( NAMED_UNIT(*) PLANE_ANGLE_UNIT() SI_UNIT($,.RADIAN.) );
#142 = ( NAMED_UNIT(*) SI_UNIT($,.STERADIAN.) SOLID_ANGLE_UNIT() );
#143 = UNCERTAINTY_MEASURE_WITH_UNIT(LENGTH_MEASURE(1.E-07),#140,
  'distance_accuracy_value','confusion accuracy');
#144 = PRODUCT_RELATED_PRODUCT_CATEGORY('part',$,(#7));
#145 = SHAPE_DEFINITION_REPRESENTATION(#146,#152);
#146 = PRODUCT_DEFINITION_SHAPE('','',#147);
#147 = PRODUCT_DEFINITION('design','',#148,#151);
#148 = PRODUCT_DEFINITION_FORMATION('','',#149);
#149 = PRODUCT('CenterPlate','CenterPlate','',(#150));
#150 = PRODUCT_CONTEXT('',#2,'mechanical');
#151 = PRODUCT_DEFINITION_CONTEXT('part definition',#2,'design');
#152 = ADVANCED_BREP_SHAPE_REPRESENTATION('',(#11,#153),#575);
#153 = MANIFOLD_SOLID_BREP('',#154);
#154 = CLOSED_SHELL('',(#155,#275,#351,#435,#484,#541,#548));
#155 = ADVANCED_FACE('',(#156),#170,.F.);
#156 = FACE_BOUND('',#157,.F.);
#157 = EDGE_LOOP('',(#158,#193,#221,#249));
#158 = ORIENTED_EDGE('',*,*,#159,.F.);
#159 = EDGE_CURVE('',#160,#162,#164,.T.);
#160 = VERTEX_POINT('',#161);
#161 = CARTESIAN_POINT('',(-40.,-40.,-1.5));
#162 = VERTEX_POINT('',#163);
#163 = CARTESIAN_POINT('',(-40.,-40.,1.5));
#164 = SURFACE_CURVE('',#165,(#169,#181),.PCURVE_S1.);
#165 = LINE('',#166,#167);
#166 = CARTESIAN_POINT('',(-40.,-40.,-1.5));
#167 = VECTOR('',#168,1.);
#168 = DIRECTION('',(0.,0.,1.));
#169 = PCURVE('',#170,#175);
#170 = PLANE('',#171);
#171 = AXIS2_PLACEMENT_3D('',#172,#173,#174);
#172 = CARTESIAN_POINT('',(-40.,-40.,-1.5));
#173 = DIRECTION('',(1.,0.,0.));
#174 = DIRECTION('',(0.,0.,1.));
#175 = DEFINITIONAL_REPRESENTATION('',(#176),#180);
#176 = LINE('',#177,#178);
#177 = CARTESIAN_POINT('',(0.,0.));
#178 = VECTOR('',#179,1.);
#179 = DIRECTION('',(1.,0.));
#180 = ( GEOMETRIC_REPRESENTATION_CONTEXT(2) 
PARAMETRIC_REPRESENTATION_CONTEXT() REPRESENTATION_CONTEXT('2D SPACE',''
  ) );
#181 = PCURVE('',#182,#187);
#182 = PLANE('',#183);
#183 = AXIS2_PLACEMENT_3D('',#184,#185,#186);
#184 = CARTESIAN_POINT('',(-40.,-40.,-1.5));
#185 = DIRECTION('',(0.,1.,0.));
#186 = DIRECTION('',(0.,0.,1.));
#187 = DEFINITIONAL_REPRESENTATION('',(#188),#192);
#188 = LINE('',#189,#190);
#189 = CARTESIAN_POINT('',(0.,0.));
#190 = VECTOR('',#191,1.);
#191 = DIRECTION('',(1.,0.));
#192 = ( GEOMETRIC_REPRESENTATION_CONTEXT(2) 
PARAMETRIC_REPRESENTATION_CONTEXT() REPRESENTATION_CONTEXT('2D SPACE',''
  ) );
#193 = ORIENTED_EDGE('',*,*,#194,.T.);
#194 = EDGE_CURVE('',#160,#195,#197,.T.);
#195 = VERTEX_POINT('',#196);
#196 = CARTESIAN_POINT('',(-40.,40.,-1.5));
#197 = SURFACE_CURVE('',#198,(#202,#209),.PCURVE_S1.);
#198 = LINE('',#199,#200);
#199 = CARTESIAN_POINT('',(-40.,-40.,-1.5));
#200 = VECTOR('',#201,1.);
#201 = DIRECTION('',(0.,1.,0.));
#202 = PCURVE('',#170,#203);
#203 = DEFINITIONAL_REPRESENTATION('',(#204),#208);
#204 = LINE('',#205,#206);
#205 = CARTESIAN_POINT('',(0.,0.));
#206 = VECTOR('',#207,1.);
#207 = DIRECTION('',(0.,-1.));
#208 = ( GEOMETRIC_REPRESENTATION_CONTEXT(2) 
PARAMETRIC_REPRESENTATION_CONTEXT() REPRESENTATION_CONTEXT('2D SPACE',''
  ) );
#209 = PCURVE('',#210,#215);
#210 = PLANE('',#211);
#211 = AXIS2_PLACEMENT_3D('',#212,#213,#214);
#212 = CARTESIAN_POINT('',(-40.,-40.,-1.5));
#213 = DIRECTION('',(0.,0.,1.));
#214 = DIRECTION('',(1.,0.,0.));
#215 = DEFINITIONAL_REPRESENTATION('',(#216),#220);
#216 = LINE('',#217,#218);
#217 = CARTESIAN_POINT('',(0.,0.));
#218 = VECTOR('',#219,1.);
#219 = DIRECTION('',(0.,1.));
#220 = ( GEOMETRIC_REPRESENTATION_CONTEXT(2) 
PARAMETRIC_REPRESENTATION_CONTEXT() REPRESENTATION_CONTEXT('2D SPACE',''
  ) );
#221 = ORIENTED_EDGE('',*,*,#222,.T.);
#222 = EDGE_CURVE('',#195,#223,#225,.T.);
#223 = VERTEX_POINT('',#224);
#224 = CARTESIAN_POINT('',(-40.,40.,1.5));
#225 = SURFACE_CURVE('',#226,(#230,#237),.PCURVE_S1.);
#226 = LINE('',#227,#228);
#227 = CARTESIAN_POINT('',(-40.,40.,-1.5));
#228 = VECTOR('',#229,1.);
#229 = DIRECTION('',(0.,0.,1.));
#230 = PCURVE('',#170,#231);
#231 = DEFINITIONAL_REPRESENTATION('',(#232),#236);
#232 = LINE('',#233,#234);
#233 = CARTESIAN_POINT('',(0.,-80.));
#234 = VECTOR('',#235,1.);
#235 = DIRECTION('',(1.,0.));
#236 = ( GEOMETRIC_REPRESENTATION_CONTEXT(2) 
PARAMETRIC_REPRESENTATION_CONTEXT() REPRESENTATION_CONTEXT('2D SPACE',''
  ) );
#237 = PCURVE('',#238,#243);
#238 = PLANE('',#239);
#239 = AXIS2_PLACEMENT_3D('',#240,#241,#242);
#240 = CARTESIAN_POINT('',(-40.,40.,-1.5));
#241 = DIRECTION('',(0.,1.,0.));
#242 = DIRECTION('',(0.,0.,1.));
#243 = DEFINITIONAL_REPRESENTATION('',(#244),#248);
#244 = LINE('',#245,#246);
#245 = CARTESIAN_POINT('',(0.,0.));
#246 = VECTOR('',#247,1.);
#247 = DIRECTION('',(1.,0.));
#248 = ( GEOMETRIC_REPRESENTATION_CONTEXT(2) 
PARAMETRIC_REPRESENTATION_CONTEXT() REPRESENTATION_CONTEXT('2D SPACE',''
  ) );
#249 = ORIENTED_EDGE('',*,*,#250,.F.);
#250 = EDGE_CURVE('',#162,#223,#251,.T.);
#251 = SURFACE_CURVE('',#252,(#256,#263),.PCURVE_S1.);
#252 = LINE('',#253,#254);
#253 = CARTESIAN_POINT('',(-40.,-40.,1.5));
#254 = VECTOR('',#255,1.);
#255 = DIRECTION('',(0.,1.,0.));
#256 = PCURVE('',#170,#257);
#257 = DEFINITIONAL_REPRESENTATION('',(#258),#262);
#258 = LINE('',#259,#260);
#259 = CARTESIAN_POINT('',(3.,0.));
#260 = VECTOR('',#261,1.);
#261 = DIRECTION('',(0.,-1.));
#262 = ( GEOMETRIC_REPRESENTATION_CONTEXT(2) 
PARAMETRIC_REPRESENTATION_CONTEXT() REPRESENTATION_CONTEXT('2D SPACE',''
  ) );
#263 = PCURVE('',#264,#269);
#264 = PLANE('',#265);
#265 = AXIS2_PLACEMENT_3D('',#266,#267,#268);
#266 = CARTESIAN_POINT('',(-40.,-40.,1.5));
#267 = DIRECTION('',(0.,0.,1.));
#268 = DIRECTION('',(1.,0.,0.));
#269 = DEFINITIONAL_REPRESENTATION('',(#270),#274);
#270 = LINE('',#271,#272);
#271 = CARTESIAN_POINT('',(0.,0.));
#272 = VECTOR('',#273,1.);
#273 = DIRECTION('',(0.,1.));
#274 = ( GEOMETRIC_REPRESENTATION_CONTEXT(2) 
PARAMETRIC_REPRESENTATION_CONTEXT() REPRESENTATION_CONTEXT('2D SPACE',''
  ) );
#275 = ADVANCED_FACE('',(#276),#182,.F.);
#276 = FACE_BOUND('',#277,.F.);
#277 = EDGE_LOOP('',(#278,#301,#302,#325));
#278 = ORIENTED_EDGE('',*,*,#279,.F.);
#279 = EDGE_CURVE('',#160,#280,#282,.T.);
#280 = VERTEX_POINT('',#281);
#281 = CARTESIAN_POINT('',(40.,-40.,-1.5));
#282 = SURFACE_CURVE('',#283,(#287,#294),.PCURVE_S1.);
#283 = LINE('',#284,#285);
#284 = CARTESIAN_POINT('',(-40.,-40.,-1.5));
#285 = VECTOR('',#286,1.);
#286 = DIRECTION('',(1.,0.,0.));
#287 = PCURVE('',#182,#288);
#288 = DEFINITIONAL_REPRESENTATION('',(#289),#293);
#289 = LINE('',#290,#291);
#290 = CARTESIAN_POINT('',(0.,0.));
#291 = VECTOR('',#292,1.);
#292 = DIRECTION('',(0.,1.));
#293 = ( GEOMETRIC_REPRESENTATION_CONTEXT(2) 
PARAMETRIC_REPRESENTATION_CONTEXT() REPRESENTATION_CONTEXT('2D SPACE',''
  ) );
#294 = PCURVE('',#210,#295);
#295 = DEFINITIONAL_REPRESENTATION('',(#296),#300);
#296 = LINE('',#297,#298);
#297 = CARTESIAN_POINT('',(0.,0.));
#298 = VECTOR('',#299,1.);
#299 = DIRECTION('',(1.,0.));
#300 = ( GEOMETRIC_REPRESENTATION_CONTEXT(2) 
PARAMETRIC_REPRESENTATION_CONTEXT() REPRESENTATION_CONTEXT('2D SPACE',''
  ) );
#301 = ORIENTED_EDGE('',*,*,#159,.T.);
#302 = ORIENTED_EDGE('',*,*,#303,.T.);
#303 = EDGE_CURVE('',#162,#304,#306,.T.);
#304 = VERTEX_POINT('',#305);
#305 = CARTESIAN_POINT('',(40.,-40.,1.5));
#306 = SURFACE_CURVE('',#307,(#311,#318),.PCURVE_S1.);
#307 = LINE('',#308,#309);
#308 = CARTESIAN_POINT('',(-40.,-40.,1.5));
#309 = VECTOR('',#310,1.);
#310 = DIRECTION('',(1.,0.,0.));
#311 = PCURVE('',#182,#312);
#312 = DEFINITIONAL_REPRESENTATION('',(#313),#317);
#313 = LINE('',#314,#315);
#314 = CARTESIAN_POINT('',(3.,0.));
#315 = VECTOR('',#316,1.);
#316 = DIRECTION('',(0.,1.));
#317 = ( GEOMETRIC_REPRESENTATION_CONTEXT(2) 
PARAMETRIC_REPRESENTATION_CONTEXT() REPRESENTATION_CONTEXT('2D SPACE',''
  ) );
#318 = PCURVE('',#264,#319);
#319 = DEFINITIONAL_REPRESENTATION('',(#320),#324);
#320 = LINE('',#321,#322);
#321 = CARTESIAN_POINT('',(0.,0.));
#322 = VECTOR('',#323,1.);
#323 = DIRECTION('',(1.,0.));
#324 = ( GEOMETRIC_REPRESENTATION_CONTEXT(2) 
PARAMETRIC_REPRESENTATION_CONTEXT() REPRESENTATION_CONTEXT('2D SPACE',''
  ) );
#325 = ORIENTED_EDGE('',*,*,#326,.F.);
#326 = EDGE_CURVE('',#280,#304,#327,.T.);
#327 = SURFACE_CURVE('',#328,(#332,#339),.PCURVE_S1.);
#328 = LINE('',#329,#330);
#329 = CARTESIAN_POINT('',(40.,-40.,-1.5));
#330 = VECTOR('',#331,1.);
#331 = DIRECTION('',(0.,0.,1.));
#332 = PCURVE('',#182,#333);
#333 = DEFINITIONAL_REPRESENTATION('',(#334),#338);
#334 = LINE('',#335,#336);
#335 = CARTESIAN_POINT('',(0.,80.));
#336 = VECTOR('',#337,1.);
#337 = DIRECTION('',(1.,0.));
#338 = ( GEOMETRIC_REPRESENTATION_CONTEXT(2) 
PARAMETRIC_REPRESENTATION_CONTEXT() REPRESENTATION_CONTEXT('2D SPACE',''
  ) );
#339 = PCURVE('',#340,#345);
#340 = PLANE('',#341);
#341 = AXIS2_PLACEMENT_3D('',#342,#343,#344);
#342 = CARTESIAN_POINT('',(40.,-40.,-1.5));
#343 = DIRECTION('',(1.,0.,0.));
#344 = DIRECTION('',(0.,0.,1.));
#345 = DEFINITIONAL_REPRESENTATION('',(#346),#350);
#346 = LINE('',#347,#348);
#347 = CARTESIAN_POINT('',(0.,0.));
#348 = VECTOR('',#349,1.);
#349 = DIRECTION('',(1.,0.));
#350 = ( GEOMETRIC_REPRESENTATION_CONTEXT(2) 
PARAMETRIC_REPRESENTATION_CONTEXT() REPRESENTATION_CONTEXT('2D SPACE',''
  ) );
#351 = ADVANCED_FACE('',(#352,#400),#264,.T.);
#352 = FACE_BOUND('',#353,.T.);
#353 = EDGE_LOOP('',(#354,#355,#356,#379));
#354 = ORIENTED_EDGE('',*,*,#250,.F.);
#355 = ORIENTED_EDGE('',*,*,#303,.T.);
#356 = ORIENTED_EDGE('',*,*,#357,.T.);
#357 = EDGE_CURVE('',#304,#358,#360,.T.);
#358 = VERTEX_POINT('',#359);
#359 = CARTESIAN_POINT('',(40.,40.,1.5));
#360 = SURFACE_CURVE('',#361,(#365,#372),.PCURVE_S1.);
#361 = LINE('',#362,#363);
#362 = CARTESIAN_POINT('',(40.,-40.,1.5));
#363 = VECTOR('',#364,1.);
#364 = DIRECTION('',(0.,1.,0.));
#365 = PCURVE('',#264,#366);
#366 = DEFINITIONAL_REPRESENTATION('',(#367),#371);
#367 = LINE('',#368,#369);
#368 = CARTESIAN_POINT('',(80.,0.));
#369 = VECTOR('',#370,1.);
#370 = DIRECTION('',(0.,1.));
#371 = ( GEOMETRIC_REPRESENTATION_CONTEXT(2) 
PARAMETRIC_REPRESENTATION_CONTEXT() REPRESENTATION_CONTEXT('2D SPACE',''
  ) );
#372 = PCURVE('',#340,#373);
#373 = DEFINITIONAL_REPRESENTATION('',(#374),#378);
#374 = LINE('',#375,#376);
#375 = CARTESIAN_POINT('',(3.,0.));
#376 = VECTOR('',#377,1.);
#377 = DIRECTION('',(0.,-1.));
#378 = ( GEOMETRIC_REPRESENTATION_CONTEXT(2) 
PARAMETRIC_REPRESENTATION_CONTEXT() REPRESENTATION_CONTEXT('2D SPACE',''
  ) );
#379 = ORIENTED_EDGE('',*,*,#380,.F.);
#380 = EDGE_CURVE('',#223,#358,#381,.T.);
#381 = SURFACE_CURVE('',#382,(#386,#393),.PCURVE_S1.);
#382 = LINE('',#383,#384);
#383 = CARTESIAN_POINT('',(-40.,40.,1.5));
#384 = VECTOR('',#385,1.);
#385 = DIRECTION('',(1.,0.,0.));
#386 = PCURVE('',#264,#387);
#387 = DEFINITIONAL_REPRESENTATION('',(#388),#392);
#388 = LINE('',#389,#390);
#389 = CARTESIAN_POINT('',(0.,80.));
#390 = VECTOR('',#391,1.);
#391 = DIRECTION('',(1.,0.));
#392 = ( GEOMETRIC_REPRESENTATION_CONTEXT(2) 
PARAMETRIC_REPRESENTATION_CONTEXT() REPRESENTATION_CONTEXT('2D SPACE',''
  ) );
#393 = PCURVE('',#238,#394);
#394 = DEFINITIONAL_REPRESENTATION('',(#395),#399);
#395 = LINE('',#396,#397);
#396 = CARTESIAN_POINT('',(3.,0.));
#397 = VECTOR('',#398,1.);
#398 = DIRECTION('',(0.,1.));
#399 = ( GEOMETRIC_REPRESENTATION_CONTEXT(2) 
PARAMETRIC_REPRESENTATION_CONTEXT() REPRESENTATION_CONTEXT('2D SPACE',''
  ) );
#400 = FACE_BOUND('',#401,.T.);
#401 = EDGE_LOOP('',(#402));
#402 = ORIENTED_EDGE('',*,*,#403,.T.);
#403 = EDGE_CURVE('',#404,#404,#406,.T.);
#404 = VERTEX_POINT('',#405);
#405 = CARTESIAN_POINT('',(-10.,-2.449293598295E-15,1.5));
#406 = SURFACE_CURVE('',#407,(#412,#423),.PCURVE_S1.);
#407 = CIRCLE('',#408,10.);
#408 = AXIS2_PLACEMENT_3D('',#409,#410,#411);
#409 = CARTESIAN_POINT('',(0.,0.,1.5));
#410 = DIRECTION('',(0.,0.,-1.));
#411 = DIRECTION('',(-1.,0.,0.));
#412 = PCURVE('',#264,#413);
#413 = DEFINITIONAL_REPRESENTATION('',(#414),#422);
#414 = ( BOUNDED_CURVE() B_SPLINE_CURVE(2,(#415,#416,#417,#418,#419,#420
,#421),.UNSPECIFIED.,.T.,.F.) B_SPLINE_CURVE_WITH_KNOTS((1,2,2,2,2,1),(
    -2.094395102393,0.,2.094395102393,4.188790204786,6.28318530718,
8.377580409573),.UNSPECIFIED.) CURVE() GEOMETRIC_REPRESENTATION_ITEM() 
RATIONAL_B_SPLINE_CURVE((1.,0.5,1.,0.5,1.,0.5,1.)) REPRESENTATION_ITEM(
  '') );
#415 = CARTESIAN_POINT('',(30.,40.));
#416 = CARTESIAN_POINT('',(30.,57.320508075689));
#417 = CARTESIAN_POINT('',(45.,48.660254037844));
#418 = CARTESIAN_POINT('',(60.,40.));
#419 = CARTESIAN_POINT('',(45.,31.339745962156));
#420 = CARTESIAN_POINT('',(30.,22.679491924311));
#421 = CARTESIAN_POINT('',(30.,40.));
#422 = ( GEOMETRIC_REPRESENTATION_CONTEXT(2) 
PARAMETRIC_REPRESENTATION_CONTEXT() REPRESENTATION_CONTEXT('2D SPACE',''
  ) );
#423 = PCURVE('',#424,#429);
#424 = CYLINDRICAL_SURFACE('',#425,10.);
#425 = AXIS2_PLACEMENT_3D('',#426,#427,#428);
#426 = CARTESIAN_POINT('',(0.,0.,1.5));
#427 = DIRECTION('',(0.,0.,-1.));
#428 = DIRECTION('',(-1.,0.,0.));
#429 = DEFINITIONAL_REPRESENTATION('',(#430),#434);
#430 = LINE('',#431,#432);
#431 = CARTESIAN_POINT('',(0.,0.));
#432 = VECTOR('',#433,1.);
#433 = DIRECTION('',(1.,0.));
#434 = ( GEOMETRIC_REPRESENTATION_CONTEXT(2) 
PARAMETRIC_REPRESENTATION_CONTEXT() REPRESENTATION_CONTEXT('2D SPACE',''
  ) );
#435 = ADVANCED_FACE('',(#436),#238,.T.);
#436 = FACE_BOUND('',#437,.T.);
#437 = EDGE_LOOP('',(#438,#461,#462,#463));
#438 = ORIENTED_EDGE('',*,*,#439,.F.);
#439 = EDGE_CURVE('',#195,#440,#442,.T.);
#440 = VERTEX_POINT('',#441);
#441 = CARTESIAN_POINT('',(40.,40.,-1.5));
#442 = SURFACE_CURVE('',#443,(#447,#454),.PCURVE_S1.);
#443 = LINE('',#444,#445);
#444 = CARTESIAN_POINT('',(-40.,40.,-1.5));
#445 = VECTOR('',#446,1.);
#446 = DIRECTION('',(1.,0.,0.));
#447 = PCURVE('',#238,#448);
#448 = DEFINITIONAL_REPRESENTATION('',(#449),#453);
#449 = LINE('',#450,#451);
#450 = CARTESIAN_POINT('',(0.,0.));
#451 = VECTOR('',#452,1.);
#452 = DIRECTION('',(0.,1.));
#453 = ( GEOMETRIC_REPRESENTATION_CONTEXT(2) 
PARAMETRIC_REPRESENTATION_CONTEXT() REPRESENTATION_CONTEXT('2D SPACE',''
  ) );
#454 = PCURVE('',#210,#455);
#455 = DEFINITIONAL_REPRESENTATION('',(#456),#460);
#456 = LINE('',#457,#458);
#457 = CARTESIAN_POINT('',(0.,80.));
#458 = VECTOR('',#459,1.);
#459 = DIRECTION('',(1.,0.));
#460 = ( GEOMETRIC_REPRESENTATION_CONTEXT(2) 
PARAMETRIC_REPRESENTATION_CONTEXT() REPRESENTATION_CONTEXT('2D SPACE',''
  ) );
#461 = ORIENTED_EDGE('',*,*,#222,.T.);
#462 = ORIENTED_EDGE('',*,*,#380,.T.);
#463 = ORIENTED_EDGE('',*,*,#464,.F.);
#464 = EDGE_CURVE('',#440,#358,#465,.T.);
#465 = SURFACE_CURVE('',#466,(#470,#477),.PCURVE_S1.);
#466 = LINE('',#467,#468);
#467 = CARTESIAN_POINT('',(40.,40.,-1.5));
#468 = VECTOR('',#469,1.);
#469 = DIRECTION('',(0.,0.,1.));
#470 = PCURVE('',#238,#471);
#471 = DEFINITIONAL_REPRESENTATION('',(#472),#476);
#472 = LINE('',#473,#474);
#473 = CARTESIAN_POINT('',(0.,80.));
#474 = VECTOR('',#475,1.);
#475 = DIRECTION('',(1.,0.));
#476 = ( GEOMETRIC_REPRESENTATION_CONTEXT(2) 
PARAMETRIC_REPRESENTATION_CONTEXT() REPRESENTATION_CONTEXT('2D SPACE',''
  ) );
#477 = PCURVE('',#340,#478);
#478 = DEFINITIONAL_REPRESENTATION('',(#479),#483);
#479 = LINE('',#480,#481);
#480 = CARTESIAN_POINT('',(0.,-80.));
#481 = VECTOR('',#482,1.);
#482 = DIRECTION('',(1.,0.));
#483 = ( GEOMETRIC_REPRESENTATION_CONTEXT(2) 
PARAMETRIC_REPRESENTATION_CONTEXT() REPRESENTATION_CONTEXT('2D SPACE',''
  ) );
#484 = ADVANCED_FACE('',(#485,#511),#210,.F.);
#485 = FACE_BOUND('',#486,.F.);
#486 = EDGE_LOOP('',(#487,#488,#489,#510));
#487 = ORIENTED_EDGE('',*,*,#194,.F.);
#488 = ORIENTED_EDGE('',*,*,#279,.T.);
#489 = ORIENTED_EDGE('',*,*,#490,.T.);
#490 = EDGE_CURVE('',#280,#440,#491,.T.);
#491 = SURFACE_CURVE('',#492,(#496,#503),.PCURVE_S1.);
#492 = LINE('',#493,#494);
#493 = CARTESIAN_POINT('',(40.,-40.,-1.5));
#494 = VECTOR('',#495,1.);
#495 = DIRECTION('',(0.,1.,0.));
#496 = PCURVE('',#210,#497);
#497 = DEFINITIONAL_REPRESENTATION('',(#498),#502);
#498 = LINE('',#499,#500);
#499 = CARTESIAN_POINT('',(80.,0.));
#500 = VECTOR('',#501,1.);
#501 = DIRECTION('',(0.,1.));
#502 = ( GEOMETRIC_REPRESENTATION_CONTEXT(2) 
PARAMETRIC_REPRESENTATION_CONTEXT() REPRESENTATION_CONTEXT('2D SPACE',''
  ) );
#503 = PCURVE('',#340,#504);
#504 = DEFINITIONAL_REPRESENTATION('',(#505),#509);
#505 = LINE('',#506,#507);
#506 = CARTESIAN_POINT('',(0.,0.));
#507 = VECTOR('',#508,1.);
#508 = DIRECTION('',(0.,-1.));
#509 = ( GEOMETRIC_REPRESENTATION_CONTEXT(2) 
PARAMETRIC_REPRESENTATION_CONTEXT() REPRESENTATION_CONTEXT('2D SPACE',''
  ) );
#510 = ORIENTED_EDGE('',*,*,#439,.F.);
#511 = FACE_BOUND('',#512,.F.);
#512 = EDGE_LOOP('',(#513));
#513 = ORIENTED_EDGE('',*,*,#514,.T.);
#514 = EDGE_CURVE('',#515,#515,#517,.T.);
#515 = VERTEX_POINT('',#516);
#516 = CARTESIAN_POINT('',(-10.,-2.449293598295E-15,-1.5));
#517 = SURFACE_CURVE('',#518,(#523,#534),.PCURVE_S1.);
#518 = CIRCLE('',#519,10.);
#519 = AXIS2_PLACEMENT_3D('',#520,#521,#522);
#520 = CARTESIAN_POINT('',(0.,0.,-1.5));
#521 = DIRECTION('',(0.,0.,-1.));
#522 = DIRECTION('',(-1.,0.,0.));
#523 = PCURVE('',#210,#524);
#524 = DEFINITIONAL_REPRESENTATION('',(#525),#533);
#525 = ( BOUNDED_CURVE() B_SPLINE_CURVE(2,(#526,#527,#528,#529,#530,#531
,#532),.UNSPECIFIED.,.T.,.F.) B_SPLINE_CURVE_WITH_KNOTS((1,2,2,2,2,1),(
    -2.094395102393,0.,2.094395102393,4.188790204786,6.28318530718,
8.377580409573),.UNSPECIFIED.) CURVE() GEOMETRIC_REPRESENTATION_ITEM() 
RATIONAL_B_SPLINE_CURVE((1.,0.5,1.,0.5,1.,0.5,1.)) REPRESENTATION_ITEM(
  '') );
#526 = CARTESIAN_POINT('',(30.,40.));
#527 = CARTESIAN_POINT('',(30.,57.320508075689));
#528 = CARTESIAN_POINT('',(45.,48.660254037844));
#529 = CARTESIAN_POINT('',(60.,40.));
#530 = CARTESIAN_POINT('',(45.,31.339745962156));
#531 = CARTESIAN_POINT('',(30.,22.679491924311));
#532 = CARTESIAN_POINT('',(30.,40.));
#533 = ( GEOMETRIC_REPRESENTATION_CONTEXT(2) 
PARAMETRIC_REPRESENTATION_CONTEXT() REPRESENTATION_CONTEXT('2D SPACE',''
  ) );
#534 = PCURVE('',#424,#535);
#535 = DEFINITIONAL_REPRESENTATION('',(#536),#540);
#536 = LINE('',#537,#538);
#537 = CARTESIAN_POINT('',(0.,3.));
#538 = VECTOR('',#539,1.);
#539 = DIRECTION('',(1.,0.));
#540 = ( GEOMETRIC_REPRESENTATION_CONTEXT(2) 
PARAMETRIC_REPRESENTATION_CONTEXT() REPRESENTATION_CONTEXT('2D SPACE',''
  ) );
#541 = ADVANCED_FACE('',(#542),#340,.T.);
#542 = FACE_BOUND('',#543,.T.);
#543 = EDGE_LOOP('',(#544,#545,#546,#547));
#544 = ORIENTED_EDGE('',*,*,#326,.F.);
#545 = ORIENTED_EDGE('',*,*,#490,.T.);
#546 = ORIENTED_EDGE('',*,*,#464,.T.);
#547 = ORIENTED_EDGE('',*,*,#357,.F.);
#548 = ADVANCED_FACE('',(#549),#424,.F.);
#549 = FACE_BOUND('',#550,.F.);
#550 = EDGE_LOOP('',(#551,#552,#573,#574));
#551 = ORIENTED_EDGE('',*,*,#514,.F.);
#552 = ORIENTED_EDGE('',*,*,#553,.F.);
#553 = EDGE_CURVE('',#404,#515,#554,.T.);
#554 = SEAM_CURVE('',#555,(#559,#566),.PCURVE_S1.);
#555 = LINE('',#556,#557);
#556 = CARTESIAN_POINT('',(-10.,-2.449293598295E-15,1.5));
#557 = VECTOR('',#558,1.);
#558 = DIRECTION('',(0.,0.,-1.));
#559 = PCURVE('',#424,#560);
#560 = DEFINITIONAL_REPRESENTATION('',(#561),#565);
#561 = LINE('',#562,#563);
#562 = CARTESIAN_POINT('',(6.28318530718,-0.));
#563 = VECTOR('',#564,1.);
#564 = DIRECTION('',(0.,1.));
#565 = ( GEOMETRIC_REPRESENTATION_CONTEXT(2) 
PARAMETRIC_REPRESENTATION_CONTEXT() REPRESENTATION_CONTEXT('2D SPACE',''
  ) );
#566 = PCURVE('',#424,#567);
#567 = DEFINITIONAL_REPRESENTATION('',(#568),#572);
#568 = LINE('',#569,#570);
#569 = CARTESIAN_POINT('',(0.,-0.));
#570 = VECTOR('',#571,1.);
#571 = DIRECTION('',(0.,1.));
#572 = ( GEOMETRIC_REPRESENTATION_CONTEXT(2) 
PARAMETRIC_REPRESENTATION_CONTEXT() REPRESENTATION_CONTEXT('2D SPACE',''
  ) );
#573 = ORIENTED_EDGE('',*,*,#403,.T.);
#574 = ORIENTED_EDGE('',*,*,#553,.T.);
#575 = ( GEOMETRIC_REPRESENTATION_CONTEXT(3) 
GLOBAL_UNCERTAINTY_ASSIGNED_CONTEXT((#579)) GLOBAL_UNIT_ASSIGNED_CONTEXT
((#576,#577,#578)) REPRESENTATION_CONTEXT('Context #1',
  '3D Context with UNIT and UNCERTAINTY') );
#576 = ( LENGTH_UNIT() NAMED_UNIT(*) SI_UNIT(.MILLI.,.METRE.) );
#577 = ( NAMED_UNIT(*) PLANE_ANGLE_UNIT() SI_UNIT($,.RADIAN.) );
#578 = ( NAMED_UNIT(*) SI_UNIT($,.STERADIAN.) SOLID_ANGLE_UNIT() );
#579 = UNCERTAINTY_MEASURE_WITH_UNIT(LENGTH_MEASURE(1.E-07),#576,
  'distance_accuracy_value','confusion accuracy');
#580 = CONTEXT_DEPENDENT_SHAPE_REPRESENTATION(#581,#583);
#581 = ( REPRESENTATION_RELATIONSHIP('','',#152,#10) 
REPRESENTATION_RELATIONSHIP_WITH_TRANSFORMATION(#582) 
SHAPE_REPRESENTATION_RELATIONSHIP() );
#582 = ITEM_DEFINED_TRANSFORMATION('','',#11,#15);
#583 = PRODUCT_DEFINITION_SHAPE('Placement','Placement of an item',#584
  );
#584 = NEXT_ASSEMBLY_USAGE_OCCURRENCE('36','CenterPlate','',#5,#147,$);
#585 = PRODUCT_RELATED_PRODUCT_CATEGORY('part',$,(#149));
#586 = SHAPE_DEFINITION_REPRESENTATION(#587,#593);
#587 = PRODUCT_DEFINITION_SHAPE('','',#588);
#588 = PRODUCT_DEFINITION('design','',#589,#592);
#589 = PRODUCT_DEFINITION_FORMATION('','',#590);
#590 = PRODUCT('Arm','Arm','',(#591));
#591 = PRODUCT_CONTEXT('',#2,'mechanical');
#592 = PRODUCT_DEFINITION_CONTEXT('part definition',#2,'design');
#593 = ADVANCED_BREP_SHAPE_REPRESENTATION('',(#11,#594),#924);
#594 = MANIFOLD_SOLID_BREP('',#595);
#595 = CLOSED_SHELL('',(#596,#716,#816,#863,#910,#917));
#596 = ADVANCED_FACE('',(#597),#611,.F.);
#597 = FACE_BOUND('',#598,.F.);
#598 = EDGE_LOOP('',(#599,#634,#662,#690));
#599 = ORIENTED_EDGE('',*,*,#600,.F.);
#600 = EDGE_CURVE('',#601,#603,#605,.T.);
#601 = VERTEX_POINT('',#602);
#602 = CARTESIAN_POINT('',(0.,-8.,-2.));
#603 = VERTEX_POINT('',#604);
#604 = CARTESIAN_POINT('',(0.,-8.,2.));
#605 = SURFACE_CURVE('',#606,(#610,#622),.PCURVE_S1.);
#606 = LINE('',#607,#608);
#607 = CARTESIAN_POINT('',(0.,-8.,-2.));
#608 = VECTOR('',#609,1.);
#609 = DIRECTION('',(0.,0.,1.));
#610 = PCURVE('',#611,#616);
#611 = PLANE('',#612);
#612 = AXIS2_PLACEMENT_3D('',#613,#614,#615);
#613 = CARTESIAN_POINT('',(0.,-8.,-2.));
#614 = DIRECTION('',(1.,0.,0.));
#615 = DIRECTION('',(0.,0.,1.));
#616 = DEFINITIONAL_REPRESENTATION('',(#617),#621);
#617 = LINE('',#618,#619);
#618 = CARTESIAN_POINT('',(0.,0.));
#619 = VECTOR('',#620,1.);
#620 = DIRECTION('',(1.,0.));
#621 = ( GEOMETRIC_REPRESENTATION_CONTEXT(2) 
PARAMETRIC_REPRESENTATION_CONTEXT() REPRESENTATION_CONTEXT('2D SPACE',''
  ) );
#622 = PCURVE('',#623,#628);
#623 = PLANE('',#624);
#624 = AXIS2_PLACEMENT_3D('',#625,#626,#627);
#625 = CARTESIAN_POINT('',(0.,-8.,-2.));
#626 = DIRECTION('',(0.,1.,0.));
#627 = DIRECTION('',(0.,0.,1.));
#628 = DEFINITIONAL_REPRESENTATION('',(#629),#633);
#629 = LINE('',#630,#631);
#630 = CARTESIAN_POINT('',(0.,0.));
#631 = VECTOR('',#632,1.);
#632 = DIRECTION('',(1.,0.));
#633 = ( GEOMETRIC_REPRESENTATION_CONTEXT(2) 
PARAMETRIC_REPRESENTATION_CONTEXT() REPRESENTATION_CONTEXT('2D SPACE',''
  ) );
#634 = ORIENTED_EDGE('',*,*,#635,.T.);
#635 = EDGE_CURVE('',#601,#636,#638,.T.);
#636 = VERTEX_POINT('',#637);
#637 = CARTESIAN_POINT('',(0.,8.,-2.));
#638 = SURFACE_CURVE('',#639,(#643,#650),.PCURVE_S1.);
#639 = LINE('',#640,#641);
#640 = CARTESIAN_POINT('',(0.,-8.,-2.));
#641 = VECTOR('',#642,1.);
#642 = DIRECTION('',(0.,1.,0.));
#643 = PCURVE('',#611,#644);
#644 = DEFINITIONAL_REPRESENTATION('',(#645),#649);
#645 = LINE('',#646,#647);
#646 = CARTESIAN_POINT('',(0.,0.));
#647 = VECTOR('',#648,1.);
#648 = DIRECTION('',(0.,-1.));
#649 = ( GEOMETRIC_REPRESENTATION_CONTEXT(2) 
PARAMETRIC_REPRESENTATION_CONTEXT() REPRESENTATION_CONTEXT('2D SPACE',''
  ) );
#650 = PCURVE('',#651,#656);
#651 = PLANE('',#652);
#652 = AXIS2_PLACEMENT_3D('',#653,#654,#655);
#653 = CARTESIAN_POINT('',(0.,-8.,-2.));
#654 = DIRECTION('',(0.,0.,1.));
#655 = DIRECTION('',(1.,0.,0.));
#656 = DEFINITIONAL_REPRESENTATION('',(#657),#661);
#657 = LINE('',#658,#659);
#658 = CARTESIAN_POINT('',(0.,0.));
#659 = VECTOR('',#660,1.);
#660 = DIRECTION('',(0.,1.));
#661 = ( GEOMETRIC_REPRESENTATION_CONTEXT(2) 
PARAMETRIC_REPRESENTATION_CONTEXT() REPRESENTATION_CONTEXT('2D SPACE',''
  ) );
#662 = ORIENTED_EDGE('',*,*,#663,.T.);
#663 = EDGE_CURVE('',#636,#664,#666,.T.);
#664 = VERTEX_POINT('',#665);
#665 = CARTESIAN_POINT('',(0.,8.,2.));
#666 = SURFACE_CURVE('',#667,(#671,#678),.PCURVE_S1.);
#667 = LINE('',#668,#669);
#668 = CARTESIAN_POINT('',(0.,8.,-2.));
#669 = VECTOR('',#670,1.);
#670 = DIRECTION('',(0.,0.,1.));
#671 = PCURVE('',#611,#672);
#672 = DEFINITIONAL_REPRESENTATION('',(#673),#677);
#673 = LINE('',#674,#675);
#674 = CARTESIAN_POINT('',(0.,-16.));
#675 = VECTOR('',#676,1.);
#676 = DIRECTION('',(1.,0.));
#677 = ( GEOMETRIC_REPRESENTATION_CONTEXT(2) 
PARAMETRIC_REPRESENTATION_CONTEXT() REPRESENTATION_CONTEXT('2D SPACE',''
  ) );
#678 = PCURVE('',#679,#684);
#679 = PLANE('',#680);
#680 = AXIS2_PLACEMENT_3D('',#681,#682,#683);
#681 = CARTESIAN_POINT('',(0.,8.,-2.));
#682 = DIRECTION('',(0.,1.,0.));
#683 = DIRECTION('',(0.,0.,1.));
#684 = DEFINITIONAL_REPRESENTATION('',(#685),#689);
#685 = LINE('',#686,#687);
#686 = CARTESIAN_POINT('',(0.,0.));
#687 = VECTOR('',#688,1.);
#688 = DIRECTION('',(1.,0.));
#689 = ( GEOMETRIC_REPRESENTATION_CONTEXT(2) 
PARAMETRIC_REPRESENTATION_CONTEXT() REPRESENTATION_CONTEXT('2D SPACE',''
  ) );
#690 = ORIENTED_EDGE('',*,*,#691,.F.);
#691 = EDGE_CURVE('',#603,#664,#692,.T.);
#692 = SURFACE_CURVE('',#693,(#697,#704),.PCURVE_S1.);
#693 = LINE('',#694,#695);
#694 = CARTESIAN_POINT('',(0.,-8.,2.));
#695 = VECTOR('',#696,1.);
#696 = DIRECTION('',(0.,1.,0.));
#697 = PCURVE('',#611,#698);
#698 = DEFINITIONAL_REPRESENTATION('',(#699),#703);
#699 = LINE('',#700,#701);
#700 = CARTESIAN_POINT('',(4.,0.));
#701 = VECTOR('',#702,1.);
#702 = DIRECTION('',(0.,-1.));
#703 = ( GEOMETRIC_REPRESENTATION_CONTEXT(2) 
PARAMETRIC_REPRESENTATION_CONTEXT() REPRESENTATION_CONTEXT('2D SPACE',''
  ) );
#704 = PCURVE('',#705,#710);
#705 = PLANE('',#706);
#706 = AXIS2_PLACEMENT_3D('',#707,#708,#709);
#707 = CARTESIAN_POINT('',(0.,-8.,2.));
#708 = DIRECTION('',(0.,0.,1.));
#709 = DIRECTION('',(1.,0.,0.));
#710 = DEFINITIONAL_REPRESENTATION('',(#711),#715);
#711 = LINE('',#712,#713);
#712 = CARTESIAN_POINT('',(0.,0.));
#713 = VECTOR('',#714,1.);
#714 = DIRECTION('',(0.,1.));
#715 = ( GEOMETRIC_REPRESENTATION_CONTEXT(2) 
PARAMETRIC_REPRESENTATION_CONTEXT() REPRESENTATION_CONTEXT('2D SPACE',''
  ) );
#716 = ADVANCED_FACE('',(#717),#731,.T.);
#717 = FACE_BOUND('',#718,.T.);
#718 = EDGE_LOOP('',(#719,#749,#772,#795));
#719 = ORIENTED_EDGE('',*,*,#720,.F.);
#720 = EDGE_CURVE('',#721,#723,#725,.T.);
#721 = VERTEX_POINT('',#722);
#722 = CARTESIAN_POINT('',(100.,-8.,-2.));
#723 = VERTEX_POINT('',#724);
#724 = CARTESIAN_POINT('',(100.,-8.,2.));
#725 = SURFACE_CURVE('',#726,(#730,#742),.PCURVE_S1.);
#726 = LINE('',#727,#728);
#727 = CARTESIAN_POINT('',(100.,-8.,-2.));
#728 = VECTOR('',#729,1.);
#729 = DIRECTION('',(0.,0.,1.));
#730 = PCURVE('',#731,#736);
#731 = PLANE('',#732);
#732 = AXIS2_PLACEMENT_3D('',#733,#734,#735);
#733 = CARTESIAN_POINT('',(100.,-8.,-2.));
#734 = DIRECTION('',(1.,0.,0.));
#735 = DIRECTION('',(0.,0.,1.));
#736 = DEFINITIONAL_REPRESENTATION('',(#737),#741);
#737 = LINE('',#738,#739);
#738 = CARTESIAN_POINT('',(0.,0.));
#739 = VECTOR('',#740,1.);
#740 = DIRECTION('',(1.,0.));
#741 = ( GEOMETRIC_REPRESENTATION_CONTEXT(2) 
PARAMETRIC_REPRESENTATION_CONTEXT() REPRESENTATION_CONTEXT('2D SPACE',''
  ) );
#742 = PCURVE('',#623,#743);
#743 = DEFINITIONAL_REPRESENTATION('',(#744),#748);
#744 = LINE('',#745,#746);
#745 = CARTESIAN_POINT('',(0.,100.));
#746 = VECTOR('',#747,1.);
#747 = DIRECTION('',(1.,0.));
#748 = ( GEOMETRIC_REPRESENTATION_CONTEXT(2) 
PARAMETRIC_REPRESENTATION_CONTEXT() REPRESENTATION_CONTEXT('2D SPACE',''
  ) );
#749 = ORIENTED_EDGE('',*,*,#750,.T.);
#750 = EDGE_CURVE('',#721,#751,#753,.T.);
#751 = VERTEX_POINT('',#752);
#752 = CARTESIAN_POINT('',(100.,8.,-2.));
#753 = SURFACE_CURVE('',#754,(#758,#765),.PCURVE_S1.);
#754 = LINE('',#755,#756);
#755 = CARTESIAN_POINT('',(100.,-8.,-2.));
#756 = VECTOR('',#757,1.);
#757 = DIRECTION('',(0.,1.,0.));
#758 = PCURVE('',#731,#759);
#759 = DEFINITIONAL_REPRESENTATION('',(#760),#764);
#760 = LINE('',#761,#762);
#761 = CARTESIAN_POINT('',(0.,0.));
#762 = VECTOR('',#763,1.);
#763 = DIRECTION('',(0.,-1.));
#764 = ( GEOMETRIC_REPRESENTATION_CONTEXT(2) 
PARAMETRIC_REPRESENTATION_CONTEXT() REPRESENTATION_CONTEXT('2D SPACE',''
  ) );
#765 = PCURVE('',#651,#766);
#766 = DEFINITIONAL_REPRESENTATION('',(#767),#771);
#767 = LINE('',#768,#769);
#768 = CARTESIAN_POINT('',(100.,0.));
#769 = VECTOR('',#770,1.);
#770 = DIRECTION('',(0.,1.));
#771 = ( GEOMETRIC_REPRESENTATION_CONTEXT(2) 
PARAMETRIC_REPRESENTATION_CONTEXT() REPRESENTATION_CONTEXT('2D SPACE',''
  ) );
#772 = ORIENTED_EDGE('',*,*,#773,.T.);
#773 = EDGE_CURVE('',#751,#774,#776,.T.);
#774 = VERTEX_POINT('',#775);
#775 = CARTESIAN_POINT('',(100.,8.,2.));
#776 = SURFACE_CURVE('',#777,(#781,#788),.PCURVE_S1.);
#777 = LINE('',#778,#779);
#778 = CARTESIAN_POINT('',(100.,8.,-2.));
#779 = VECTOR('',#780,1.);
#780 = DIRECTION('',(0.,0.,1.));
#781 = PCURVE('',#731,#782);
#782 = DEFINITIONAL_REPRESENTATION('',(#783),#787);
#783 = LINE('',#784,#785);
#784 = CARTESIAN_POINT('',(0.,-16.));
#785 = VECTOR('',#786,1.);
#786 = DIRECTION('',(1.,0.));
#787 = ( GEOMETRIC_REPRESENTATION_CONTEXT(2) 
PARAMETRIC_REPRESENTATION_CONTEXT() REPRESENTATION_CONTEXT('2D SPACE',''
  ) );
#788 = PCURVE('',#679,#789);
#789 = DEFINITIONAL_REPRESENTATION('',(#790),#794);
#790 = LINE('',#791,#792);
#791 = CARTESIAN_POINT('',(0.,100.));
#792 = VECTOR('',#793,1.);
#793 = DIRECTION('',(1.,0.));
#794 = ( GEOMETRIC_REPRESENTATION_CONTEXT(2) 
PARAMETRIC_REPRESENTATION_CONTEXT() REPRESENTATION_CONTEXT('2D SPACE',''
  ) );
#795 = ORIENTED_EDGE('',*,*,#796,.F.);
#796 = EDGE_CURVE('',#723,#774,#797,.T.);
#797 = SURFACE_CURVE('',#798,(#802,#809),.PCURVE_S1.);
#798 = LINE('',#799,#800);
#799 = CARTESIAN_POINT('',(100.,-8.,2.));
#800 = VECTOR('',#801,1.);
#801 = DIRECTION('',(0.,1.,0.));
#802 = PCURVE('',#731,#803);
#803 = DEFINITIONAL_REPRESENTATION('',(#804),#808);
#804 = LINE('',#805,#806);
#805 = CARTESIAN_POINT('',(4.,0.));
#806 = VECTOR('',#807,1.);
#807 = DIRECTION('',(0.,-1.));
#808 = ( GEOMETRIC_REPRESENTATION_CONTEXT(2) 
PARAMETRIC_REPRESENTATION_CONTEXT() REPRESENTATION_CONTEXT('2D SPACE',''
  ) );
#809 = PCURVE('',#705,#810);
#810 = DEFINITIONAL_REPRESENTATION('',(#811),#815);
#811 = LINE('',#812,#813);
#812 = CARTESIAN_POINT('',(100.,0.));
#813 = VECTOR('',#814,1.);
#814 = DIRECTION('',(0.,1.));
#815 = ( GEOMETRIC_REPRESENTATION_CONTEXT(2) 
PARAMETRIC_REPRESENTATION_CONTEXT() REPRESENTATION_CONTEXT('2D SPACE',''
  ) );
#816 = ADVANCED_FACE('',(#817),#623,.F.);
#817 = FACE_BOUND('',#818,.F.);
#818 = EDGE_LOOP('',(#819,#840,#841,#862));
#819 = ORIENTED_EDGE('',*,*,#820,.F.);
#820 = EDGE_CURVE('',#601,#721,#821,.T.);
#821 = SURFACE_CURVE('',#822,(#826,#833),.PCURVE_S1.);
#822 = LINE('',#823,#824);
#823 = CARTESIAN_POINT('',(0.,-8.,-2.));
#824 = VECTOR('',#825,1.);
#825 = DIRECTION('',(1.,0.,0.));
#826 = PCURVE('',#623,#827);
#827 = DEFINITIONAL_REPRESENTATION('',(#828),#832);
#828 = LINE('',#829,#830);
#829 = CARTESIAN_POINT('',(0.,0.));
#830 = VECTOR('',#831,1.);
#831 = DIRECTION('',(0.,1.));
#832 = ( GEOMETRIC_REPRESENTATION_CONTEXT(2) 
PARAMETRIC_REPRESENTATION_CONTEXT() REPRESENTATION_CONTEXT('2D SPACE',''
  ) );
#833 = PCURVE('',#651,#834);
#834 = DEFINITIONAL_REPRESENTATION('',(#835),#839);
#835 = LINE('',#836,#837);
#836 = CARTESIAN_POINT('',(0.,0.));
#837 = VECTOR('',#838,1.);
#838 = DIRECTION('',(1.,0.));
#839 = ( GEOMETRIC_REPRESENTATION_CONTEXT(2) 
PARAMETRIC_REPRESENTATION_CONTEXT() REPRESENTATION_CONTEXT('2D SPACE',''
  ) );
#840 = ORIENTED_EDGE('',*,*,#600,.T.);
#841 = ORIENTED_EDGE('',*,*,#842,.T.);
#842 = EDGE_CURVE('',#603,#723,#843,.T.);
#843 = SURFACE_CURVE('',#844,(#848,#855),.PCURVE_S1.);
#844 = LINE('',#845,#846);
#845 = CARTESIAN_POINT('',(0.,-8.,2.));
#846 = VECTOR('',#847,1.);
#847 = DIRECTION('',(1.,0.,0.));
#848 = PCURVE('',#623,#849);
#849 = DEFINITIONAL_REPRESENTATION('',(#850),#854);
#850 = LINE('',#851,#852);
#851 = CARTESIAN_POINT('',(4.,0.));
#852 = VECTOR('',#853,1.);
#853 = DIRECTION('',(0.,1.));
#854 = ( GEOMETRIC_REPRESENTATION_CONTEXT(2) 
PARAMETRIC_REPRESENTATION_CONTEXT() REPRESENTATION_CONTEXT('2D SPACE',''
  ) );
#855 = PCURVE('',#705,#856);
#856 = DEFINITIONAL_REPRESENTATION('',(#857),#861);
#857 = LINE('',#858,#859);
#858 = CARTESIAN_POINT('',(0.,0.));
#859 = VECTOR('',#860,1.);
#860 = DIRECTION('',(1.,0.));
#861 = ( GEOMETRIC_REPRESENTATION_CONTEXT(2) 
PARAMETRIC_REPRESENTATION_CONTEXT() REPRESENTATION_CONTEXT('2D SPACE',''
  ) );
#862 = ORIENTED_EDGE('',*,*,#720,.F.);
#863 = ADVANCED_FACE('',(#864),#679,.T.);
#864 = FACE_BOUND('',#865,.T.);
#865 = EDGE_LOOP('',(#866,#887,#888,#909));
#866 = ORIENTED_EDGE('',*,*,#867,.F.);
#867 = EDGE_CURVE('',#636,#751,#868,.T.);
#868 = SURFACE_CURVE('',#869,(#873,#880),.PCURVE_S1.);
#869 = LINE('',#870,#871);
#870 = CARTESIAN_POINT('',(0.,8.,-2.));
#871 = VECTOR('',#872,1.);
#872 = DIRECTION('',(1.,0.,0.));
#873 = PCURVE('',#679,#874);
#874 = DEFINITIONAL_REPRESENTATION('',(#875),#879);
#875 = LINE('',#876,#877);
#876 = CARTESIAN_POINT('',(0.,0.));
#877 = VECTOR('',#878,1.);
#878 = DIRECTION('',(0.,1.));
#879 = ( GEOMETRIC_REPRESENTATION_CONTEXT(2) 
PARAMETRIC_REPRESENTATION_CONTEXT() REPRESENTATION_CONTEXT('2D SPACE',''
  ) );
#880 = PCURVE('',#651,#881);
#881 = DEFINITIONAL_REPRESENTATION('',(#882),#886);
#882 = LINE('',#883,#884);
#883 = CARTESIAN_POINT('',(0.,16.));
#884 = VECTOR('',#885,1.);
#885 = DIRECTION('',(1.,0.));
#886 = ( GEOMETRIC_REPRESENTATION_CONTEXT(2) 
PARAMETRIC_REPRESENTATION_CONTEXT() REPRESENTATION_CONTEXT('2D SPACE',''
  ) );
#887 = ORIENTED_EDGE('',*,*,#663,.T.);
#888 = ORIENTED_EDGE('',*,*,#889,.T.);
#889 = EDGE_CURVE('',#664,#774,#890,.T.);
#890 = SURFACE_CURVE('',#891,(#895,#902),.PCURVE_S1.);
#891 = LINE('',#892,#893);
#892 = CARTESIAN_POINT('',(0.,8.,2.));
#893 = VECTOR('',#894,1.);
#894 = DIRECTION('',(1.,0.,0.));
#895 = PCURVE('',#679,#896);
#896 = DEFINITIONAL_REPRESENTATION('',(#897),#901);
#897 = LINE('',#898,#899);
#898 = CARTESIAN_POINT('',(4.,0.));
#899 = VECTOR('',#900,1.);
#900 = DIRECTION('',(0.,1.));
#901 = ( GEOMETRIC_REPRESENTATION_CONTEXT(2) 
PARAMETRIC_REPRESENTATION_CONTEXT() REPRESENTATION_CONTEXT('2D SPACE',''
  ) );
#902 = PCURVE('',#705,#903);
#903 = DEFINITIONAL_REPRESENTATION('',(#904),#908);
#904 = LINE('',#905,#906);
#905 = CARTESIAN_POINT('',(0.,16.));
#906 = VECTOR('',#907,1.);
#907 = DIRECTION('',(1.,0.));
#908 = ( GEOMETRIC_REPRESENTATION_CONTEXT(2) 
PARAMETRIC_REPRESENTATION_CONTEXT() REPRESENTATION_CONTEXT('2D SPACE',''
  ) );
#909 = ORIENTED_EDGE('',*,*,#773,.F.);
#910 = ADVANCED_FACE('',(#911),#651,.F.);
#911 = FACE_BOUND('',#912,.F.);
#912 = EDGE_LOOP('',(#913,#914,#915,#916));
#913 = ORIENTED_EDGE('',*,*,#635,.F.);
#914 = ORIENTED_EDGE('',*,*,#820,.T.);
#915 = ORIENTED_EDGE('',*,*,#750,.T.);
#916 = ORIENTED_EDGE('',*,*,#867,.F.);
#917 = ADVANCED_FACE('',(#918),#705,.T.);
#918 = FACE_BOUND('',#919,.T.);
#919 = EDGE_LOOP('',(#920,#921,#922,#923));
#920 = ORIENTED_EDGE('',*,*,#691,.F.);
#921 = ORIENTED_EDGE('',*,*,#842,.T.);
#922 = ORIENTED_EDGE('',*,*,#796,.T.);
#923 = ORIENTED_EDGE('',*,*,#889,.F.);
#924 = ( GEOMETRIC_REPRESENTATION_CONTEXT(3) 
GLOBAL_UNCERTAINTY_ASSIGNED_CONTEXT((#928)) GLOBAL_UNIT_ASSIGNED_CONTEXT
((#925,#926,#927)) REPRESENTATION_CONTEXT('Context #1',
  '3D Context with UNIT and UNCERTAINTY') );
#925 = ( LENGTH_UNIT() NAMED_UNIT(*) SI_UNIT(.MILLI.,.METRE.) );
#926 = ( NAMED_UNIT(*) PLANE_ANGLE_UNIT() SI_UNIT($,.RADIAN.) );
#927 = ( NAMED_UNIT(*) SI_UNIT($,.STERADIAN.) SOLID_ANGLE_UNIT() );
#928 = UNCERTAINTY_MEASURE_WITH_UNIT(LENGTH_MEASURE(1.E-07),#925,
  'distance_accuracy_value','confusion accuracy');
#929 = CONTEXT_DEPENDENT_SHAPE_REPRESENTATION(#930,#932);
#930 = ( REPRESENTATION_RELATIONSHIP('','',#593,#10) 
REPRESENTATION_RELATIONSHIP_WITH_TRANSFORMATION(#931) 
SHAPE_REPRESENTATION_RELATIONSHIP() );
#931 = ITEM_DEFINED_TRANSFORMATION('','',#11,#19);
#932 = PRODUCT_DEFINITION_SHAPE('Placement','Placement of an item',#933
  );
#933 = NEXT_ASSEMBLY_USAGE_OCCURRENCE('37','Arm_FL','',#5,#588,$);
#934 = PRODUCT_RELATED_PRODUCT_CATEGORY('part',$,(#590));
#935 = CONTEXT_DEPENDENT_SHAPE_REPRESENTATION(#936,#938);
#936 = ( REPRESENTATION_RELATIONSHIP('','',#593,#10) 
REPRESENTATION_RELATIONSHIP_WITH_TRANSFORMATION(#937) 
SHAPE_REPRESENTATION_RELATIONSHIP() );
#937 = ITEM_DEFINED_TRANSFORMATION('','',#11,#23);
#938 = PRODUCT_DEFINITION_SHAPE('Placement','Placement of an item',#939
  );
#939 = NEXT_ASSEMBLY_USAGE_OCCURRENCE('38','Arm_FR','',#5,#588,$);
#940 = CONTEXT_DEPENDENT_SHAPE_REPRESENTATION(#941,#943);
#941 = ( REPRESENTATION_RELATIONSHIP('','',#593,#10) 
REPRESENTATION_RELATIONSHIP_WITH_TRANSFORMATION(#942) 
SHAPE_REPRESENTATION_RELATIONSHIP() );
#942 = ITEM_DEFINED_TRANSFORMATION('','',#11,#27);
#943 = PRODUCT_DEFINITION_SHAPE('Placement','Placement of an item',#944
  );
#944 = NEXT_ASSEMBLY_USAGE_OCCURRENCE('39','Arm_BL','',#5,#588,$);
#945 = CONTEXT_DEPENDENT_SHAPE_REPRESENTATION(#946,#948);
#946 = ( REPRESENTATION_RELATIONSHIP('','',#593,#10) 
REPRESENTATION_RELATIONSHIP_WITH_TRANSFORMATION(#947) 
SHAPE_REPRESENTATION_RELATIONSHIP() );
#947 = ITEM_DEFINED_TRANSFORMATION('','',#11,#31);
#948 = PRODUCT_DEFINITION_SHAPE('Placement','Placement of an item',#949
  );
#949 = NEXT_ASSEMBLY_USAGE_OCCURRENCE('40','Arm_BR','',#5,#588,$);
#950 = SHAPE_DEFINITION_REPRESENTATION(#951,#957);
#951 = PRODUCT_DEFINITION_SHAPE('','',#952);
#952 = PRODUCT_DEFINITION('design','',#953,#956);
#953 = PRODUCT_DEFINITION_FORMATION('','',#954);
#954 = PRODUCT('Screw','Screw','',(#955));
#955 = PRODUCT_CONTEXT('',#2,'mechanical');
#956 = PRODUCT_DEFINITION_CONTEXT('part definition',#2,'design');
#957 = ADVANCED_BREP_SHAPE_REPRESENTATION('',(#11,#958),#1146);
#958 = MANIFOLD_SOLID_BREP('',#959);
#959 = CLOSED_SHELL('',(#960,#1048,#1083,#1087,#1142));
#960 = ADVANCED_FACE('',(#961),#975,.T.);
#961 = FACE_BOUND('',#962,.F.);
#962 = EDGE_LOOP('',(#963,#993,#1020,#1021));
#963 = ORIENTED_EDGE('',*,*,#964,.T.);
#964 = EDGE_CURVE('',#965,#967,#969,.T.);
#965 = VERTEX_POINT('',#966);
#966 = CARTESIAN_POINT('',(2.75,0.,0.));
#967 = VERTEX_POINT('',#968);
#968 = CARTESIAN_POINT('',(2.75,0.,3.));
#969 = SEAM_CURVE('',#970,(#974,#986),.PCURVE_S1.);
#970 = LINE('',#971,#972);
#971 = CARTESIAN_POINT('',(2.75,0.,0.));
#972 = VECTOR('',#973,1.);
#973 = DIRECTION('',(0.,0.,1.));
#974 = PCURVE('',#975,#980);
#975 = CYLINDRICAL_SURFACE('',#976,2.75);
#976 = AXIS2_PLACEMENT_3D('',#977,#978,#979);
#977 = CARTESIAN_POINT('',(0.,0.,0.));
#978 = DIRECTION('',(-0.,-0.,-1.));
#979 = DIRECTION('',(1.,0.,0.));
#980 = DEFINITIONAL_REPRESENTATION('',(#981),#985);
#981 = LINE('',#982,#983);
#982 = CARTESIAN_POINT('',(-0.,0.));
#983 = VECTOR('',#984,1.);
#984 = DIRECTION('',(-0.,-1.));
#985 = ( GEOMETRIC_REPRESENTATION_CONTEXT(2) 
PARAMETRIC_REPRESENTATION_CONTEXT() REPRESENTATION_CONTEXT('2D SPACE',''
  ) );
#986 = PCURVE('',#975,#987);
#987 = DEFINITIONAL_REPRESENTATION('',(#988),#992);
#988 = LINE('',#989,#990);
#989 = CARTESIAN_POINT('',(-6.28318530718,0.));
#990 = VECTOR('',#991,1.);
#991 = DIRECTION('',(-0.,-1.));
#992 = ( GEOMETRIC_REPRESENTATION_CONTEXT(2) 
PARAMETRIC_REPRESENTATION_CONTEXT() REPRESENTATION_CONTEXT('2D SPACE',''
  ) );
#993 = ORIENTED_EDGE('',*,*,#994,.T.);
#994 = EDGE_CURVE('',#967,#967,#995,.T.);
#995 = SURFACE_CURVE('',#996,(#1001,#1008),.PCURVE_S1.);
#996 = CIRCLE('',#997,2.75);
#997 = AXIS2_PLACEMENT_3D('',#998,#999,#1000);
#998 = CARTESIAN_POINT('',(0.,0.,3.));
#999 = DIRECTION('',(0.,0.,1.));
#1000 = DIRECTION('',(1.,0.,0.));
#1001 = PCURVE('',#975,#1002);
#1002 = DEFINITIONAL_REPRESENTATION('',(#1003),#1007);
#1003 = LINE('',#1004,#1005);
#1004 = CARTESIAN_POINT('',(-0.,-3.));
#1005 = VECTOR('',#1006,1.);
#1006 = DIRECTION('',(-1.,0.));
#1007 = ( GEOMETRIC_REPRESENTATION_CONTEXT(2) 
PARAMETRIC_REPRESENTATION_CONTEXT() REPRESENTATION_CONTEXT('2D SPACE',''
  ) );
#1008 = PCURVE('',#1009,#1014);
#1009 = PLANE('',#1010);
#1010 = AXIS2_PLACEMENT_3D('',#1011,#1012,#1013);
#1011 = CARTESIAN_POINT('',(-1.864691089826E-16,-1.122592899218E-16,3.)
  );
#1012 = DIRECTION('',(0.,0.,1.));
#1013 = DIRECTION('',(1.,0.,-0.));
#1014 = DEFINITIONAL_REPRESENTATION('',(#1015),#1019);
#1015 = CIRCLE('',#1016,2.75);
#1016 = AXIS2_PLACEMENT_2D('',#1017,#1018);
#1017 = CARTESIAN_POINT('',(1.864691089826E-16,1.122592899218E-16));
#1018 = DIRECTION('',(1.,0.));
#1019 = ( GEOMETRIC_REPRESENTATION_CONTEXT(2) 
PARAMETRIC_REPRESENTATION_CONTEXT() REPRESENTATION_CONTEXT('2D SPACE',''
  ) );
#1020 = ORIENTED_EDGE('',*,*,#964,.F.);
#1021 = ORIENTED_EDGE('',*,*,#1022,.F.);
#1022 = EDGE_CURVE('',#965,#965,#1023,.T.);
#1023 = SURFACE_CURVE('',#1024,(#1029,#1036),.PCURVE_S1.);
#1024 = CIRCLE('',#1025,2.75);
#1025 = AXIS2_PLACEMENT_3D('',#1026,#1027,#1028);
#1026 = CARTESIAN_POINT('',(0.,0.,0.));
#1027 = DIRECTION('',(0.,0.,1.));
#1028 = DIRECTION('',(1.,0.,0.));
#1029 = PCURVE('',#975,#1030);
#1030 = DEFINITIONAL_REPRESENTATION('',(#1031),#1035);
#1031 = LINE('',#1032,#1033);
#1032 = CARTESIAN_POINT('',(-0.,0.));
#1033 = VECTOR('',#1034,1.);
#1034 = DIRECTION('',(-1.,0.));
#1035 = ( GEOMETRIC_REPRESENTATION_CONTEXT(2) 
PARAMETRIC_REPRESENTATION_CONTEXT() REPRESENTATION_CONTEXT('2D SPACE',''
  ) );
#1036 = PCURVE('',#1037,#1042);
#1037 = PLANE('',#1038);
#1038 = AXIS2_PLACEMENT_3D('',#1039,#1040,#1041);
#1039 = CARTESIAN_POINT('',(-1.864691089826E-16,-1.122592899218E-16,0.)
  );
#1040 = DIRECTION('',(0.,0.,1.));
#1041 = DIRECTION('',(1.,0.,-0.));
#1042 = DEFINITIONAL_REPRESENTATION('',(#1043),#1047);
#1043 = CIRCLE('',#1044,2.75);
#1044 = AXIS2_PLACEMENT_2D('',#1045,#1046);
#1045 = CARTESIAN_POINT('',(1.864691089826E-16,1.122592899218E-16));
#1046 = DIRECTION('',(1.,0.));
#1047 = ( GEOMETRIC_REPRESENTATION_CONTEXT(2) 
PARAMETRIC_REPRESENTATION_CONTEXT() REPRESENTATION_CONTEXT('2D SPACE',''
  ) );
#1048 = ADVANCED_FACE('',(#1049,#1052),#1037,.F.);
#1049 = FACE_BOUND('',#1050,.F.);
#1050 = EDGE_LOOP('',(#1051));
#1051 = ORIENTED_EDGE('',*,*,#1022,.T.);
#1052 = FACE_BOUND('',#1053,.F.);
#1053 = EDGE_LOOP('',(#1054));
#1054 = ORIENTED_EDGE('',*,*,#1055,.F.);
#1055 = EDGE_CURVE('',#1056,#1056,#1058,.T.);
#1056 = VERTEX_POINT('',#1057);
#1057 = CARTESIAN_POINT('',(1.5,0.,0.));
#1058 = SURFACE_CURVE('',#1059,(#1064,#1071),.PCURVE_S1.);
#1059 = CIRCLE('',#1060,1.5);
#1060 = AXIS2_PLACEMENT_3D('',#1061,#1062,#1063);
#1061 = CARTESIAN_POINT('',(0.,0.,0.));
#1062 = DIRECTION('',(0.,0.,1.));
#1063 = DIRECTION('',(1.,0.,0.));
#1064 = PCURVE('',#1037,#1065);
#1065 = DEFINITIONAL_REPRESENTATION('',(#1066),#1070);
#1066 = CIRCLE('',#1067,1.5);
#1067 = AXIS2_PLACEMENT_2D('',#1068,#1069);
#1068 = CARTESIAN_POINT('',(1.864691089826E-16,1.122592899218E-16));
#1069 = DIRECTION('',(1.,0.));
#1070 = ( GEOMETRIC_REPRESENTATION_CONTEXT(2) 
PARAMETRIC_REPRESENTATION_CONTEXT() REPRESENTATION_CONTEXT('2D SPACE',''
  ) );
#1071 = PCURVE('',#1072,#1077);
#1072 = CYLINDRICAL_SURFACE('',#1073,1.5);
#1073 = AXIS2_PLACEMENT_3D('',#1074,#1075,#1076);
#1074 = CARTESIAN_POINT('',(0.,0.,0.));
#1075 = DIRECTION('',(0.,0.,1.));
#1076 = DIRECTION('',(1.,0.,0.));
#1077 = DEFINITIONAL_REPRESENTATION('',(#1078),#1082);
#1078 = LINE('',#1079,#1080);
#1079 = CARTESIAN_POINT('',(0.,0.));
#1080 = VECTOR('',#1081,1.);
#1081 = DIRECTION('',(1.,0.));
#1082 = ( GEOMETRIC_REPRESENTATION_CONTEXT(2) 
PARAMETRIC_REPRESENTATION_CONTEXT() REPRESENTATION_CONTEXT('2D SPACE',''
  ) );
#1083 = ADVANCED_FACE('',(#1084),#1009,.T.);
#1084 = FACE_BOUND('',#1085,.T.);
#1085 = EDGE_LOOP('',(#1086));
#1086 = ORIENTED_EDGE('',*,*,#994,.T.);
#1087 = ADVANCED_FACE('',(#1088),#1072,.T.);
#1088 = FACE_BOUND('',#1089,.T.);
#1089 = EDGE_LOOP('',(#1090,#1113,#1140,#1141));
#1090 = ORIENTED_EDGE('',*,*,#1091,.T.);
#1091 = EDGE_CURVE('',#1056,#1092,#1094,.T.);
#1092 = VERTEX_POINT('',#1093);
#1093 = CARTESIAN_POINT('',(1.5,0.,-8.));
#1094 = SEAM_CURVE('',#1095,(#1099,#1106),.PCURVE_S1.);
#1095 = LINE('',#1096,#1097);
#1096 = CARTESIAN_POINT('',(1.5,0.,0.));
#1097 = VECTOR('',#1098,1.);
#1098 = DIRECTION('',(-0.,-0.,-1.));
#1099 = PCURVE('',#1072,#1100);
#1100 = DEFINITIONAL_REPRESENTATION('',(#1101),#1105);
#1101 = LINE('',#1102,#1103);
#1102 = CARTESIAN_POINT('',(0.,0.));
#1103 = VECTOR('',#1104,1.);
#1104 = DIRECTION('',(0.,-1.));
#1105 = ( GEOMETRIC_REPRESENTATION_CONTEXT(2) 
PARAMETRIC_REPRESENTATION_CONTEXT() REPRESENTATION_CONTEXT('2D SPACE',''
  ) );
#1106 = PCURVE('',#1072,#1107);
#1107 = DEFINITIONAL_REPRESENTATION('',(#1108),#1112);
#1108 = LINE('',#1109,#1110);
#1109 = CARTESIAN_POINT('',(6.28318530718,0.));
#1110 = VECTOR('',#1111,1.);
#1111 = DIRECTION('',(0.,-1.));
#1112 = ( GEOMETRIC_REPRESENTATION_CONTEXT(2) 
PARAMETRIC_REPRESENTATION_CONTEXT() REPRESENTATION_CONTEXT('2D SPACE',''
  ) );
#1113 = ORIENTED_EDGE('',*,*,#1114,.T.);
#1114 = EDGE_CURVE('',#1092,#1092,#1115,.T.);
#1115 = SURFACE_CURVE('',#1116,(#1121,#1128),.PCURVE_S1.);
#1116 = CIRCLE('',#1117,1.5);
#1117 = AXIS2_PLACEMENT_3D('',#1118,#1119,#1120);
#1118 = CARTESIAN_POINT('',(0.,0.,-8.));
#1119 = DIRECTION('',(0.,0.,1.));
#1120 = DIRECTION('',(1.,0.,0.));
#1121 = PCURVE('',#1072,#1122);
#1122 = DEFINITIONAL_REPRESENTATION('',(#1123),#1127);
#1123 = LINE('',#1124,#1125);
#1124 = CARTESIAN_POINT('',(0.,-8.));
#1125 = VECTOR('',#1126,1.);
#1126 = DIRECTION('',(1.,0.));
#1127 = ( GEOMETRIC_REPRESENTATION_CONTEXT(2) 
PARAMETRIC_REPRESENTATION_CONTEXT() REPRESENTATION_CONTEXT('2D SPACE',''
  ) );
#1128 = PCURVE('',#1129,#1134);
#1129 = PLANE('',#1130);
#1130 = AXIS2_PLACEMENT_3D('',#1131,#1132,#1133);
#1131 = CARTESIAN_POINT('',(-8.546500828371E-17,-4.255667768225E-18,-8.)
  );
#1132 = DIRECTION('',(0.,0.,1.));
#1133 = DIRECTION('',(1.,0.,-0.));
#1134 = DEFINITIONAL_REPRESENTATION('',(#1135),#1139);
#1135 = CIRCLE('',#1136,1.5);
#1136 = AXIS2_PLACEMENT_2D('',#1137,#1138);
#1137 = CARTESIAN_POINT('',(8.546500828371E-17,4.255667768225E-18));
#1138 = DIRECTION('',(1.,0.));
#1139 = ( GEOMETRIC_REPRESENTATION_CONTEXT(2) 
PARAMETRIC_REPRESENTATION_CONTEXT() REPRESENTATION_CONTEXT('2D SPACE',''
  ) );
#1140 = ORIENTED_EDGE('',*,*,#1091,.F.);
#1141 = ORIENTED_EDGE('',*,*,#1055,.F.);
#1142 = ADVANCED_FACE('',(#1143),#1129,.F.);
#1143 = FACE_BOUND('',#1144,.F.);
#1144 = EDGE_LOOP('',(#1145));
#1145 = ORIENTED_EDGE('',*,*,#1114,.T.);
#1146 = ( GEOMETRIC_REPRESENTATION_CONTEXT(3) 
GLOBAL_UNCERTAINTY_ASSIGNED_CONTEXT((#1150)) 
GLOBAL_UNIT_ASSIGNED_CONTEXT((#1147,#1148,#1149)) REPRESENTATION_CONTEXT
('Context #1','3D Context with UNIT and UNCERTAINTY') );
#1147 = ( LENGTH_UNIT() NAMED_UNIT(*) SI_UNIT(.MILLI.,.METRE.) );
#1148 = ( NAMED_UNIT(*) PLANE_ANGLE_UNIT() SI_UNIT($,.RADIAN.) );
#1149 = ( NAMED_UNIT(*) SI_UNIT($,.STERADIAN.) SOLID_ANGLE_UNIT() );
#1150 = UNCERTAINTY_MEASURE_WITH_UNIT(LENGTH_MEASURE(1.E-07),#1147,
  'distance_accuracy_value','confusion accuracy');
#1151 = CONTEXT_DEPENDENT_SHAPE_REPRESENTATION(#1152,#1154);
#1152 = ( REPRESENTATION_RELATIONSHIP('','',#957,#10) 
REPRESENTATION_RELATIONSHIP_WITH_TRANSFORMATION(#1153) 
SHAPE_REPRESENTATION_RELATIONSHIP() );
#1153 = ITEM_DEFINED_TRANSFORMATION('','',#11,#35);
#1154 = PRODUCT_DEFINITION_SHAPE('Placement','Placement of an item',
  #1155);
#1155 = NEXT_ASSEMBLY_USAGE_OCCURRENCE('41','Screw_1','',#5,#952,$);
#1156 = PRODUCT_RELATED_PRODUCT_CATEGORY('part',$,(#954));
#1157 = CONTEXT_DEPENDENT_SHAPE_REPRESENTATION(#1158,#1160);
#1158 = ( REPRESENTATION_RELATIONSHIP('','',#957,#10) 
REPRESENTATION_RELATIONSHIP_WITH_TRANSFORMATION(#1159) 
SHAPE_REPRESENTATION_RELATIONSHIP() );
#1159 = ITEM_DEFINED_TRANSFORMATION('','',#11,#39);
#1160 = PRODUCT_DEFINITION_SHAPE('Placement','Placement of an item',
  #1161);
#1161 = NEXT_ASSEMBLY_USAGE_OCCURRENCE('42','Screw_2','',#5,#952,$);
#1162 = CONTEXT_DEPENDENT_SHAPE_REPRESENTATION(#1163,#1165);
#1163 = ( REPRESENTATION_RELATIONSHIP('','',#957,#10) 
REPRESENTATION_RELATIONSHIP_WITH_TRANSFORMATION(#1164) 
SHAPE_REPRESENTATION_RELATIONSHIP() );
#1164 = ITEM_DEFINED_TRANSFORMATION('','',#11,#43);
#1165 = PRODUCT_DEFINITION_SHAPE('Placement','Placement of an item',
  #1166);
#1166 = NEXT_ASSEMBLY_USAGE_OCCURRENCE('43','Screw_3','',#5,#952,$);
#1167 = CONTEXT_DEPENDENT_SHAPE_REPRESENTATION(#1168,#1170);
#1168 = ( REPRESENTATION_RELATIONSHIP('','',#957,#10) 
REPRESENTATION_RELATIONSHIP_WITH_TRANSFORMATION(#1169) 
SHAPE_REPRESENTATION_RELATIONSHIP() );
#1169 = ITEM_DEFINED_TRANSFORMATION('','',#11,#47);
#1170 = PRODUCT_DEFINITION_SHAPE('Placement','Placement of an item',
  #1171);
#1171 = NEXT_ASSEMBLY_USAGE_OCCURRENCE('44','Screw_4','',#5,#952,$);
#1172 = CONTEXT_DEPENDENT_SHAPE_REPRESENTATION(#1173,#1175);
#1173 = ( REPRESENTATION_RELATIONSHIP('','',#957,#10) 
REPRESENTATION_RELATIONSHIP_WITH_TRANSFORMATION(#1174) 
SHAPE_REPRESENTATION_RELATIONSHIP() );
#1174 = ITEM_DEFINED_TRANSFORMATION('','',#11,#51);
#1175 = PRODUCT_DEFINITION_SHAPE('Placement','Placement of an item',
  #1176);
#1176 = NEXT_ASSEMBLY_USAGE_OCCURRENCE('45','Screw_5','',#5,#952,$);
#1177 = CONTEXT_DEPENDENT_SHAPE_REPRESENTATION(#1178,#1180);
#1178 = ( REPRESENTATION_RELATIONSHIP('','',#957,#10) 
REPRESENTATION_RELATIONSHIP_WITH_TRANSFORMATION(#1179) 
SHAPE_REPRESENTATION_RELATIONSHIP() );
#1179 = ITEM_DEFINED_TRANSFORMATION('','',#11,#55);
#1180 = PRODUCT_DEFINITION_SHAPE('Placement','Placement of an item',
  #1181);
#1181 = NEXT_ASSEMBLY_USAGE_OCCURRENCE('46','Screw_6','',#5,#952,$);
#1182 = CONTEXT_DEPENDENT_SHAPE_REPRESENTATION(#1183,#1185);
#1183 = ( REPRESENTATION_RELATIONSHIP('','',#957,#10) 
REPRESENTATION_RELATIONSHIP_WITH_TRANSFORMATION(#1184) 
SHAPE_REPRESENTATION_RELATIONSHIP() );
#1184 = ITEM_DEFINED_TRANSFORMATION('','',#11,#59);
#1185 = PRODUCT_DEFINITION_SHAPE('Placement','Placement of an item',
  #1186);
#1186 = NEXT_ASSEMBLY_USAGE_OCCURRENCE('47','Screw_7','',#5,#952,$);
#1187 = CONTEXT_DEPENDENT_SHAPE_REPRESENTATION(#1188,#1190);
#1188 = ( REPRESENTATION_RELATIONSHIP('','',#957,#10) 
REPRESENTATION_RELATIONSHIP_WITH_TRANSFORMATION(#1189) 
SHAPE_REPRESENTATION_RELATIONSHIP() );
#1189 = ITEM_DEFINED_TRANSFORMATION('','',#11,#63);
#1190 = PRODUCT_DEFINITION_SHAPE('Placement','Placement of an item',
  #1191);
#1191 = NEXT_ASSEMBLY_USAGE_OCCURRENCE('48','Screw_8','',#5,#952,$);
#1192 = SHAPE_DEFINITION_REPRESENTATION(#1193,#1199);
#1193 = PRODUCT_DEFINITION_SHAPE('','',#1194);
#1194 = PRODUCT_DEFINITION('design','',#1195,#1198);
#1195 = PRODUCT_DEFINITION_FORMATION('','',#1196);
#1196 = PRODUCT('Motor','Motor','',(#1197));
#1197 = PRODUCT_CONTEXT('',#2,'mechanical');
#1198 = PRODUCT_DEFINITION_CONTEXT('part definition',#2,'design');
#1199 = ADVANCED_BREP_SHAPE_REPRESENTATION('',(#11,#1200),#1388);
#1200 = MANIFOLD_SOLID_BREP('',#1201);
#1201 = CLOSED_SHELL('',(#1202,#1290,#1294,#1329,#1384));
#1202 = ADVANCED_FACE('',(#1203),#1217,.T.);
#1203 = FACE_BOUND('',#1204,.F.);
#1204 = EDGE_LOOP('',(#1205,#1235,#1262,#1263));
#1205 = ORIENTED_EDGE('',*,*,#1206,.T.);
#1206 = EDGE_CURVE('',#1207,#1209,#1211,.T.);
#1207 = VERTEX_POINT('',#1208);
#1208 = CARTESIAN_POINT('',(14.,0.,0.));
#1209 = VERTEX_POINT('',#1210);
#1210 = CARTESIAN_POINT('',(14.,0.,15.));
#1211 = SEAM_CURVE('',#1212,(#1216,#1228),.PCURVE_S1.);
#1212 = LINE('',#1213,#1214);
#1213 = CARTESIAN_POINT('',(14.,0.,0.));
#1214 = VECTOR('',#1215,1.);
#1215 = DIRECTION('',(0.,0.,1.));
#1216 = PCURVE('',#1217,#1222);
#1217 = CYLINDRICAL_SURFACE('',#1218,14.);
#1218 = AXIS2_PLACEMENT_3D('',#1219,#1220,#1221);
#1219 = CARTESIAN_POINT('',(0.,0.,0.));
#1220 = DIRECTION('',(-0.,-0.,-1.));
#1221 = DIRECTION('',(1.,0.,0.));
#1222 = DEFINITIONAL_REPRESENTATION('',(#1223),#1227);
#1223 = LINE('',#1224,#1225);
#1224 = CARTESIAN_POINT('',(-0.,0.));
#1225 = VECTOR('',#1226,1.);
#1226 = DIRECTION('',(-0.,-1.));
#1227 = ( GEOMETRIC_REPRESENTATION_CONTEXT(2) 
PARAMETRIC_REPRESENTATION_CONTEXT() REPRESENTATION_CONTEXT('2D SPACE',''
  ) );
#1228 = PCURVE('',#1217,#1229);
#1229 = DEFINITIONAL_REPRESENTATION('',(#1230),#1234);
#1230 = LINE('',#1231,#1232);
#1231 = CARTESIAN_POINT('',(-6.28318530718,0.));
#1232 = VECTOR('',#1233,1.);
#1233 = DIRECTION('',(-0.,-1.));
#1234 = ( GEOMETRIC_REPRESENTATION_CONTEXT(2) 
PARAMETRIC_REPRESENTATION_CONTEXT() REPRESENTATION_CONTEXT('2D SPACE',''
  ) );
#1235 = ORIENTED_EDGE('',*,*,#1236,.T.);
#1236 = EDGE_CURVE('',#1209,#1209,#1237,.T.);
#1237 = SURFACE_CURVE('',#1238,(#1243,#1250),.PCURVE_S1.);
#1238 = CIRCLE('',#1239,14.);
#1239 = AXIS2_PLACEMENT_3D('',#1240,#1241,#1242);
#1240 = CARTESIAN_POINT('',(0.,0.,15.));
#1241 = DIRECTION('',(0.,0.,1.));
#1242 = DIRECTION('',(1.,0.,0.));
#1243 = PCURVE('',#1217,#1244);
#1244 = DEFINITIONAL_REPRESENTATION('',(#1245),#1249);
#1245 = LINE('',#1246,#1247);
#1246 = CARTESIAN_POINT('',(-0.,-15.));
#1247 = VECTOR('',#1248,1.);
#1248 = DIRECTION('',(-1.,0.));
#1249 = ( GEOMETRIC_REPRESENTATION_CONTEXT(2) 
PARAMETRIC_REPRESENTATION_CONTEXT() REPRESENTATION_CONTEXT('2D SPACE',''
  ) );
#1250 = PCURVE('',#1251,#1256);
#1251 = PLANE('',#1252);
#1252 = AXIS2_PLACEMENT_3D('',#1253,#1254,#1255);
#1253 = CARTESIAN_POINT('',(-3.906971807255E-16,9.912868833001E-16,15.)
  );
#1254 = DIRECTION('',(0.,0.,1.));
#1255 = DIRECTION('',(1.,0.,-0.));
#1256 = DEFINITIONAL_REPRESENTATION('',(#1257),#1261);
#1257 = CIRCLE('',#1258,14.);
#1258 = AXIS2_PLACEMENT_2D('',#1259,#1260);
#1259 = CARTESIAN_POINT('',(3.906971807255E-16,-9.912868833001E-16));
#1260 = DIRECTION('',(1.,0.));
#1261 = ( GEOMETRIC_REPRESENTATION_CONTEXT(2) 
PARAMETRIC_REPRESENTATION_CONTEXT() REPRESENTATION_CONTEXT('2D SPACE',''
  ) );
#1262 = ORIENTED_EDGE('',*,*,#1206,.F.);
#1263 = ORIENTED_EDGE('',*,*,#1264,.F.);
#1264 = EDGE_CURVE('',#1207,#1207,#1265,.T.);
#1265 = SURFACE_CURVE('',#1266,(#1271,#1278),.PCURVE_S1.);
#1266 = CIRCLE('',#1267,14.);
#1267 = AXIS2_PLACEMENT_3D('',#1268,#1269,#1270);
#1268 = CARTESIAN_POINT('',(0.,0.,0.));
#1269 = DIRECTION('',(0.,0.,1.));
#1270 = DIRECTION('',(1.,0.,0.));
#1271 = PCURVE('',#1217,#1272);
#1272 = DEFINITIONAL_REPRESENTATION('',(#1273),#1277);
#1273 = LINE('',#1274,#1275);
#1274 = CARTESIAN_POINT('',(-0.,0.));
#1275 = VECTOR('',#1276,1.);
#1276 = DIRECTION('',(-1.,0.));
#1277 = ( GEOMETRIC_REPRESENTATION_CONTEXT(2) 
PARAMETRIC_REPRESENTATION_CONTEXT() REPRESENTATION_CONTEXT('2D SPACE',''
  ) );
#1278 = PCURVE('',#1279,#1284);
#1279 = PLANE('',#1280);
#1280 = AXIS2_PLACEMENT_3D('',#1281,#1282,#1283);
#1281 = CARTESIAN_POINT('',(-3.906971807255E-16,9.912868833001E-16,0.));
#1282 = DIRECTION('',(0.,0.,1.));
#1283 = DIRECTION('',(1.,0.,-0.));
#1284 = DEFINITIONAL_REPRESENTATION('',(#1285),#1289);
#1285 = CIRCLE('',#1286,14.);
#1286 = AXIS2_PLACEMENT_2D('',#1287,#1288);
#1287 = CARTESIAN_POINT('',(3.906971807255E-16,-9.912868833001E-16));
#1288 = DIRECTION('',(1.,0.));
#1289 = ( GEOMETRIC_REPRESENTATION_CONTEXT(2) 
PARAMETRIC_REPRESENTATION_CONTEXT() REPRESENTATION_CONTEXT('2D SPACE',''
  ) );
#1290 = ADVANCED_FACE('',(#1291),#1279,.F.);
#1291 = FACE_BOUND('',#1292,.F.);
#1292 = EDGE_LOOP('',(#1293));
#1293 = ORIENTED_EDGE('',*,*,#1264,.T.);
#1294 = ADVANCED_FACE('',(#1295,#1298),#1251,.T.);
#1295 = FACE_BOUND('',#1296,.T.);
#1296 = EDGE_LOOP('',(#1297));
#1297 = ORIENTED_EDGE('',*,*,#1236,.T.);
#1298 = FACE_BOUND('',#1299,.T.);
#1299 = EDGE_LOOP('',(#1300));
#1300 = ORIENTED_EDGE('',*,*,#1301,.F.);
#1301 = EDGE_CURVE('',#1302,#1302,#1304,.T.);
#1302 = VERTEX_POINT('',#1303);
#1303 = CARTESIAN_POINT('',(2.5,0.,15.));
#1304 = SURFACE_CURVE('',#1305,(#1310,#1317),.PCURVE_S1.);
#1305 = CIRCLE('',#1306,2.5);
#1306 = AXIS2_PLACEMENT_3D('',#1307,#1308,#1309);
#1307 = CARTESIAN_POINT('',(0.,0.,15.));
#1308 = DIRECTION('',(0.,0.,1.));
#1309 = DIRECTION('',(1.,0.,0.));
#1310 = PCURVE('',#1251,#1311);
#1311 = DEFINITIONAL_REPRESENTATION('',(#1312),#1316);
#1312 = CIRCLE('',#1313,2.5);
#1313 = AXIS2_PLACEMENT_2D('',#1314,#1315);
#1314 = CARTESIAN_POINT('',(3.906971807255E-16,-9.912868833001E-16));
#1315 = DIRECTION('',(1.,0.));
#1316 = ( GEOMETRIC_REPRESENTATION_CONTEXT(2) 
PARAMETRIC_REPRESENTATION_CONTEXT() REPRESENTATION_CONTEXT('2D SPACE',''
  ) );
#1317 = PCURVE('',#1318,#1323);
#1318 = CYLINDRICAL_SURFACE('',#1319,2.5);
#1319 = AXIS2_PLACEMENT_3D('',#1320,#1321,#1322);
#1320 = CARTESIAN_POINT('',(0.,0.,15.));
#1321 = DIRECTION('',(-0.,-0.,-1.));
#1322 = DIRECTION('',(1.,0.,0.));
#1323 = DEFINITIONAL_REPRESENTATION('',(#1324),#1328);
#1324 = LINE('',#1325,#1326);
#1325 = CARTESIAN_POINT('',(-0.,0.));
#1326 = VECTOR('',#1327,1.);
#1327 = DIRECTION('',(-1.,0.));
#1328 = ( GEOMETRIC_REPRESENTATION_CONTEXT(2) 
PARAMETRIC_REPRESENTATION_CONTEXT() REPRESENTATION_CONTEXT('2D SPACE',''
  ) );
#1329 = ADVANCED_FACE('',(#1330),#1318,.T.);
#1330 = FACE_BOUND('',#1331,.F.);
#1331 = EDGE_LOOP('',(#1332,#1355,#1382,#1383));
#1332 = ORIENTED_EDGE('',*,*,#1333,.T.);
#1333 = EDGE_CURVE('',#1302,#1334,#1336,.T.);
#1334 = VERTEX_POINT('',#1335);
#1335 = CARTESIAN_POINT('',(2.5,0.,21.));
#1336 = SEAM_CURVE('',#1337,(#1341,#1348),.PCURVE_S1.);
#1337 = LINE('',#1338,#1339);
#1338 = CARTESIAN_POINT('',(2.5,0.,15.));
#1339 = VECTOR('',#1340,1.);
#1340 = DIRECTION('',(0.,0.,1.));
#1341 = PCURVE('',#1318,#1342);
#1342 = DEFINITIONAL_REPRESENTATION('',(#1343),#1347);
#1343 = LINE('',#1344,#1345);
#1344 = CARTESIAN_POINT('',(-0.,0.));
#1345 = VECTOR('',#1346,1.);
#1346 = DIRECTION('',(-0.,-1.));
#1347 = ( GEOMETRIC_REPRESENTATION_CONTEXT(2) 
PARAMETRIC_REPRESENTATION_CONTEXT() REPRESENTATION_CONTEXT('2D SPACE',''
  ) );
#1348 = PCURVE('',#1318,#1349);
#1349 = DEFINITIONAL_REPRESENTATION('',(#1350),#1354);
#1350 = LINE('',#1351,#1352);
#1351 = CARTESIAN_POINT('',(-6.28318530718,0.));
#1352 = VECTOR('',#1353,1.);
#1353 = DIRECTION('',(-0.,-1.));
#1354 = ( GEOMETRIC_REPRESENTATION_CONTEXT(2) 
PARAMETRIC_REPRESENTATION_CONTEXT() REPRESENTATION_CONTEXT('2D SPACE',''
  ) );
#1355 = ORIENTED_EDGE('',*,*,#1356,.T.);
#1356 = EDGE_CURVE('',#1334,#1334,#1357,.T.);
#1357 = SURFACE_CURVE('',#1358,(#1363,#1370),.PCURVE_S1.);
#1358 = CIRCLE('',#1359,2.5);
#1359 = AXIS2_PLACEMENT_3D('',#1360,#1361,#1362);
#1360 = CARTESIAN_POINT('',(0.,0.,21.));
#1361 = DIRECTION('',(0.,0.,1.));
#1362 = DIRECTION('',(1.,0.,0.));
#1363 = PCURVE('',#1318,#1364);
#1364 = DEFINITIONAL_REPRESENTATION('',(#1365),#1369);
#1365 = LINE('',#1366,#1367);
#1366 = CARTESIAN_POINT('',(-0.,-6.));
#1367 = VECTOR('',#1368,1.);
#1368 = DIRECTION('',(-1.,0.));
#1369 = ( GEOMETRIC_REPRESENTATION_CONTEXT(2) 
PARAMETRIC_REPRESENTATION_CONTEXT() REPRESENTATION_CONTEXT('2D SPACE',''
  ) );
#1370 = PCURVE('',#1371,#1376);
#1371 = PLANE('',#1372);
#1372 = AXIS2_PLACEMENT_3D('',#1373,#1374,#1375);
#1373 = CARTESIAN_POINT('',(-1.367440132539E-16,1.714341265789E-16,21.)
  );
#1374 = DIRECTION('',(0.,0.,1.));
#1375 = DIRECTION('',(1.,0.,-0.));
#1376 = DEFINITIONAL_REPRESENTATION('',(#1377),#1381);
#1377 = CIRCLE('',#1378,2.5);
#1378 = AXIS2_PLACEMENT_2D('',#1379,#1380);
#1379 = CARTESIAN_POINT('',(1.367440132539E-16,-1.714341265789E-16));
#1380 = DIRECTION('',(1.,0.));
#1381 = ( GEOMETRIC_REPRESENTATION_CONTEXT(2) 
PARAMETRIC_REPRESENTATION_CONTEXT() REPRESENTATION_CONTEXT('2D SPACE',''
  ) );
#1382 = ORIENTED_EDGE('',*,*,#1333,.F.);
#1383 = ORIENTED_EDGE('',*,*,#1301,.F.);
#1384 = ADVANCED_FACE('',(#1385),#1371,.T.);
#1385 = FACE_BOUND('',#1386,.T.);
#1386 = EDGE_LOOP('',(#1387));
#1387 = ORIENTED_EDGE('',*,*,#1356,.T.);
#1388 = ( GEOMETRIC_REPRESENTATION_CONTEXT(3) 
GLOBAL_UNCERTAINTY_ASSIGNED_CONTEXT((#1392)) 
GLOBAL_UNIT_ASSIGNED_CONTEXT((#1389,#1390,#1391)) REPRESENTATION_CONTEXT
('Context #1','3D Context with UNIT and UNCERTAINTY') );
#1389 = ( LENGTH_UNIT() NAMED_UNIT(*) SI_UNIT(.MILLI.,.METRE.) );
#1390 = ( NAMED_UNIT(*) PLANE_ANGLE_UNIT() SI_UNIT($,.RADIAN.) );
#1391 = ( NAMED_UNIT(*) SI_UNIT($,.STERADIAN.) SOLID_ANGLE_UNIT() );
#1392 = UNCERTAINTY_MEASURE_WITH_UNIT(LENGTH_MEASURE(1.E-07),#1389,
  'distance_accuracy_value','confusion accuracy');
#1393 = CONTEXT_DEPENDENT_SHAPE_REPRESENTATION(#1394,#1396);
#1394 = ( REPRESENTATION_RELATIONSHIP('','',#1199,#10) 
REPRESENTATION_RELATIONSHIP_WITH_TRANSFORMATION(#1395) 
SHAPE_REPRESENTATION_RELATIONSHIP() );
#1395 = ITEM_DEFINED_TRANSFORMATION('','',#11,#67);
#1396 = PRODUCT_DEFINITION_SHAPE('Placement','Placement of an item',
  #1397);
#1397 = NEXT_ASSEMBLY_USAGE_OCCURRENCE('49','Motor_FL','',#5,#1194,$);
#1398 = PRODUCT_RELATED_PRODUCT_CATEGORY('part',$,(#1196));
#1399 = SHAPE_DEFINITION_REPRESENTATION(#1400,#1406);
#1400 = PRODUCT_DEFINITION_SHAPE('','',#1401);
#1401 = PRODUCT_DEFINITION('design','',#1402,#1405);
#1402 = PRODUCT_DEFINITION_FORMATION('','',#1403);
#1403 = PRODUCT('Propeller','Propeller','',(#1404));
#1404 = PRODUCT_CONTEXT('',#2,'mechanical');
#1405 = PRODUCT_DEFINITION_CONTEXT('part definition',#2,'design');
#1406 = ADVANCED_BREP_SHAPE_REPRESENTATION('',(#11,#1407),#1957);
#1407 = MANIFOLD_SOLID_BREP('',#1408);
#1408 = CLOSED_SHELL('',(#1409,#1517,#1521,#1639,#1715,#1764,#1813,#1840
    ,#1898,#1953));
#1409 = ADVANCED_FACE('',(#1410),#1423,.T.);
#1410 = FACE_BOUND('',#1411,.F.);
#1411 = EDGE_LOOP('',(#1412,#1446,#1469,#1516));
#1412 = ORIENTED_EDGE('',*,*,#1413,.F.);
#1413 = EDGE_CURVE('',#1414,#1414,#1416,.T.);
#1414 = VERTEX_POINT('',#1415);
#1415 = CARTESIAN_POINT('',(4.,0.,0.));
#1416 = SURFACE_CURVE('',#1417,(#1422,#1434),.PCURVE_S1.);
#1417 = CIRCLE('',#1418,4.);
#1418 = AXIS2_PLACEMENT_3D('',#1419,#1420,#1421);
#1419 = CARTESIAN_POINT('',(0.,0.,0.));
#1420 = DIRECTION('',(0.,0.,1.));
#1421 = DIRECTION('',(1.,0.,0.));
#1422 = PCURVE('',#1423,#1428);
#1423 = CYLINDRICAL_SURFACE('',#1424,4.);
#1424 = AXIS2_PLACEMENT_3D('',#1425,#1426,#1427);
#1425 = CARTESIAN_POINT('',(0.,0.,0.));
#1426 = DIRECTION('',(-0.,-0.,-1.));
#1427 = DIRECTION('',(1.,0.,0.));
#1428 = DEFINITIONAL_REPRESENTATION('',(#1429),#1433);
#1429 = LINE('',#1430,#1431);
#1430 = CARTESIAN_POINT('',(-0.,0.));
#1431 = VECTOR('',#1432,1.);
#1432 = DIRECTION('',(-1.,0.));
#1433 = ( GEOMETRIC_REPRESENTATION_CONTEXT(2) 
PARAMETRIC_REPRESENTATION_CONTEXT() REPRESENTATION_CONTEXT('2D SPACE',''
  ) );
#1434 = PCURVE('',#1435,#1440);
#1435 = PLANE('',#1436);
#1436 = AXIS2_PLACEMENT_3D('',#1437,#1438,#1439);
#1437 = CARTESIAN_POINT('',(-2.563950248511E-16,3.49503809816E-16,0.));
#1438 = DIRECTION('',(0.,0.,1.));
#1439 = DIRECTION('',(1.,0.,-0.));
#1440 = DEFINITIONAL_REPRESENTATION('',(#1441),#1445);
#1441 = CIRCLE('',#1442,4.);
#1442 = AXIS2_PLACEMENT_2D('',#1443,#1444);
#1443 = CARTESIAN_POINT('',(2.563950248511E-16,-3.49503809816E-16));
#1444 = DIRECTION('',(1.,0.));
#1445 = ( GEOMETRIC_REPRESENTATION_CONTEXT(2) 
PARAMETRIC_REPRESENTATION_CONTEXT() REPRESENTATION_CONTEXT('2D SPACE',''
  ) );
#1446 = ORIENTED_EDGE('',*,*,#1447,.T.);
#1447 = EDGE_CURVE('',#1414,#1448,#1450,.T.);
#1448 = VERTEX_POINT('',#1449);
#1449 = CARTESIAN_POINT('',(4.,0.,2.284709876743));
#1450 = SEAM_CURVE('',#1451,(#1455,#1462),.PCURVE_S1.);
#1451 = LINE('',#1452,#1453);
#1452 = CARTESIAN_POINT('',(4.,0.,0.));
#1453 = VECTOR('',#1454,1.);
#1454 = DIRECTION('',(0.,0.,1.));
#1455 = PCURVE('',#1423,#1456);
#1456 = DEFINITIONAL_REPRESENTATION('',(#1457),#1461);
#1457 = LINE('',#1458,#1459);
#1458 = CARTESIAN_POINT('',(-6.28318530718,0.));
#1459 = VECTOR('',#1460,1.);
#1460 = DIRECTION('',(-0.,-1.));
#1461 = ( GEOMETRIC_REPRESENTATION_CONTEXT(2) 
PARAMETRIC_REPRESENTATION_CONTEXT() REPRESENTATION_CONTEXT('2D SPACE',''
  ) );
#1462 = PCURVE('',#1423,#1463);
#1463 = DEFINITIONAL_REPRESENTATION('',(#1464),#1468);
#1464 = LINE('',#1465,#1466);
#1465 = CARTESIAN_POINT('',(-0.,0.));
#1466 = VECTOR('',#1467,1.);
#1467 = DIRECTION('',(-0.,-1.));
#1468 = ( GEOMETRIC_REPRESENTATION_CONTEXT(2) 
PARAMETRIC_REPRESENTATION_CONTEXT() REPRESENTATION_CONTEXT('2D SPACE',''
  ) );
#1469 = ORIENTED_EDGE('',*,*,#1470,.T.);
#1470 = EDGE_CURVE('',#1448,#1448,#1471,.T.);
#1471 = SURFACE_CURVE('',#1472,(#1477,#1504),.PCURVE_S1.);
#1472 = ELLIPSE('',#1473,4.061706447543,4.);
#1473 = AXIS2_PLACEMENT_3D('',#1474,#1475,#1476);
#1474 = CARTESIAN_POINT('',(0.,0.,2.284709876743));
#1475 = DIRECTION('',(0.,-0.173648177667,0.984807753012));
#1476 = DIRECTION('',(0.,-0.984807753012,-0.173648177667));
#1477 = PCURVE('',#1423,#1478);
#1478 = DEFINITIONAL_REPRESENTATION('',(#1479),#1503);
#1479 = B_SPLINE_CURVE_WITH_KNOTS('',8,(#1480,#1481,#1482,#1483,#1484,
    #1485,#1486,#1487,#1488,#1489,#1490,#1491,#1492,#1493,#1494,#1495,
    #1496,#1497,#1498,#1499,#1500,#1501,#1502),.UNSPECIFIED.,.F.,.F.,(9,
    7,7,9),(1.570796326795,3.14159265359,5.497787143782,7.853981633974),
  .UNSPECIFIED.);
#1480 = CARTESIAN_POINT('',(0.,-2.284709876743));
#1481 = CARTESIAN_POINT('',(-0.196349540849,-2.423196763549));
#1482 = CARTESIAN_POINT('',(-0.392699081699,-2.56168316835));
#1483 = CARTESIAN_POINT('',(-0.589048622548,-2.692036508867));
#1484 = CARTESIAN_POINT('',(-0.785398163398,-2.8061120491));
#1485 = CARTESIAN_POINT('',(-0.981747704248,-2.896790771866));
#1486 = CARTESIAN_POINT('',(-1.178097245096,-2.958940871391));
#1487 = CARTESIAN_POINT('',(-1.374446785946,-2.990017799577));
#1488 = CARTESIAN_POINT('',(-1.865320638069,-2.990017799577));
#1489 = CARTESIAN_POINT('',(-2.159844949333,-2.92009445211));
#1490 = CARTESIAN_POINT('',(-2.45436926061,-2.780261006236));
#1491 = CARTESIAN_POINT('',(-2.748893571855,-2.583401026548));
#1492 = CARTESIAN_POINT('',(-3.043417883183,-2.355545533255));
#1493 = CARTESIAN_POINT('',(-3.337942194427,-2.129200717417));
#1494 = CARTESIAN_POINT('',(-3.632466505713,-1.932869386831));
#1495 = CARTESIAN_POINT('',(-4.221515128261,-1.639094336534));
#1496 = CARTESIAN_POINT('',(-4.516039439523,-1.541649552265));
#1497 = CARTESIAN_POINT('',(-4.810563750809,-1.513059092024));
#1498 = CARTESIAN_POINT('',(-5.105088062058,-1.563605651972));
#1499 = CARTESIAN_POINT('',(-5.399612373342,-1.688982001081));
#1500 = CARTESIAN_POINT('',(-5.694136684625,-1.869248463571));
#1501 = CARTESIAN_POINT('',(-5.988660995906,-2.076979546534));
#1502 = CARTESIAN_POINT('',(-6.28318530718,-2.284709876743));
#1503 = ( GEOMETRIC_REPRESENTATION_CONTEXT(2) 
PARAMETRIC_REPRESENTATION_CONTEXT() REPRESENTATION_CONTEXT('2D SPACE',''
  ) );
#1504 = PCURVE('',#1505,#1510);
#1505 = PLANE('',#1506);
#1506 = AXIS2_PLACEMENT_3D('',#1507,#1508,#1509);
#1507 = CARTESIAN_POINT('',(-63.5,-6.299554917824,1.173928378276));
#1508 = DIRECTION('',(0.,-0.173648177667,0.984807753012));
#1509 = DIRECTION('',(1.,0.,0.));
#1510 = DEFINITIONAL_REPRESENTATION('',(#1511),#1515);
#1511 = ELLIPSE('',#1512,4.061706447543,4.);
#1512 = AXIS2_PLACEMENT_2D('',#1513,#1514);
#1513 = CARTESIAN_POINT('',(63.5,6.396735706594));
#1514 = DIRECTION('',(0.,-1.));
#1515 = ( GEOMETRIC_REPRESENTATION_CONTEXT(2) 
PARAMETRIC_REPRESENTATION_CONTEXT() REPRESENTATION_CONTEXT('2D SPACE',''
  ) );
#1516 = ORIENTED_EDGE('',*,*,#1447,.F.);
#1517 = ADVANCED_FACE('',(#1518),#1435,.F.);
#1518 = FACE_BOUND('',#1519,.F.);
#1519 = EDGE_LOOP('',(#1520));
#1520 = ORIENTED_EDGE('',*,*,#1413,.T.);
#1521 = ADVANCED_FACE('',(#1522,#1636),#1505,.F.);
#1522 = FACE_BOUND('',#1523,.F.);
#1523 = EDGE_LOOP('',(#1524,#1554,#1582,#1610));
#1524 = ORIENTED_EDGE('',*,*,#1525,.F.);
#1525 = EDGE_CURVE('',#1526,#1528,#1530,.T.);
#1526 = VERTEX_POINT('',#1527);
#1527 = CARTESIAN_POINT('',(-63.5,-6.299554917824,1.173928378276));
#1528 = VERTEX_POINT('',#1529);
#1529 = CARTESIAN_POINT('',(-63.5,5.518138118323,3.257706510279));
#1530 = SURFACE_CURVE('',#1531,(#1535,#1542),.PCURVE_S1.);
#1531 = LINE('',#1532,#1533);
#1532 = CARTESIAN_POINT('',(-63.5,-6.299554917824,1.173928378276));
#1533 = VECTOR('',#1534,1.);
#1534 = DIRECTION('',(0.,0.984807753012,0.173648177667));
#1535 = PCURVE('',#1505,#1536);
#1536 = DEFINITIONAL_REPRESENTATION('',(#1537),#1541);
#1537 = LINE('',#1538,#1539);
#1538 = CARTESIAN_POINT('',(0.,0.));
#1539 = VECTOR('',#1540,1.);
#1540 = DIRECTION('',(0.,1.));
#1541 = ( GEOMETRIC_REPRESENTATION_CONTEXT(2) 
PARAMETRIC_REPRESENTATION_CONTEXT() REPRESENTATION_CONTEXT('2D SPACE',''
  ) );
#1542 = PCURVE('',#1543,#1548);
#1543 = PLANE('',#1544);
#1544 = AXIS2_PLACEMENT_3D('',#1545,#1546,#1547);
#1545 = CARTESIAN_POINT('',(-63.5,-6.299554917824,1.173928378276));
#1546 = DIRECTION('',(1.,0.,0.));
#1547 = DIRECTION('',(0.,-0.173648177667,0.984807753012));
#1548 = DEFINITIONAL_REPRESENTATION('',(#1549),#1553);
#1549 = LINE('',#1550,#1551);
#1550 = CARTESIAN_POINT('',(0.,0.));
#1551 = VECTOR('',#1552,1.);
#1552 = DIRECTION('',(0.,-1.));
#1553 = ( GEOMETRIC_REPRESENTATION_CONTEXT(2) 
PARAMETRIC_REPRESENTATION_CONTEXT() REPRESENTATION_CONTEXT('2D SPACE',''
  ) );
#1554 = ORIENTED_EDGE('',*,*,#1555,.T.);
#1555 = EDGE_CURVE('',#1526,#1556,#1558,.T.);
#1556 = VERTEX_POINT('',#1557);
#1557 = CARTESIAN_POINT('',(63.5,-6.299554917824,1.173928378276));
#1558 = SURFACE_CURVE('',#1559,(#1563,#1570),.PCURVE_S1.);
#1559 = LINE('',#1560,#1561);
#1560 = CARTESIAN_POINT('',(-63.5,-6.299554917824,1.173928378276));
#1561 = VECTOR('',#1562,1.);
#1562 = DIRECTION('',(1.,0.,0.));
#1563 = PCURVE('',#1505,#1564);
#1564 = DEFINITIONAL_REPRESENTATION('',(#1565),#1569);
#1565 = LINE('',#1566,#1567);
#1566 = CARTESIAN_POINT('',(0.,0.));
#1567 = VECTOR('',#1568,1.);
#1568 = DIRECTION('',(1.,0.));
#1569 = ( GEOMETRIC_REPRESENTATION_CONTEXT(2) 
PARAMETRIC_REPRESENTATION_CONTEXT() REPRESENTATION_CONTEXT('2D SPACE',''
  ) );
#1570 = PCURVE('',#1571,#1576);
#1571 = PLANE('',#1572);
#1572 = AXIS2_PLACEMENT_3D('',#1573,#1574,#1575);
#1573 = CARTESIAN_POINT('',(-63.5,-6.299554917824,1.173928378276));
#1574 = DIRECTION('',(0.,0.984807753012,0.173648177667));
#1575 = DIRECTION('',(0.,-0.173648177667,0.984807753012));
#1576 = DEFINITIONAL_REPRESENTATION('',(#1577),#1581);
#1577 = LINE('',#1578,#1579);
#1578 = CARTESIAN_POINT('',(0.,0.));
#1579 = VECTOR('',#1580,1.);
#1580 = DIRECTION('',(0.,1.));
#1581 = ( GEOMETRIC_REPRESENTATION_CONTEXT(2) 
PARAMETRIC_REPRESENTATION_CONTEXT() REPRESENTATION_CONTEXT('2D SPACE',''
  ) );
#1582 = ORIENTED_EDGE('',*,*,#1583,.T.);
#1583 = EDGE_CURVE('',#1556,#1584,#1586,.T.);
#1584 = VERTEX_POINT('',#1585);
#1585 = CARTESIAN_POINT('',(63.5,5.518138118323,3.257706510279));
#1586 = SURFACE_CURVE('',#1587,(#1591,#1598),.PCURVE_S1.);
#1587 = LINE('',#1588,#1589);
#1588 = CARTESIAN_POINT('',(63.5,-6.299554917824,1.173928378276));
#1589 = VECTOR('',#1590,1.);
#1590 = DIRECTION('',(0.,0.984807753012,0.173648177667));
#1591 = PCURVE('',#1505,#1592);
#1592 = DEFINITIONAL_REPRESENTATION('',(#1593),#1597);
#1593 = LINE('',#1594,#1595);
#1594 = CARTESIAN_POINT('',(127.,0.));
#1595 = VECTOR('',#1596,1.);
#1596 = DIRECTION('',(0.,1.));
#1597 = ( GEOMETRIC_REPRESENTATION_CONTEXT(2) 
PARAMETRIC_REPRESENTATION_CONTEXT() REPRESENTATION_CONTEXT('2D SPACE',''
  ) );
#1598 = PCURVE('',#1599,#1604);
#1599 = PLANE('',#1600);
#1600 = AXIS2_PLACEMENT_3D('',#1601,#1602,#1603);
#1601 = CARTESIAN_POINT('',(63.5,-6.299554917824,1.173928378276));
#1602 = DIRECTION('',(1.,0.,0.));
#1603 = DIRECTION('',(0.,-0.173648177667,0.984807753012));
#1604 = DEFINITIONAL_REPRESENTATION('',(#1605),#1609);
#1605 = LINE('',#1606,#1607);
#1606 = CARTESIAN_POINT('',(0.,0.));
#1607 = VECTOR('',#1608,1.);
#1608 = DIRECTION('',(0.,-1.));
#1609 = ( GEOMETRIC_REPRESENTATION_CONTEXT(2) 
PARAMETRIC_REPRESENTATION_CONTEXT() REPRESENTATION_CONTEXT('2D SPACE',''
  ) );
#1610 = ORIENTED_EDGE('',*,*,#1611,.F.);
#1611 = EDGE_CURVE('',#1528,#1584,#1612,.T.);
#1612 = SURFACE_CURVE('',#1613,(#1617,#1624),.PCURVE_S1.);
#1613 = LINE('',#1614,#1615);
#1614 = CARTESIAN_POINT('',(-63.5,5.518138118323,3.257706510279));
#1615 = VECTOR('',#1616,1.);
#1616 = DIRECTION('',(1.,0.,0.));
#1617 = PCURVE('',#1505,#1618);
#1618 = DEFINITIONAL_REPRESENTATION('',(#1619),#1623);
#1619 = LINE('',#1620,#1621);
#1620 = CARTESIAN_POINT('',(0.,12.));
#1621 = VECTOR('',#1622,1.);
#1622 = DIRECTION('',(1.,0.));
#1623 = ( GEOMETRIC_REPRESENTATION_CONTEXT(2) 
PARAMETRIC_REPRESENTATION_CONTEXT() REPRESENTATION_CONTEXT('2D SPACE',''
  ) );
#1624 = PCURVE('',#1625,#1630);
#1625 = PLANE('',#1626);
#1626 = AXIS2_PLACEMENT_3D('',#1627,#1628,#1629);
#1627 = CARTESIAN_POINT('',(-63.5,5.518138118323,3.257706510279));
#1628 = DIRECTION('',(0.,0.984807753012,0.173648177667));
#1629 = DIRECTION('',(0.,-0.173648177667,0.984807753012));
#1630 = DEFINITIONAL_REPRESENTATION('',(#1631),#1635);
#1631 = LINE('',#1632,#1633);
#1632 = CARTESIAN_POINT('',(0.,0.));
#1633 = VECTOR('',#1634,1.);
#1634 = DIRECTION('',(0.,1.));
#1635 = ( GEOMETRIC_REPRESENTATION_CONTEXT(2) 
PARAMETRIC_REPRESENTATION_CONTEXT() REPRESENTATION_CONTEXT('2D SPACE',''
  ) );
#1636 = FACE_BOUND('',#1637,.F.);
#1637 = EDGE_LOOP('',(#1638));
#1638 = ORIENTED_EDGE('',*,*,#1470,.F.);
#1639 = ADVANCED_FACE('',(#1640),#1543,.F.);
#1640 = FACE_BOUND('',#1641,.F.);
#1641 = EDGE_LOOP('',(#1642,#1665,#1666,#1689));
#1642 = ORIENTED_EDGE('',*,*,#1643,.F.);
#1643 = EDGE_CURVE('',#1526,#1644,#1646,.T.);
#1644 = VERTEX_POINT('',#1645);
#1645 = CARTESIAN_POINT('',(-63.5,-6.560027184324,2.651140007794));
#1646 = SURFACE_CURVE('',#1647,(#1651,#1658),.PCURVE_S1.);
#1647 = LINE('',#1648,#1649);
#1648 = CARTESIAN_POINT('',(-63.5,-6.299554917824,1.173928378276));
#1649 = VECTOR('',#1650,1.);
#1650 = DIRECTION('',(0.,-0.173648177667,0.984807753012));
#1651 = PCURVE('',#1543,#1652);
#1652 = DEFINITIONAL_REPRESENTATION('',(#1653),#1657);
#1653 = LINE('',#1654,#1655);
#1654 = CARTESIAN_POINT('',(0.,0.));
#1655 = VECTOR('',#1656,1.);
#1656 = DIRECTION('',(1.,0.));
#1657 = ( GEOMETRIC_REPRESENTATION_CONTEXT(2) 
PARAMETRIC_REPRESENTATION_CONTEXT() REPRESENTATION_CONTEXT('2D SPACE',''
  ) );
#1658 = PCURVE('',#1571,#1659);
#1659 = DEFINITIONAL_REPRESENTATION('',(#1660),#1664);
#1660 = LINE('',#1661,#1662);
#1661 = CARTESIAN_POINT('',(0.,0.));
#1662 = VECTOR('',#1663,1.);
#1663 = DIRECTION('',(1.,0.));
#1664 = ( GEOMETRIC_REPRESENTATION_CONTEXT(2) 
PARAMETRIC_REPRESENTATION_CONTEXT() REPRESENTATION_CONTEXT('2D SPACE',''
  ) );
#1665 = ORIENTED_EDGE('',*,*,#1525,.T.);
#1666 = ORIENTED_EDGE('',*,*,#1667,.T.);
#1667 = EDGE_CURVE('',#1528,#1668,#1670,.T.);
#1668 = VERTEX_POINT('',#1669);
#1669 = CARTESIAN_POINT('',(-63.5,5.257665851822,4.734918139797));
#1670 = SURFACE_CURVE('',#1671,(#1675,#1682),.PCURVE_S1.);
#1671 = LINE('',#1672,#1673);
#1672 = CARTESIAN_POINT('',(-63.5,5.518138118323,3.257706510279));
#1673 = VECTOR('',#1674,1.);
#1674 = DIRECTION('',(0.,-0.173648177667,0.984807753012));
#1675 = PCURVE('',#1543,#1676);
#1676 = DEFINITIONAL_REPRESENTATION('',(#1677),#1681);
#1677 = LINE('',#1678,#1679);
#1678 = CARTESIAN_POINT('',(-4.440892098501E-16,-12.));
#1679 = VECTOR('',#1680,1.);
#1680 = DIRECTION('',(1.,0.));
#1681 = ( GEOMETRIC_REPRESENTATION_CONTEXT(2) 
PARAMETRIC_REPRESENTATION_CONTEXT() REPRESENTATION_CONTEXT('2D SPACE',''
  ) );
#1682 = PCURVE('',#1625,#1683);
#1683 = DEFINITIONAL_REPRESENTATION('',(#1684),#1688);
#1684 = LINE('',#1685,#1686);
#1685 = CARTESIAN_POINT('',(0.,0.));
#1686 = VECTOR('',#1687,1.);
#1687 = DIRECTION('',(1.,0.));
#1688 = ( GEOMETRIC_REPRESENTATION_CONTEXT(2) 
PARAMETRIC_REPRESENTATION_CONTEXT() REPRESENTATION_CONTEXT('2D SPACE',''
  ) );
#1689 = ORIENTED_EDGE('',*,*,#1690,.F.);
#1690 = EDGE_CURVE('',#1644,#1668,#1691,.T.);
#1691 = SURFACE_CURVE('',#1692,(#1696,#1703),.PCURVE_S1.);
#1692 = LINE('',#1693,#1694);
#1693 = CARTESIAN_POINT('',(-63.5,-6.560027184324,2.651140007794));
#1694 = VECTOR('',#1695,1.);
#1695 = DIRECTION('',(0.,0.984807753012,0.173648177667));
#1696 = PCURVE('',#1543,#1697);
#1697 = DEFINITIONAL_REPRESENTATION('',(#1698),#1702);
#1698 = LINE('',#1699,#1700);
#1699 = CARTESIAN_POINT('',(1.5,-3.885780586188E-16));
#1700 = VECTOR('',#1701,1.);
#1701 = DIRECTION('',(0.,-1.));
#1702 = ( GEOMETRIC_REPRESENTATION_CONTEXT(2) 
PARAMETRIC_REPRESENTATION_CONTEXT() REPRESENTATION_CONTEXT('2D SPACE',''
  ) );
#1703 = PCURVE('',#1704,#1709);
#1704 = PLANE('',#1705);
#1705 = AXIS2_PLACEMENT_3D('',#1706,#1707,#1708);
#1706 = CARTESIAN_POINT('',(-63.5,-6.560027184324,2.651140007794));
#1707 = DIRECTION('',(0.,-0.173648177667,0.984807753012));
#1708 = DIRECTION('',(1.,0.,0.));
#1709 = DEFINITIONAL_REPRESENTATION('',(#1710),#1714);
#1710 = LINE('',#1711,#1712);
#1711 = CARTESIAN_POINT('',(0.,0.));
#1712 = VECTOR('',#1713,1.);
#1713 = DIRECTION('',(0.,1.));
#1714 = ( GEOMETRIC_REPRESENTATION_CONTEXT(2) 
PARAMETRIC_REPRESENTATION_CONTEXT() REPRESENTATION_CONTEXT('2D SPACE',''
  ) );
#1715 = ADVANCED_FACE('',(#1716),#1625,.T.);
#1716 = FACE_BOUND('',#1717,.T.);
#1717 = EDGE_LOOP('',(#1718,#1719,#1720,#1743));
#1718 = ORIENTED_EDGE('',*,*,#1611,.F.);
#1719 = ORIENTED_EDGE('',*,*,#1667,.T.);
#1720 = ORIENTED_EDGE('',*,*,#1721,.T.);
#1721 = EDGE_CURVE('',#1668,#1722,#1724,.T.);
#1722 = VERTEX_POINT('',#1723);
#1723 = CARTESIAN_POINT('',(63.5,5.257665851822,4.734918139797));
#1724 = SURFACE_CURVE('',#1725,(#1729,#1736),.PCURVE_S1.);
#1725 = LINE('',#1726,#1727);
#1726 = CARTESIAN_POINT('',(-63.5,5.257665851822,4.734918139797));
#1727 = VECTOR('',#1728,1.);
#1728 = DIRECTION('',(1.,0.,0.));
#1729 = PCURVE('',#1625,#1730);
#1730 = DEFINITIONAL_REPRESENTATION('',(#1731),#1735);
#1731 = LINE('',#1732,#1733);
#1732 = CARTESIAN_POINT('',(1.5,0.));
#1733 = VECTOR('',#1734,1.);
#1734 = DIRECTION('',(0.,1.));
#1735 = ( GEOMETRIC_REPRESENTATION_CONTEXT(2) 
PARAMETRIC_REPRESENTATION_CONTEXT() REPRESENTATION_CONTEXT('2D SPACE',''
  ) );
#1736 = PCURVE('',#1704,#1737);
#1737 = DEFINITIONAL_REPRESENTATION('',(#1738),#1742);
#1738 = LINE('',#1739,#1740);
#1739 = CARTESIAN_POINT('',(0.,12.));
#1740 = VECTOR('',#1741,1.);
#1741 = DIRECTION('',(1.,0.));
#1742 = ( GEOMETRIC_REPRESENTATION_CONTEXT(2) 
PARAMETRIC_REPRESENTATION_CONTEXT() REPRESENTATION_CONTEXT('2D SPACE',''
  ) );
#1743 = ORIENTED_EDGE('',*,*,#1744,.F.);
#1744 = EDGE_CURVE('',#1584,#1722,#1745,.T.);
#1745 = SURFACE_CURVE('',#1746,(#1750,#1757),.PCURVE_S1.);
#1746 = LINE('',#1747,#1748);
#1747 = CARTESIAN_POINT('',(63.5,5.518138118323,3.257706510279));
#1748 = VECTOR('',#1749,1.);
#1749 = DIRECTION('',(0.,-0.173648177667,0.984807753012));
#1750 = PCURVE('',#1625,#1751);
#1751 = DEFINITIONAL_REPRESENTATION('',(#1752),#1756);
#1752 = LINE('',#1753,#1754);
#1753 = CARTESIAN_POINT('',(0.,127.));
#1754 = VECTOR('',#1755,1.);
#1755 = DIRECTION('',(1.,0.));
#1756 = ( GEOMETRIC_REPRESENTATION_CONTEXT(2) 
PARAMETRIC_REPRESENTATION_CONTEXT() REPRESENTATION_CONTEXT('2D SPACE',''
  ) );
#1757 = PCURVE('',#1599,#1758);
#1758 = DEFINITIONAL_REPRESENTATION('',(#1759),#1763);
#1759 = LINE('',#1760,#1761);
#1760 = CARTESIAN_POINT('',(-4.440892098501E-16,-12.));
#1761 = VECTOR('',#1762,1.);
#1762 = DIRECTION('',(1.,0.));
#1763 = ( GEOMETRIC_REPRESENTATION_CONTEXT(2) 
PARAMETRIC_REPRESENTATION_CONTEXT() REPRESENTATION_CONTEXT('2D SPACE',''
  ) );
#1764 = ADVANCED_FACE('',(#1765),#1571,.F.);
#1765 = FACE_BOUND('',#1766,.F.);
#1766 = EDGE_LOOP('',(#1767,#1768,#1769,#1792));
#1767 = ORIENTED_EDGE('',*,*,#1555,.F.);
#1768 = ORIENTED_EDGE('',*,*,#1643,.T.);
#1769 = ORIENTED_EDGE('',*,*,#1770,.T.);
#1770 = EDGE_CURVE('',#1644,#1771,#1773,.T.);
#1771 = VERTEX_POINT('',#1772);
#1772 = CARTESIAN_POINT('',(63.5,-6.560027184324,2.651140007794));
#1773 = SURFACE_CURVE('',#1774,(#1778,#1785),.PCURVE_S1.);
#1774 = LINE('',#1775,#1776);
#1775 = CARTESIAN_POINT('',(-63.5,-6.560027184324,2.651140007794));
#1776 = VECTOR('',#1777,1.);
#1777 = DIRECTION('',(1.,0.,0.));
#1778 = PCURVE('',#1571,#1779);
#1779 = DEFINITIONAL_REPRESENTATION('',(#1780),#1784);
#1780 = LINE('',#1781,#1782);
#1781 = CARTESIAN_POINT('',(1.5,0.));
#1782 = VECTOR('',#1783,1.);
#1783 = DIRECTION('',(0.,1.));
#1784 = ( GEOMETRIC_REPRESENTATION_CONTEXT(2) 
PARAMETRIC_REPRESENTATION_CONTEXT() REPRESENTATION_CONTEXT('2D SPACE',''
  ) );
#1785 = PCURVE('',#1704,#1786);
#1786 = DEFINITIONAL_REPRESENTATION('',(#1787),#1791);
#1787 = LINE('',#1788,#1789);
#1788 = CARTESIAN_POINT('',(0.,0.));
#1789 = VECTOR('',#1790,1.);
#1790 = DIRECTION('',(1.,0.));
#1791 = ( GEOMETRIC_REPRESENTATION_CONTEXT(2) 
PARAMETRIC_REPRESENTATION_CONTEXT() REPRESENTATION_CONTEXT('2D SPACE',''
  ) );
#1792 = ORIENTED_EDGE('',*,*,#1793,.F.);
#1793 = EDGE_CURVE('',#1556,#1771,#1794,.T.);
#1794 = SURFACE_CURVE('',#1795,(#1799,#1806),.PCURVE_S1.);
#1795 = LINE('',#1796,#1797);
#1796 = CARTESIAN_POINT('',(63.5,-6.299554917824,1.173928378276));
#1797 = VECTOR('',#1798,1.);
#1798 = DIRECTION('',(0.,-0.173648177667,0.984807753012));
#1799 = PCURVE('',#1571,#1800);
#1800 = DEFINITIONAL_REPRESENTATION('',(#1801),#1805);
#1801 = LINE('',#1802,#1803);
#1802 = CARTESIAN_POINT('',(0.,127.));
#1803 = VECTOR('',#1804,1.);
#1804 = DIRECTION('',(1.,0.));
#1805 = ( GEOMETRIC_REPRESENTATION_CONTEXT(2) 
PARAMETRIC_REPRESENTATION_CONTEXT() REPRESENTATION_CONTEXT('2D SPACE',''
  ) );
#1806 = PCURVE('',#1599,#1807);
#1807 = DEFINITIONAL_REPRESENTATION('',(#1808),#1812);
#1808 = LINE('',#1809,#1810);
#1809 = CARTESIAN_POINT('',(0.,0.));
#1810 = VECTOR('',#1811,1.);
#1811 = DIRECTION('',(1.,0.));
#1812 = ( GEOMETRIC_REPRESENTATION_CONTEXT(2) 
PARAMETRIC_REPRESENTATION_CONTEXT() REPRESENTATION_CONTEXT('2D SPACE',''
  ) );
#1813 = ADVANCED_FACE('',(#1814),#1599,.T.);
#1814 = FACE_BOUND('',#1815,.T.);
#1815 = EDGE_LOOP('',(#1816,#1817,#1818,#1819));
#1816 = ORIENTED_EDGE('',*,*,#1793,.F.);
#1817 = ORIENTED_EDGE('',*,*,#1583,.T.);
#1818 = ORIENTED_EDGE('',*,*,#1744,.T.);
#1819 = ORIENTED_EDGE('',*,*,#1820,.F.);
#1820 = EDGE_CURVE('',#1771,#1722,#1821,.T.);
#1821 = SURFACE_CURVE('',#1822,(#1826,#1833),.PCURVE_S1.);
#1822 = LINE('',#1823,#1824);
#1823 = CARTESIAN_POINT('',(63.5,-6.560027184324,2.651140007794));
#1824 = VECTOR('',#1825,1.);
#1825 = DIRECTION('',(0.,0.984807753012,0.173648177667));
#1826 = PCURVE('',#1599,#1827);
#1827 = DEFINITIONAL_REPRESENTATION('',(#1828),#1832);
#1828 = LINE('',#1829,#1830);
#1829 = CARTESIAN_POINT('',(1.5,-3.885780586188E-16));
#1830 = VECTOR('',#1831,1.);
#1831 = DIRECTION('',(0.,-1.));
#1832 = ( GEOMETRIC_REPRESENTATION_CONTEXT(2) 
PARAMETRIC_REPRESENTATION_CONTEXT() REPRESENTATION_CONTEXT('2D SPACE',''
  ) );
#1833 = PCURVE('',#1704,#1834);
#1834 = DEFINITIONAL_REPRESENTATION('',(#1835),#1839);
#1835 = LINE('',#1836,#1837);
#1836 = CARTESIAN_POINT('',(127.,0.));
#1837 = VECTOR('',#1838,1.);
#1838 = DIRECTION('',(0.,1.));
#1839 = ( GEOMETRIC_REPRESENTATION_CONTEXT(2) 
PARAMETRIC_REPRESENTATION_CONTEXT() REPRESENTATION_CONTEXT('2D SPACE',''
  ) );
#1840 = ADVANCED_FACE('',(#1841,#1847),#1704,.T.);
#1841 = FACE_BOUND('',#1842,.T.);
#1842 = EDGE_LOOP('',(#1843,#1844,#1845,#1846));
#1843 = ORIENTED_EDGE('',*,*,#1690,.F.);
#1844 = ORIENTED_EDGE('',*,*,#1770,.T.);
#1845 = ORIENTED_EDGE('',*,*,#1820,.T.);
#1846 = ORIENTED_EDGE('',*,*,#1721,.F.);
#1847 = FACE_BOUND('',#1848,.T.);
#1848 = EDGE_LOOP('',(#1849));
#1849 = ORIENTED_EDGE('',*,*,#1850,.F.);
#1850 = EDGE_CURVE('',#1851,#1851,#1853,.T.);
#1851 = VERTEX_POINT('',#1852);
#1852 = CARTESIAN_POINT('',(4.,0.,3.807849794572));
#1853 = SURFACE_CURVE('',#1854,(#1859,#1866),.PCURVE_S1.);
#1854 = ELLIPSE('',#1855,4.061706447543,4.);
#1855 = AXIS2_PLACEMENT_3D('',#1856,#1857,#1858);
#1856 = CARTESIAN_POINT('',(0.,0.,3.807849794572));
#1857 = DIRECTION('',(0.,-0.173648177667,0.984807753012));
#1858 = DIRECTION('',(0.,-0.984807753012,-0.173648177667));
#1859 = PCURVE('',#1704,#1860);
#1860 = DEFINITIONAL_REPRESENTATION('',(#1861),#1865);
#1861 = ELLIPSE('',#1862,4.061706447543,4.);
#1862 = AXIS2_PLACEMENT_2D('',#1863,#1864);
#1863 = CARTESIAN_POINT('',(63.5,6.661226177657));
#1864 = DIRECTION('',(0.,-1.));
#1865 = ( GEOMETRIC_REPRESENTATION_CONTEXT(2) 
PARAMETRIC_REPRESENTATION_CONTEXT() REPRESENTATION_CONTEXT('2D SPACE',''
  ) );
#1866 = PCURVE('',#1867,#1872);
#1867 = CYLINDRICAL_SURFACE('',#1868,4.);
#1868 = AXIS2_PLACEMENT_3D('',#1869,#1870,#1871);
#1869 = CARTESIAN_POINT('',(0.,0.,0.));
#1870 = DIRECTION('',(-0.,-0.,-1.));
#1871 = DIRECTION('',(1.,0.,0.));
#1872 = DEFINITIONAL_REPRESENTATION('',(#1873),#1897);
#1873 = B_SPLINE_CURVE_WITH_KNOTS('',8,(#1874,#1875,#1876,#1877,#1878,
    #1879,#1880,#1881,#1882,#1883,#1884,#1885,#1886,#1887,#1888,#1889,
    #1890,#1891,#1892,#1893,#1894,#1895,#1896),.UNSPECIFIED.,.F.,.F.,(9,
    7,7,9),(1.570796326795,3.14159265359,5.497787143782,7.853981633974),
  .UNSPECIFIED.);
#1874 = CARTESIAN_POINT('',(0.,-3.807849794572));
#1875 = CARTESIAN_POINT('',(-0.196349540849,-3.946336681377));
#1876 = CARTESIAN_POINT('',(-0.392699081699,-4.084823086179));
#1877 = CARTESIAN_POINT('',(-0.589048622548,-4.215176426696));
#1878 = CARTESIAN_POINT('',(-0.785398163398,-4.32925196693));
#1879 = CARTESIAN_POINT('',(-0.981747704248,-4.419930689697));
#1880 = CARTESIAN_POINT('',(-1.178097245096,-4.482080789219));
#1881 = CARTESIAN_POINT('',(-1.374446785946,-4.513157717405));
#1882 = CARTESIAN_POINT('',(-1.865320638069,-4.513157717405));
#1883 = CARTESIAN_POINT('',(-2.159844949333,-4.44323436993));
#1884 = CARTESIAN_POINT('',(-2.45436926061,-4.303400924091));
#1885 = CARTESIAN_POINT('',(-2.748893571855,-4.106540944322));
#1886 = CARTESIAN_POINT('',(-3.043417883183,-3.878685451107));
#1887 = CARTESIAN_POINT('',(-3.337942194427,-3.652340635238));
#1888 = CARTESIAN_POINT('',(-3.632466505713,-3.45600930466));
#1889 = CARTESIAN_POINT('',(-4.221515128261,-3.162234254362));
#1890 = CARTESIAN_POINT('',(-4.516039439523,-3.064789470092));
#1891 = CARTESIAN_POINT('',(-4.810563750809,-3.036199009844));
#1892 = CARTESIAN_POINT('',(-5.105088062058,-3.08674556981));
#1893 = CARTESIAN_POINT('',(-5.399612373342,-3.212121918901));
#1894 = CARTESIAN_POINT('',(-5.694136684625,-3.392388381399));
#1895 = CARTESIAN_POINT('',(-5.988660995906,-3.600119464363));
#1896 = CARTESIAN_POINT('',(-6.28318530718,-3.807849794572));
#1897 = ( GEOMETRIC_REPRESENTATION_CONTEXT(2) 
PARAMETRIC_REPRESENTATION_CONTEXT() REPRESENTATION_CONTEXT('2D SPACE',''
  ) );
#1898 = ADVANCED_FACE('',(#1899),#1867,.T.);
#1899 = FACE_BOUND('',#1900,.F.);
#1900 = EDGE_LOOP('',(#1901,#1902,#1925,#1952));
#1901 = ORIENTED_EDGE('',*,*,#1850,.F.);
#1902 = ORIENTED_EDGE('',*,*,#1903,.T.);
#1903 = EDGE_CURVE('',#1851,#1904,#1906,.T.);
#1904 = VERTEX_POINT('',#1905);
#1905 = CARTESIAN_POINT('',(4.,0.,6.));
#1906 = SEAM_CURVE('',#1907,(#1911,#1918),.PCURVE_S1.);
#1907 = LINE('',#1908,#1909);
#1908 = CARTESIAN_POINT('',(4.,0.,0.));
#1909 = VECTOR('',#1910,1.);
#1910 = DIRECTION('',(0.,0.,1.));
#1911 = PCURVE('',#1867,#1912);
#1912 = DEFINITIONAL_REPRESENTATION('',(#1913),#1917);
#1913 = LINE('',#1914,#1915);
#1914 = CARTESIAN_POINT('',(-6.28318530718,0.));
#1915 = VECTOR('',#1916,1.);
#1916 = DIRECTION('',(-0.,-1.));
#1917 = ( GEOMETRIC_REPRESENTATION_CONTEXT(2) 
PARAMETRIC_REPRESENTATION_CONTEXT() REPRESENTATION_CONTEXT('2D SPACE',''
  ) );
#1918 = PCURVE('',#1867,#1919);
#1919 = DEFINITIONAL_REPRESENTATION('',(#1920),#1924);
#1920 = LINE('',#1921,#1922);
#1921 = CARTESIAN_POINT('',(-0.,0.));
#1922 = VECTOR('',#1923,1.);
#1923 = DIRECTION('',(-0.,-1.));
#1924 = ( GEOMETRIC_REPRESENTATION_CONTEXT(2) 
PARAMETRIC_REPRESENTATION_CONTEXT() REPRESENTATION_CONTEXT('2D SPACE',''
  ) );
#1925 = ORIENTED_EDGE('',*,*,#1926,.T.);
#1926 = EDGE_CURVE('',#1904,#1904,#1927,.T.);
#1927 = SURFACE_CURVE('',#1928,(#1933,#1940),.PCURVE_S1.);
#1928 = CIRCLE('',#1929,4.);
#1929 = AXIS2_PLACEMENT_3D('',#1930,#1931,#1932);
#1930 = CARTESIAN_POINT('',(0.,0.,6.));
#1931 = DIRECTION('',(0.,0.,1.));
#1932 = DIRECTION('',(1.,0.,0.));
#1933 = PCURVE('',#1867,#1934);
#1934 = DEFINITIONAL_REPRESENTATION('',(#1935),#1939);
#1935 = LINE('',#1936,#1937);
#1936 = CARTESIAN_POINT('',(-0.,-6.));
#1937 = VECTOR('',#1938,1.);
#1938 = DIRECTION('',(-1.,0.));
#1939 = ( GEOMETRIC_REPRESENTATION_CONTEXT(2) 
PARAMETRIC_REPRESENTATION_CONTEXT() REPRESENTATION_CONTEXT('2D SPACE',''
  ) );
#1940 = PCURVE('',#1941,#1946);
#1941 = PLANE('',#1942);
#1942 = AXIS2_PLACEMENT_3D('',#1943,#1944,#1945);
#1943 = CARTESIAN_POINT('',(-2.563950248511E-16,3.49503809816E-16,6.));
#1944 = DIRECTION('',(0.,0.,1.));
#1945 = DIRECTION('',(1.,0.,-0.));
#1946 = DEFINITIONAL_REPRESENTATION('',(#1947),#1951);
#1947 = CIRCLE('',#1948,4.);
#1948 = AXIS2_PLACEMENT_2D('',#1949,#1950);
#1949 = CARTESIAN_POINT('',(2.563950248511E-16,-3.49503809816E-16));
#1950 = DIRECTION('',(1.,0.));
#1951 = ( GEOMETRIC_REPRESENTATION_CONTEXT(2) 
PARAMETRIC_REPRESENTATION_CONTEXT() REPRESENTATION_CONTEXT('2D SPACE',''
  ) );
#1952 = ORIENTED_EDGE('',*,*,#1903,.F.);
#1953 = ADVANCED_FACE('',(#1954),#1941,.T.);
#1954 = FACE_BOUND('',#1955,.T.);
#1955 = EDGE_LOOP('',(#1956));
#1956 = ORIENTED_EDGE('',*,*,#1926,.T.);
#1957 = ( GEOMETRIC_REPRESENTATION_CONTEXT(3) 
GLOBAL_UNCERTAINTY_ASSIGNED_CONTEXT((#1961)) 
GLOBAL_UNIT_ASSIGNED_CONTEXT((#1958,#1959,#1960)) REPRESENTATION_CONTEXT
('Context #1','3D Context with UNIT and UNCERTAINTY') );
#1958 = ( LENGTH_UNIT() NAMED_UNIT(*) SI_UNIT(.MILLI.,.METRE.) );
#1959 = ( NAMED_UNIT(*) PLANE_ANGLE_UNIT() SI_UNIT($,.RADIAN.) );
#1960 = ( NAMED_UNIT(*) SI_UNIT($,.STERADIAN.) SOLID_ANGLE_UNIT() );
#1961 = UNCERTAINTY_MEASURE_WITH_UNIT(LENGTH_MEASURE(1.E-07),#1958,
  'distance_accuracy_value','confusion accuracy');
#1962 = CONTEXT_DEPENDENT_SHAPE_REPRESENTATION(#1963,#1965);
#1963 = ( REPRESENTATION_RELATIONSHIP('','',#1406,#10) 
REPRESENTATION_RELATIONSHIP_WITH_TRANSFORMATION(#1964) 
SHAPE_REPRESENTATION_RELATIONSHIP() );
#1964 = ITEM_DEFINED_TRANSFORMATION('','',#11,#71);
#1965 = PRODUCT_DEFINITION_SHAPE('Placement','Placement of an item',
  #1966);
#1966 = NEXT_ASSEMBLY_USAGE_OCCURRENCE('50','Prop_FL','',#5,#1401,$);
#1967 = PRODUCT_RELATED_PRODUCT_CATEGORY('part',$,(#1403));
#1968 = CONTEXT_DEPENDENT_SHAPE_REPRESENTATION(#1969,#1971);
#1969 = ( REPRESENTATION_RELATIONSHIP('','',#1199,#10) 
REPRESENTATION_RELATIONSHIP_WITH_TRANSFORMATION(#1970) 
SHAPE_REPRESENTATION_RELATIONSHIP() );
#1970 = ITEM_DEFINED_TRANSFORMATION('','',#11,#75);
#1971 = PRODUCT_DEFINITION_SHAPE('Placement','Placement of an item',
  #1972);
#1972 = NEXT_ASSEMBLY_USAGE_OCCURRENCE('51','Motor_FR','',#5,#1194,$);
#1973 = CONTEXT_DEPENDENT_SHAPE_REPRESENTATION(#1974,#1976);
#1974 = ( REPRESENTATION_RELATIONSHIP('','',#1406,#10) 
REPRESENTATION_RELATIONSHIP_WITH_TRANSFORMATION(#1975) 
SHAPE_REPRESENTATION_RELATIONSHIP() );
#1975 = ITEM_DEFINED_TRANSFORMATION('','',#11,#79);
#1976 = PRODUCT_DEFINITION_SHAPE('Placement','Placement of an item',
  #1977);
#1977 = NEXT_ASSEMBLY_USAGE_OCCURRENCE('52','Prop_FR','',#5,#1401,$);
#1978 = CONTEXT_DEPENDENT_SHAPE_REPRESENTATION(#1979,#1981);
#1979 = ( REPRESENTATION_RELATIONSHIP('','',#1199,#10) 
REPRESENTATION_RELATIONSHIP_WITH_TRANSFORMATION(#1980) 
SHAPE_REPRESENTATION_RELATIONSHIP() );
#1980 = ITEM_DEFINED_TRANSFORMATION('','',#11,#83);
#1981 = PRODUCT_DEFINITION_SHAPE('Placement','Placement of an item',
  #1982);
#1982 = NEXT_ASSEMBLY_USAGE_OCCURRENCE('53','Motor_BL','',#5,#1194,$);
#1983 = CONTEXT_DEPENDENT_SHAPE_REPRESENTATION(#1984,#1986);
#1984 = ( REPRESENTATION_RELATIONSHIP('','',#1406,#10) 
REPRESENTATION_RELATIONSHIP_WITH_TRANSFORMATION(#1985) 
SHAPE_REPRESENTATION_RELATIONSHIP() );
#1985 = ITEM_DEFINED_TRANSFORMATION('','',#11,#87);
#1986 = PRODUCT_DEFINITION_SHAPE('Placement','Placement of an item',
  #1987);
#1987 = NEXT_ASSEMBLY_USAGE_OCCURRENCE('54','Prop_BL','',#5,#1401,$);
#1988 = CONTEXT_DEPENDENT_SHAPE_REPRESENTATION(#1989,#1991);
#1989 = ( REPRESENTATION_RELATIONSHIP('','',#1199,#10) 
REPRESENTATION_RELATIONSHIP_WITH_TRANSFORMATION(#1990) 
SHAPE_REPRESENTATION_RELATIONSHIP() );
#1990 = ITEM_DEFINED_TRANSFORMATION('','',#11,#91);
#1991 = PRODUCT_DEFINITION_SHAPE('Placement','Placement of an item',
  #1992);
#1992 = NEXT_ASSEMBLY_USAGE_OCCURRENCE('55','Motor_BR','',#5,#1194,$);
#1993 = CONTEXT_DEPENDENT_SHAPE_REPRESENTATION(#1994,#1996);
#1994 = ( REPRESENTATION_RELATIONSHIP('','',#1406,#10) 
REPRESENTATION_RELATIONSHIP_WITH_TRANSFORMATION(#1995) 
SHAPE_REPRESENTATION_RELATIONSHIP() );
#1995 = ITEM_DEFINED_TRANSFORMATION('','',#11,#95);
#1996 = PRODUCT_DEFINITION_SHAPE('Placement','Placement of an item',
  #1997);
#1997 = NEXT_ASSEMBLY_USAGE_OCCURRENCE('56','Prop_BR','',#5,#1401,$);
#1998 = SHAPE_DEFINITION_REPRESENTATION(#1999,#2005);
#1999 = PRODUCT_DEFINITION_SHAPE('','',#2000);
#2000 = PRODUCT_DEFINITION('design','',#2001,#2004);
#2001 = PRODUCT_DEFINITION_FORMATION('','',#2002);
#2002 = PRODUCT('Part37','Part37','',(#2003));
#2003 = PRODUCT_CONTEXT('',#2,'mechanical');
#2004 = PRODUCT_DEFINITION_CONTEXT('part definition',#2,'design');
#2005 = ADVANCED_BREP_SHAPE_REPRESENTATION('',(#11,#2006),#2584);
#2006 = MANIFOLD_SOLID_BREP('',#2007);
#2007 = CLOSED_SHELL('',(#2008,#2128,#2204,#2280,#2393,#2496,#2523,#2550
    ,#2557));
#2008 = ADVANCED_FACE('',(#2009),#2023,.F.);
#2009 = FACE_BOUND('',#2010,.F.);
#2010 = EDGE_LOOP('',(#2011,#2046,#2074,#2102));
#2011 = ORIENTED_EDGE('',*,*,#2012,.T.);
#2012 = EDGE_CURVE('',#2013,#2015,#2017,.T.);
#2013 = VERTEX_POINT('',#2014);
#2014 = CARTESIAN_POINT('',(2.75,0.,0.));
#2015 = VERTEX_POINT('',#2016);
#2016 = CARTESIAN_POINT('',(2.75,0.,20.));
#2017 = SURFACE_CURVE('',#2018,(#2022,#2034),.PCURVE_S1.);
#2018 = LINE('',#2019,#2020);
#2019 = CARTESIAN_POINT('',(2.75,0.,0.));
#2020 = VECTOR('',#2021,1.);
#2021 = DIRECTION('',(0.,0.,1.));
#2022 = PCURVE('',#2023,#2028);
#2023 = PLANE('',#2024);
#2024 = AXIS2_PLACEMENT_3D('',#2025,#2026,#2027);
#2025 = CARTESIAN_POINT('',(2.75,0.,0.));
#2026 = DIRECTION('',(-0.866025403784,-0.5,0.));
#2027 = DIRECTION('',(-0.5,0.866025403784,0.));
#2028 = DEFINITIONAL_REPRESENTATION('',(#2029),#2033);
#2029 = LINE('',#2030,#2031);
#2030 = CARTESIAN_POINT('',(0.,0.));
#2031 = VECTOR('',#2032,1.);
#2032 = DIRECTION('',(0.,-1.));
#2033 = ( GEOMETRIC_REPRESENTATION_CONTEXT(2) 
PARAMETRIC_REPRESENTATION_CONTEXT() REPRESENTATION_CONTEXT('2D SPACE',''
  ) );
#2034 = PCURVE('',#2035,#2040);
#2035 = PLANE('',#2036);
#2036 = AXIS2_PLACEMENT_3D('',#2037,#2038,#2039);
#2037 = CARTESIAN_POINT('',(1.375,-2.381569860407,0.));
#2038 = DIRECTION('',(-0.866025403784,0.5,0.));
#2039 = DIRECTION('',(0.5,0.866025403784,0.));
#2040 = DEFINITIONAL_REPRESENTATION('',(#2041),#2045);
#2041 = LINE('',#2042,#2043);
#2042 = CARTESIAN_POINT('',(2.75,0.));
#2043 = VECTOR('',#2044,1.);
#2044 = DIRECTION('',(0.,-1.));
#2045 = ( GEOMETRIC_REPRESENTATION_CONTEXT(2) 
PARAMETRIC_REPRESENTATION_CONTEXT() REPRESENTATION_CONTEXT('2D SPACE',''
  ) );
#2046 = ORIENTED_EDGE('',*,*,#2047,.T.);
#2047 = EDGE_CURVE('',#2015,#2048,#2050,.T.);
#2048 = VERTEX_POINT('',#2049);
#2049 = CARTESIAN_POINT('',(1.375,2.381569860407,20.));
#2050 = SURFACE_CURVE('',#2051,(#2055,#2062),.PCURVE_S1.);
#2051 = LINE('',#2052,#2053);
#2052 = CARTESIAN_POINT('',(2.75,0.,20.));
#2053 = VECTOR('',#2054,1.);
#2054 = DIRECTION('',(-0.5,0.866025403784,0.));
#2055 = PCURVE('',#2023,#2056);
#2056 = DEFINITIONAL_REPRESENTATION('',(#2057),#2061);
#2057 = LINE('',#2058,#2059);
#2058 = CARTESIAN_POINT('',(0.,-20.));
#2059 = VECTOR('',#2060,1.);
#2060 = DIRECTION('',(1.,0.));
#2061 = ( GEOMETRIC_REPRESENTATION_CONTEXT(2) 
PARAMETRIC_REPRESENTATION_CONTEXT() REPRESENTATION_CONTEXT('2D SPACE',''
  ) );
#2062 = PCURVE('',#2063,#2068);
#2063 = PLANE('',#2064);
#2064 = AXIS2_PLACEMENT_3D('',#2065,#2066,#2067);
#2065 = CARTESIAN_POINT('',(-1.884014829667E-16,-1.076579902667E-16,20.)
  );
#2066 = DIRECTION('',(0.,0.,1.));
#2067 = DIRECTION('',(1.,0.,-0.));
#2068 = DEFINITIONAL_REPRESENTATION('',(#2069),#2073);
#2069 = LINE('',#2070,#2071);
#2070 = CARTESIAN_POINT('',(2.75,1.076579902667E-16));
#2071 = VECTOR('',#2072,1.);
#2072 = DIRECTION('',(-0.5,0.866025403784));
#2073 = ( GEOMETRIC_REPRESENTATION_CONTEXT(2) 
PARAMETRIC_REPRESENTATION_CONTEXT() REPRESENTATION_CONTEXT('2D SPACE',''
  ) );
#2074 = ORIENTED_EDGE('',*,*,#2075,.F.);
#2075 = EDGE_CURVE('',#2076,#2048,#2078,.T.);
#2076 = VERTEX_POINT('',#2077);
#2077 = CARTESIAN_POINT('',(1.375,2.381569860407,0.));
#2078 = SURFACE_CURVE('',#2079,(#2083,#2090),.PCURVE_S1.);
#2079 = LINE('',#2080,#2081);
#2080 = CARTESIAN_POINT('',(1.375,2.381569860407,0.));
#2081 = VECTOR('',#2082,1.);
#2082 = DIRECTION('',(0.,0.,1.));
#2083 = PCURVE('',#2023,#2084);
#2084 = DEFINITIONAL_REPRESENTATION('',(#2085),#2089);
#2085 = LINE('',#2086,#2087);
#2086 = CARTESIAN_POINT('',(2.75,0.));
#2087 = VECTOR('',#2088,1.);
#2088 = DIRECTION('',(0.,-1.));
#2089 = ( GEOMETRIC_REPRESENTATION_CONTEXT(2) 
PARAMETRIC_REPRESENTATION_CONTEXT() REPRESENTATION_CONTEXT('2D SPACE',''
  ) );
#2090 = PCURVE('',#2091,#2096);
#2091 = PLANE('',#2092);
#2092 = AXIS2_PLACEMENT_3D('',#2093,#2094,#2095);
#2093 = CARTESIAN_POINT('',(1.375,2.381569860407,0.));
#2094 = DIRECTION('',(-1.614869854E-16,-1.,0.));
#2095 = DIRECTION('',(-1.,1.614869854E-16,0.));
#2096 = DEFINITIONAL_REPRESENTATION('',(#2097),#2101);
#2097 = LINE('',#2098,#2099);
#2098 = CARTESIAN_POINT('',(0.,0.));
#2099 = VECTOR('',#2100,1.);
#2100 = DIRECTION('',(0.,-1.));
#2101 = ( GEOMETRIC_REPRESENTATION_CONTEXT(2) 
PARAMETRIC_REPRESENTATION_CONTEXT() REPRESENTATION_CONTEXT('2D SPACE',''
  ) );
#2102 = ORIENTED_EDGE('',*,*,#2103,.F.);
#2103 = EDGE_CURVE('',#2013,#2076,#2104,.T.);
#2104 = SURFACE_CURVE('',#2105,(#2109,#2116),.PCURVE_S1.);
#2105 = LINE('',#2106,#2107);
#2106 = CARTESIAN_POINT('',(2.75,0.,0.));
#2107 = VECTOR('',#2108,1.);
#2108 = DIRECTION('',(-0.5,0.866025403784,0.));
#2109 = PCURVE('',#2023,#2110);
#2110 = DEFINITIONAL_REPRESENTATION('',(#2111),#2115);
#2111 = LINE('',#2112,#2113);
#2112 = CARTESIAN_POINT('',(0.,0.));
#2113 = VECTOR('',#2114,1.);
#2114 = DIRECTION('',(1.,0.));
#2115 = ( GEOMETRIC_REPRESENTATION_CONTEXT(2) 
PARAMETRIC_REPRESENTATION_CONTEXT() REPRESENTATION_CONTEXT('2D SPACE',''
  ) );
#2116 = PCURVE('',#2117,#2122);
#2117 = PLANE('',#2118);
#2118 = AXIS2_PLACEMENT_3D('',#2119,#2120,#2121);
#2119 = CARTESIAN_POINT('',(-1.884014829667E-16,-1.076579902667E-16,0.)
  );
#2120 = DIRECTION('',(0.,0.,1.));
#2121 = DIRECTION('',(1.,0.,-0.));
#2122 = DEFINITIONAL_REPRESENTATION('',(#2123),#2127);
#2123 = LINE('',#2124,#2125);
#2124 = CARTESIAN_POINT('',(2.75,1.076579902667E-16));
#2125 = VECTOR('',#2126,1.);
#2126 = DIRECTION('',(-0.5,0.866025403784));
#2127 = ( GEOMETRIC_REPRESENTATION_CONTEXT(2) 
PARAMETRIC_REPRESENTATION_CONTEXT() REPRESENTATION_CONTEXT('2D SPACE',''
  ) );
#2128 = ADVANCED_FACE('',(#2129),#2035,.F.);
#2129 = FACE_BOUND('',#2130,.F.);
#2130 = EDGE_LOOP('',(#2131,#2161,#2182,#2183));
#2131 = ORIENTED_EDGE('',*,*,#2132,.T.);
#2132 = EDGE_CURVE('',#2133,#2135,#2137,.T.);
#2133 = VERTEX_POINT('',#2134);
#2134 = CARTESIAN_POINT('',(1.375,-2.381569860407,0.));
#2135 = VERTEX_POINT('',#2136);
#2136 = CARTESIAN_POINT('',(1.375,-2.381569860407,20.));
#2137 = SURFACE_CURVE('',#2138,(#2142,#2149),.PCURVE_S1.);
#2138 = LINE('',#2139,#2140);
#2139 = CARTESIAN_POINT('',(1.375,-2.381569860407,0.));
#2140 = VECTOR('',#2141,1.);
#2141 = DIRECTION('',(0.,0.,1.));
#2142 = PCURVE('',#2035,#2143);
#2143 = DEFINITIONAL_REPRESENTATION('',(#2144),#2148);
#2144 = LINE('',#2145,#2146);
#2145 = CARTESIAN_POINT('',(0.,0.));
#2146 = VECTOR('',#2147,1.);
#2147 = DIRECTION('',(0.,-1.));
#2148 = ( GEOMETRIC_REPRESENTATION_CONTEXT(2) 
PARAMETRIC_REPRESENTATION_CONTEXT() REPRESENTATION_CONTEXT('2D SPACE',''
  ) );
#2149 = PCURVE('',#2150,#2155);
#2150 = PLANE('',#2151);
#2151 = AXIS2_PLACEMENT_3D('',#2152,#2153,#2154);
#2152 = CARTESIAN_POINT('',(-1.375,-2.381569860407,0.));
#2153 = DIRECTION('',(6.459479416001E-16,1.,-0.));
#2154 = DIRECTION('',(1.,-6.459479416001E-16,0.));
#2155 = DEFINITIONAL_REPRESENTATION('',(#2156),#2160);
#2156 = LINE('',#2157,#2158);
#2157 = CARTESIAN_POINT('',(2.75,0.));
#2158 = VECTOR('',#2159,1.);
#2159 = DIRECTION('',(0.,-1.));
#2160 = ( GEOMETRIC_REPRESENTATION_CONTEXT(2) 
PARAMETRIC_REPRESENTATION_CONTEXT() REPRESENTATION_CONTEXT('2D SPACE',''
  ) );
#2161 = ORIENTED_EDGE('',*,*,#2162,.T.);
#2162 = EDGE_CURVE('',#2135,#2015,#2163,.T.);
#2163 = SURFACE_CURVE('',#2164,(#2168,#2175),.PCURVE_S1.);
#2164 = LINE('',#2165,#2166);
#2165 = CARTESIAN_POINT('',(1.375,-2.381569860407,20.));
#2166 = VECTOR('',#2167,1.);
#2167 = DIRECTION('',(0.5,0.866025403784,0.));
#2168 = PCURVE('',#2035,#2169);
#2169 = DEFINITIONAL_REPRESENTATION('',(#2170),#2174);
#2170 = LINE('',#2171,#2172);
#2171 = CARTESIAN_POINT('',(0.,-20.));
#2172 = VECTOR('',#2173,1.);
#2173 = DIRECTION('',(1.,0.));
#2174 = ( GEOMETRIC_REPRESENTATION_CONTEXT(2) 
PARAMETRIC_REPRESENTATION_CONTEXT() REPRESENTATION_CONTEXT('2D SPACE',''
  ) );
#2175 = PCURVE('',#2063,#2176);
#2176 = DEFINITIONAL_REPRESENTATION('',(#2177),#2181);
#2177 = LINE('',#2178,#2179);
#2178 = CARTESIAN_POINT('',(1.375,-2.381569860407));
#2179 = VECTOR('',#2180,1.);
#2180 = DIRECTION('',(0.5,0.866025403784));
#2181 = ( GEOMETRIC_REPRESENTATION_CONTEXT(2) 
PARAMETRIC_REPRESENTATION_CONTEXT() REPRESENTATION_CONTEXT('2D SPACE',''
  ) );
#2182 = ORIENTED_EDGE('',*,*,#2012,.F.);
#2183 = ORIENTED_EDGE('',*,*,#2184,.F.);
#2184 = EDGE_CURVE('',#2133,#2013,#2185,.T.);
#2185 = SURFACE_CURVE('',#2186,(#2190,#2197),.PCURVE_S1.);
#2186 = LINE('',#2187,#2188);
#2187 = CARTESIAN_POINT('',(1.375,-2.381569860407,0.));
#2188 = VECTOR('',#2189,1.);
#2189 = DIRECTION('',(0.5,0.866025403784,0.));
#2190 = PCURVE('',#2035,#2191);
#2191 = DEFINITIONAL_REPRESENTATION('',(#2192),#2196);
#2192 = LINE('',#2193,#2194);
#2193 = CARTESIAN_POINT('',(0.,0.));
#2194 = VECTOR('',#2195,1.);
#2195 = DIRECTION('',(1.,0.));
#2196 = ( GEOMETRIC_REPRESENTATION_CONTEXT(2) 
PARAMETRIC_REPRESENTATION_CONTEXT() REPRESENTATION_CONTEXT('2D SPACE',''
  ) );
#2197 = PCURVE('',#2117,#2198);
#2198 = DEFINITIONAL_REPRESENTATION('',(#2199),#2203);
#2199 = LINE('',#2200,#2201);
#2200 = CARTESIAN_POINT('',(1.375,-2.381569860407));
#2201 = VECTOR('',#2202,1.);
#2202 = DIRECTION('',(0.5,0.866025403784));
#2203 = ( GEOMETRIC_REPRESENTATION_CONTEXT(2) 
PARAMETRIC_REPRESENTATION_CONTEXT() REPRESENTATION_CONTEXT('2D SPACE',''
  ) );
#2204 = ADVANCED_FACE('',(#2205),#2091,.F.);
#2205 = FACE_BOUND('',#2206,.F.);
#2206 = EDGE_LOOP('',(#2207,#2208,#2231,#2259));
#2207 = ORIENTED_EDGE('',*,*,#2075,.T.);
#2208 = ORIENTED_EDGE('',*,*,#2209,.T.);
#2209 = EDGE_CURVE('',#2048,#2210,#2212,.T.);
#2210 = VERTEX_POINT('',#2211);
#2211 = CARTESIAN_POINT('',(-1.375,2.381569860407,20.));
#2212 = SURFACE_CURVE('',#2213,(#2217,#2224),.PCURVE_S1.);
#2213 = LINE('',#2214,#2215);
#2214 = CARTESIAN_POINT('',(1.375,2.381569860407,20.));
#2215 = VECTOR('',#2216,1.);
#2216 = DIRECTION('',(-1.,1.614869854E-16,0.));
#2217 = PCURVE('',#2091,#2218);
#2218 = DEFINITIONAL_REPRESENTATION('',(#2219),#2223);
#2219 = LINE('',#2220,#2221);
#2220 = CARTESIAN_POINT('',(0.,-20.));
#2221 = VECTOR('',#2222,1.);
#2222 = DIRECTION('',(1.,0.));
#2223 = ( GEOMETRIC_REPRESENTATION_CONTEXT(2) 
PARAMETRIC_REPRESENTATION_CONTEXT() REPRESENTATION_CONTEXT('2D SPACE',''
  ) );
#2224 = PCURVE('',#2063,#2225);
#2225 = DEFINITIONAL_REPRESENTATION('',(#2226),#2230);
#2226 = LINE('',#2227,#2228);
#2227 = CARTESIAN_POINT('',(1.375,2.381569860407));
#2228 = VECTOR('',#2229,1.);
#2229 = DIRECTION('',(-1.,1.614869854E-16));
#2230 = ( GEOMETRIC_REPRESENTATION_CONTEXT(2) 
PARAMETRIC_REPRESENTATION_CONTEXT() REPRESENTATION_CONTEXT('2D SPACE',''
  ) );
#2231 = ORIENTED_EDGE('',*,*,#2232,.F.);
#2232 = EDGE_CURVE('',#2233,#2210,#2235,.T.);
#2233 = VERTEX_POINT('',#2234);
#2234 = CARTESIAN_POINT('',(-1.375,2.381569860407,0.));
#2235 = SURFACE_CURVE('',#2236,(#2240,#2247),.PCURVE_S1.);
#2236 = LINE('',#2237,#2238);
#2237 = CARTESIAN_POINT('',(-1.375,2.381569860407,0.));
#2238 = VECTOR('',#2239,1.);
#2239 = DIRECTION('',(0.,0.,1.));
#2240 = PCURVE('',#2091,#2241);
#2241 = DEFINITIONAL_REPRESENTATION('',(#2242),#2246);
#2242 = LINE('',#2243,#2244);
#2243 = CARTESIAN_POINT('',(2.75,0.));
#2244 = VECTOR('',#2245,1.);
#2245 = DIRECTION('',(0.,-1.));
#2246 = ( GEOMETRIC_REPRESENTATION_CONTEXT(2) 
PARAMETRIC_REPRESENTATION_CONTEXT() REPRESENTATION_CONTEXT('2D SPACE',''
  ) );
#2247 = PCURVE('',#2248,#2253);
#2248 = PLANE('',#2249);
#2249 = AXIS2_PLACEMENT_3D('',#2250,#2251,#2252);
#2250 = CARTESIAN_POINT('',(-1.375,2.381569860407,0.));
#2251 = DIRECTION('',(0.866025403784,-0.5,0.));
#2252 = DIRECTION('',(-0.5,-0.866025403784,0.));
#2253 = DEFINITIONAL_REPRESENTATION('',(#2254),#2258);
#2254 = LINE('',#2255,#2256);
#2255 = CARTESIAN_POINT('',(0.,0.));
#2256 = VECTOR('',#2257,1.);
#2257 = DIRECTION('',(0.,-1.));
#2258 = ( GEOMETRIC_REPRESENTATION_CONTEXT(2) 
PARAMETRIC_REPRESENTATION_CONTEXT() REPRESENTATION_CONTEXT('2D SPACE',''
  ) );
#2259 = ORIENTED_EDGE('',*,*,#2260,.F.);
#2260 = EDGE_CURVE('',#2076,#2233,#2261,.T.);
#2261 = SURFACE_CURVE('',#2262,(#2266,#2273),.PCURVE_S1.);
#2262 = LINE('',#2263,#2264);
#2263 = CARTESIAN_POINT('',(1.375,2.381569860407,0.));
#2264 = VECTOR('',#2265,1.);
#2265 = DIRECTION('',(-1.,1.614869854E-16,0.));
#2266 = PCURVE('',#2091,#2267);
#2267 = DEFINITIONAL_REPRESENTATION('',(#2268),#2272);
#2268 = LINE('',#2269,#2270);
#2269 = CARTESIAN_POINT('',(0.,0.));
#2270 = VECTOR('',#2271,1.);
#2271 = DIRECTION('',(1.,0.));
#2272 = ( GEOMETRIC_REPRESENTATION_CONTEXT(2) 
PARAMETRIC_REPRESENTATION_CONTEXT() REPRESENTATION_CONTEXT('2D SPACE',''
  ) );
#2273 = PCURVE('',#2117,#2274);
#2274 = DEFINITIONAL_REPRESENTATION('',(#2275),#2279);
#2275 = LINE('',#2276,#2277);
#2276 = CARTESIAN_POINT('',(1.375,2.381569860407));
#2277 = VECTOR('',#2278,1.);
#2278 = DIRECTION('',(-1.,1.614869854E-16));
#2279 = ( GEOMETRIC_REPRESENTATION_CONTEXT(2) 
PARAMETRIC_REPRESENTATION_CONTEXT() REPRESENTATION_CONTEXT('2D SPACE',''
  ) );
#2280 = ADVANCED_FACE('',(#2281,#2358),#2117,.F.);
#2281 = FACE_BOUND('',#2282,.F.);
#2282 = EDGE_LOOP('',(#2283,#2284,#2285,#2308,#2336,#2357));
#2283 = ORIENTED_EDGE('',*,*,#2103,.T.);
#2284 = ORIENTED_EDGE('',*,*,#2260,.T.);
#2285 = ORIENTED_EDGE('',*,*,#2286,.T.);
#2286 = EDGE_CURVE('',#2233,#2287,#2289,.T.);
#2287 = VERTEX_POINT('',#2288);
#2288 = CARTESIAN_POINT('',(-2.75,3.367778697655E-16,0.));
#2289 = SURFACE_CURVE('',#2290,(#2294,#2301),.PCURVE_S1.);
#2290 = LINE('',#2291,#2292);
#2291 = CARTESIAN_POINT('',(-1.375,2.381569860407,0.));
#2292 = VECTOR('',#2293,1.);
#2293 = DIRECTION('',(-0.5,-0.866025403784,0.));
#2294 = PCURVE('',#2117,#2295);
#2295 = DEFINITIONAL_REPRESENTATION('',(#2296),#2300);
#2296 = LINE('',#2297,#2298);
#2297 = CARTESIAN_POINT('',(-1.375,2.381569860407));
#2298 = VECTOR('',#2299,1.);
#2299 = DIRECTION('',(-0.5,-0.866025403784));
#2300 = ( GEOMETRIC_REPRESENTATION_CONTEXT(2) 
PARAMETRIC_REPRESENTATION_CONTEXT() REPRESENTATION_CONTEXT('2D SPACE',''
  ) );
#2301 = PCURVE('',#2248,#2302);
#2302 = DEFINITIONAL_REPRESENTATION('',(#2303),#2307);
#2303 = LINE('',#2304,#2305);
#2304 = CARTESIAN_POINT('',(0.,0.));
#2305 = VECTOR('',#2306,1.);
#2306 = DIRECTION('',(1.,0.));
#2307 = ( GEOMETRIC_REPRESENTATION_CONTEXT(2) 
PARAMETRIC_REPRESENTATION_CONTEXT() REPRESENTATION_CONTEXT('2D SPACE',''
  ) );
#2308 = ORIENTED_EDGE('',*,*,#2309,.T.);
#2309 = EDGE_CURVE('',#2287,#2310,#2312,.T.);
#2310 = VERTEX_POINT('',#2311);
#2311 = CARTESIAN_POINT('',(-1.375,-2.381569860407,0.));
#2312 = SURFACE_CURVE('',#2313,(#2317,#2324),.PCURVE_S1.);
#2313 = LINE('',#2314,#2315);
#2314 = CARTESIAN_POINT('',(-2.75,3.367778697655E-16,0.));
#2315 = VECTOR('',#2316,1.);
#2316 = DIRECTION('',(0.5,-0.866025403784,0.));
#2317 = PCURVE('',#2117,#2318);
#2318 = DEFINITIONAL_REPRESENTATION('',(#2319),#2323);
#2319 = LINE('',#2320,#2321);
#2320 = CARTESIAN_POINT('',(-2.75,4.444358600322E-16));
#2321 = VECTOR('',#2322,1.);
#2322 = DIRECTION('',(0.5,-0.866025403784));
#2323 = ( GEOMETRIC_REPRESENTATION_CONTEXT(2) 
PARAMETRIC_REPRESENTATION_CONTEXT() REPRESENTATION_CONTEXT('2D SPACE',''
  ) );
#2324 = PCURVE('',#2325,#2330);
#2325 = PLANE('',#2326);
#2326 = AXIS2_PLACEMENT_3D('',#2327,#2328,#2329);
#2327 = CARTESIAN_POINT('',(-2.75,3.367778697655E-16,0.));
#2328 = DIRECTION('',(0.866025403784,0.5,-0.));
#2329 = DIRECTION('',(0.5,-0.866025403784,0.));
#2330 = DEFINITIONAL_REPRESENTATION('',(#2331),#2335);
#2331 = LINE('',#2332,#2333);
#2332 = CARTESIAN_POINT('',(0.,0.));
#2333 = VECTOR('',#2334,1.);
#2334 = DIRECTION('',(1.,0.));
#2335 = ( GEOMETRIC_REPRESENTATION_CONTEXT(2) 
PARAMETRIC_REPRESENTATION_CONTEXT() REPRESENTATION_CONTEXT('2D SPACE',''
  ) );
#2336 = ORIENTED_EDGE('',*,*,#2337,.T.);
#2337 = EDGE_CURVE('',#2310,#2133,#2338,.T.);
#2338 = SURFACE_CURVE('',#2339,(#2343,#2350),.PCURVE_S1.);
#2339 = LINE('',#2340,#2341);
#2340 = CARTESIAN_POINT('',(-1.375,-2.381569860407,0.));
#2341 = VECTOR('',#2342,1.);
#2342 = DIRECTION('',(1.,-6.459479416001E-16,0.));
#2343 = PCURVE('',#2117,#2344);
#2344 = DEFINITIONAL_REPRESENTATION('',(#2345),#2349);
#2345 = LINE('',#2346,#2347);
#2346 = CARTESIAN_POINT('',(-1.375,-2.381569860407));
#2347 = VECTOR('',#2348,1.);
#2348 = DIRECTION('',(1.,-6.459479416001E-16));
#2349 = ( GEOMETRIC_REPRESENTATION_CONTEXT(2) 
PARAMETRIC_REPRESENTATION_CONTEXT() REPRESENTATION_CONTEXT('2D SPACE',''
  ) );
#2350 = PCURVE('',#2150,#2351);
#2351 = DEFINITIONAL_REPRESENTATION('',(#2352),#2356);
#2352 = LINE('',#2353,#2354);
#2353 = CARTESIAN_POINT('',(0.,0.));
#2354 = VECTOR('',#2355,1.);
#2355 = DIRECTION('',(1.,0.));
#2356 = ( GEOMETRIC_REPRESENTATION_CONTEXT(2) 
PARAMETRIC_REPRESENTATION_CONTEXT() REPRESENTATION_CONTEXT('2D SPACE',''
  ) );
#2357 = ORIENTED_EDGE('',*,*,#2184,.T.);
#2358 = FACE_BOUND('',#2359,.F.);
#2359 = EDGE_LOOP('',(#2360));
#2360 = ORIENTED_EDGE('',*,*,#2361,.T.);
#2361 = EDGE_CURVE('',#2362,#2362,#2364,.T.);
#2362 = VERTEX_POINT('',#2363);
#2363 = CARTESIAN_POINT('',(-1.5,-3.673940397442E-16,0.));
#2364 = SURFACE_CURVE('',#2365,(#2370,#2381),.PCURVE_S1.);
#2365 = CIRCLE('',#2366,1.5);
#2366 = AXIS2_PLACEMENT_3D('',#2367,#2368,#2369);
#2367 = CARTESIAN_POINT('',(0.,0.,0.));
#2368 = DIRECTION('',(0.,0.,-1.));
#2369 = DIRECTION('',(-1.,0.,0.));
#2370 = PCURVE('',#2117,#2371);
#2371 = DEFINITIONAL_REPRESENTATION('',(#2372),#2380);
#2372 = ( BOUNDED_CURVE() B_SPLINE_CURVE(2,(#2373,#2374,#2375,#2376,
#2377,#2378,#2379),.UNSPECIFIED.,.T.,.F.) B_SPLINE_CURVE_WITH_KNOTS((1,2
    ,2,2,2,1),(-2.094395102393,0.,2.094395102393,4.188790204786,
6.28318530718,8.377580409573),.UNSPECIFIED.) CURVE() 
GEOMETRIC_REPRESENTATION_ITEM() RATIONAL_B_SPLINE_CURVE((1.,0.5,1.,0.5,
1.,0.5,1.)) REPRESENTATION_ITEM('') );
#2373 = CARTESIAN_POINT('',(-1.5,1.076579902667E-16));
#2374 = CARTESIAN_POINT('',(-1.5,2.598076211353));
#2375 = CARTESIAN_POINT('',(0.75,1.299038105677));
#2376 = CARTESIAN_POINT('',(3.,4.750520300109E-16));
#2377 = CARTESIAN_POINT('',(0.75,-1.299038105677));
#2378 = CARTESIAN_POINT('',(-1.5,-2.598076211353));
#2379 = CARTESIAN_POINT('',(-1.5,1.076579902667E-16));
#2380 = ( GEOMETRIC_REPRESENTATION_CONTEXT(2) 
PARAMETRIC_REPRESENTATION_CONTEXT() REPRESENTATION_CONTEXT('2D SPACE',''
  ) );
#2381 = PCURVE('',#2382,#2387);
#2382 = CYLINDRICAL_SURFACE('',#2383,1.5);
#2383 = AXIS2_PLACEMENT_3D('',#2384,#2385,#2386);
#2384 = CARTESIAN_POINT('',(0.,0.,20.));
#2385 = DIRECTION('',(0.,0.,-1.));
#2386 = DIRECTION('',(-1.,0.,0.));
#2387 = DEFINITIONAL_REPRESENTATION('',(#2388),#2392);
#2388 = LINE('',#2389,#2390);
#2389 = CARTESIAN_POINT('',(0.,20.));
#2390 = VECTOR('',#2391,1.);
#2391 = DIRECTION('',(1.,0.));
#2392 = ( GEOMETRIC_REPRESENTATION_CONTEXT(2) 
PARAMETRIC_REPRESENTATION_CONTEXT() REPRESENTATION_CONTEXT('2D SPACE',''
  ) );
#2393 = ADVANCED_FACE('',(#2394,#2466),#2063,.T.);
#2394 = FACE_BOUND('',#2395,.T.);
#2395 = EDGE_LOOP('',(#2396,#2397,#2398,#2421,#2444,#2465));
#2396 = ORIENTED_EDGE('',*,*,#2047,.T.);
#2397 = ORIENTED_EDGE('',*,*,#2209,.T.);
#2398 = ORIENTED_EDGE('',*,*,#2399,.T.);
#2399 = EDGE_CURVE('',#2210,#2400,#2402,.T.);
#2400 = VERTEX_POINT('',#2401);
#2401 = CARTESIAN_POINT('',(-2.75,3.367778697655E-16,20.));
#2402 = SURFACE_CURVE('',#2403,(#2407,#2414),.PCURVE_S1.);
#2403 = LINE('',#2404,#2405);
#2404 = CARTESIAN_POINT('',(-1.375,2.381569860407,20.));
#2405 = VECTOR('',#2406,1.);
#2406 = DIRECTION('',(-0.5,-0.866025403784,0.));
#2407 = PCURVE('',#2063,#2408);
#2408 = DEFINITIONAL_REPRESENTATION('',(#2409),#2413);
#2409 = LINE('',#2410,#2411);
#2410 = CARTESIAN_POINT('',(-1.375,2.381569860407));
#2411 = VECTOR('',#2412,1.);
#2412 = DIRECTION('',(-0.5,-0.866025403784));
#2413 = ( GEOMETRIC_REPRESENTATION_CONTEXT(2) 
PARAMETRIC_REPRESENTATION_CONTEXT() REPRESENTATION_CONTEXT('2D SPACE',''
  ) );
#2414 = PCURVE('',#2248,#2415);
#2415 = DEFINITIONAL_REPRESENTATION('',(#2416),#2420);
#2416 = LINE('',#2417,#2418);
#2417 = CARTESIAN_POINT('',(0.,-20.));
#2418 = VECTOR('',#2419,1.);
#2419 = DIRECTION('',(1.,0.));
#2420 = ( GEOMETRIC_REPRESENTATION_CONTEXT(2) 
PARAMETRIC_REPRESENTATION_CONTEXT() REPRESENTATION_CONTEXT('2D SPACE',''
  ) );
#2421 = ORIENTED_EDGE('',*,*,#2422,.T.);
#2422 = EDGE_CURVE('',#2400,#2423,#2425,.T.);
#2423 = VERTEX_POINT('',#2424);
#2424 = CARTESIAN_POINT('',(-1.375,-2.381569860407,20.));
#2425 = SURFACE_CURVE('',#2426,(#2430,#2437),.PCURVE_S1.);
#2426 = LINE('',#2427,#2428);
#2427 = CARTESIAN_POINT('',(-2.75,3.367778697655E-16,20.));
#2428 = VECTOR('',#2429,1.);
#2429 = DIRECTION('',(0.5,-0.866025403784,0.));
#2430 = PCURVE('',#2063,#2431);
#2431 = DEFINITIONAL_REPRESENTATION('',(#2432),#2436);
#2432 = LINE('',#2433,#2434);
#2433 = CARTESIAN_POINT('',(-2.75,4.444358600322E-16));
#2434 = VECTOR('',#2435,1.);
#2435 = DIRECTION('',(0.5,-0.866025403784));
#2436 = ( GEOMETRIC_REPRESENTATION_CONTEXT(2) 
PARAMETRIC_REPRESENTATION_CONTEXT() REPRESENTATION_CONTEXT('2D SPACE',''
  ) );
#2437 = PCURVE('',#2325,#2438);
#2438 = DEFINITIONAL_REPRESENTATION('',(#2439),#2443);
#2439 = LINE('',#2440,#2441);
#2440 = CARTESIAN_POINT('',(0.,-20.));
#2441 = VECTOR('',#2442,1.);
#2442 = DIRECTION('',(1.,0.));
#2443 = ( GEOMETRIC_REPRESENTATION_CONTEXT(2) 
PARAMETRIC_REPRESENTATION_CONTEXT() REPRESENTATION_CONTEXT('2D SPACE',''
  ) );
#2444 = ORIENTED_EDGE('',*,*,#2445,.T.);
#2445 = EDGE_CURVE('',#2423,#2135,#2446,.T.);
#2446 = SURFACE_CURVE('',#2447,(#2451,#2458),.PCURVE_S1.);
#2447 = LINE('',#2448,#2449);
#2448 = CARTESIAN_POINT('',(-1.375,-2.381569860407,20.));
#2449 = VECTOR('',#2450,1.);
#2450 = DIRECTION('',(1.,-6.459479416001E-16,0.));
#2451 = PCURVE('',#2063,#2452);
#2452 = DEFINITIONAL_REPRESENTATION('',(#2453),#2457);
#2453 = LINE('',#2454,#2455);
#2454 = CARTESIAN_POINT('',(-1.375,-2.381569860407));
#2455 = VECTOR('',#2456,1.);
#2456 = DIRECTION('',(1.,-6.459479416001E-16));
#2457 = ( GEOMETRIC_REPRESENTATION_CONTEXT(2) 
PARAMETRIC_REPRESENTATION_CONTEXT() REPRESENTATION_CONTEXT('2D SPACE',''
  ) );
#2458 = PCURVE('',#2150,#2459);
#2459 = DEFINITIONAL_REPRESENTATION('',(#2460),#2464);
#2460 = LINE('',#2461,#2462);
#2461 = CARTESIAN_POINT('',(0.,-20.));
#2462 = VECTOR('',#2463,1.);
#2463 = DIRECTION('',(1.,0.));
#2464 = ( GEOMETRIC_REPRESENTATION_CONTEXT(2) 
PARAMETRIC_REPRESENTATION_CONTEXT() REPRESENTATION_CONTEXT('2D SPACE',''
  ) );
#2465 = ORIENTED_EDGE('',*,*,#2162,.T.);
#2466 = FACE_BOUND('',#2467,.T.);
#2467 = EDGE_LOOP('',(#2468));
#2468 = ORIENTED_EDGE('',*,*,#2469,.T.);
#2469 = EDGE_CURVE('',#2470,#2470,#2472,.T.);
#2470 = VERTEX_POINT('',#2471);
#2471 = CARTESIAN_POINT('',(-1.5,-3.673940397442E-16,20.));
#2472 = SURFACE_CURVE('',#2473,(#2478,#2489),.PCURVE_S1.);
#2473 = CIRCLE('',#2474,1.5);
#2474 = AXIS2_PLACEMENT_3D('',#2475,#2476,#2477);
#2475 = CARTESIAN_POINT('',(0.,0.,20.));
#2476 = DIRECTION('',(0.,0.,-1.));
#2477 = DIRECTION('',(-1.,0.,0.));
#2478 = PCURVE('',#2063,#2479);
#2479 = DEFINITIONAL_REPRESENTATION('',(#2480),#2488);
#2480 = ( BOUNDED_CURVE() B_SPLINE_CURVE(2,(#2481,#2482,#2483,#2484,
#2485,#2486,#2487),.UNSPECIFIED.,.T.,.F.) B_SPLINE_CURVE_WITH_KNOTS((1,2
    ,2,2,2,1),(-2.094395102393,0.,2.094395102393,4.188790204786,
6.28318530718,8.377580409573),.UNSPECIFIED.) CURVE() 
GEOMETRIC_REPRESENTATION_ITEM() RATIONAL_B_SPLINE_CURVE((1.,0.5,1.,0.5,
1.,0.5,1.)) REPRESENTATION_ITEM('') );
#2481 = CARTESIAN_POINT('',(-1.5,1.076579902667E-16));
#2482 = CARTESIAN_POINT('',(-1.5,2.598076211353));
#2483 = CARTESIAN_POINT('',(0.75,1.299038105677));
#2484 = CARTESIAN_POINT('',(3.,4.750520300109E-16));
#2485 = CARTESIAN_POINT('',(0.75,-1.299038105677));
#2486 = CARTESIAN_POINT('',(-1.5,-2.598076211353));
#2487 = CARTESIAN_POINT('',(-1.5,1.076579902667E-16));
#2488 = ( GEOMETRIC_REPRESENTATION_CONTEXT(2) 
PARAMETRIC_REPRESENTATION_CONTEXT() REPRESENTATION_CONTEXT('2D SPACE',''
  ) );
#2489 = PCURVE('',#2382,#2490);
#2490 = DEFINITIONAL_REPRESENTATION('',(#2491),#2495);
#2491 = LINE('',#2492,#2493);
#2492 = CARTESIAN_POINT('',(0.,0.));
#2493 = VECTOR('',#2494,1.);
#2494 = DIRECTION('',(1.,0.));
#2495 = ( GEOMETRIC_REPRESENTATION_CONTEXT(2) 
PARAMETRIC_REPRESENTATION_CONTEXT() REPRESENTATION_CONTEXT('2D SPACE',''
  ) );
#2496 = ADVANCED_FACE('',(#2497),#2150,.F.);
#2497 = FACE_BOUND('',#2498,.F.);
#2498 = EDGE_LOOP('',(#2499,#2520,#2521,#2522));
#2499 = ORIENTED_EDGE('',*,*,#2500,.T.);
#2500 = EDGE_CURVE('',#2310,#2423,#2501,.T.);
#2501 = SURFACE_CURVE('',#2502,(#2506,#2513),.PCURVE_S1.);
#2502 = LINE('',#2503,#2504);
#2503 = CARTESIAN_POINT('',(-1.375,-2.381569860407,0.));
#2504 = VECTOR('',#2505,1.);
#2505 = DIRECTION('',(0.,0.,1.));
#2506 = PCURVE('',#2150,#2507);
#2507 = DEFINITIONAL_REPRESENTATION('',(#2508),#2512);
#2508 = LINE('',#2509,#2510);
#2509 = CARTESIAN_POINT('',(0.,0.));
#2510 = VECTOR('',#2511,1.);
#2511 = DIRECTION('',(0.,-1.));
#2512 = ( GEOMETRIC_REPRESENTATION_CONTEXT(2) 
PARAMETRIC_REPRESENTATION_CONTEXT() REPRESENTATION_CONTEXT('2D SPACE',''
  ) );
#2513 = PCURVE('',#2325,#2514);
#2514 = DEFINITIONAL_REPRESENTATION('',(#2515),#2519);
#2515 = LINE('',#2516,#2517);
#2516 = CARTESIAN_POINT('',(2.75,0.));
#2517 = VECTOR('',#2518,1.);
#2518 = DIRECTION('',(0.,-1.));
#2519 = ( GEOMETRIC_REPRESENTATION_CONTEXT(2) 
PARAMETRIC_REPRESENTATION_CONTEXT() REPRESENTATION_CONTEXT('2D SPACE',''
  ) );
#2520 = ORIENTED_EDGE('',*,*,#2445,.T.);
#2521 = ORIENTED_EDGE('',*,*,#2132,.F.);
#2522 = ORIENTED_EDGE('',*,*,#2337,.F.);
#2523 = ADVANCED_FACE('',(#2524),#2248,.F.);
#2524 = FACE_BOUND('',#2525,.F.);
#2525 = EDGE_LOOP('',(#2526,#2527,#2528,#2549));
#2526 = ORIENTED_EDGE('',*,*,#2232,.T.);
#2527 = ORIENTED_EDGE('',*,*,#2399,.T.);
#2528 = ORIENTED_EDGE('',*,*,#2529,.F.);
#2529 = EDGE_CURVE('',#2287,#2400,#2530,.T.);
#2530 = SURFACE_CURVE('',#2531,(#2535,#2542),.PCURVE_S1.);
#2531 = LINE('',#2532,#2533);
#2532 = CARTESIAN_POINT('',(-2.75,3.367778697655E-16,0.));
#2533 = VECTOR('',#2534,1.);
#2534 = DIRECTION('',(0.,0.,1.));
#2535 = PCURVE('',#2248,#2536);
#2536 = DEFINITIONAL_REPRESENTATION('',(#2537),#2541);
#2537 = LINE('',#2538,#2539);
#2538 = CARTESIAN_POINT('',(2.75,0.));
#2539 = VECTOR('',#2540,1.);
#2540 = DIRECTION('',(0.,-1.));
#2541 = ( GEOMETRIC_REPRESENTATION_CONTEXT(2) 
PARAMETRIC_REPRESENTATION_CONTEXT() REPRESENTATION_CONTEXT('2D SPACE',''
  ) );
#2542 = PCURVE('',#2325,#2543);
#2543 = DEFINITIONAL_REPRESENTATION('',(#2544),#2548);
#2544 = LINE('',#2545,#2546);
#2545 = CARTESIAN_POINT('',(0.,0.));
#2546 = VECTOR('',#2547,1.);
#2547 = DIRECTION('',(0.,-1.));
#2548 = ( GEOMETRIC_REPRESENTATION_CONTEXT(2) 
PARAMETRIC_REPRESENTATION_CONTEXT() REPRESENTATION_CONTEXT('2D SPACE',''
  ) );
#2549 = ORIENTED_EDGE('',*,*,#2286,.F.);
#2550 = ADVANCED_FACE('',(#2551),#2325,.F.);
#2551 = FACE_BOUND('',#2552,.F.);
#2552 = EDGE_LOOP('',(#2553,#2554,#2555,#2556));
#2553 = ORIENTED_EDGE('',*,*,#2529,.T.);
#2554 = ORIENTED_EDGE('',*,*,#2422,.T.);
#2555 = ORIENTED_EDGE('',*,*,#2500,.F.);
#2556 = ORIENTED_EDGE('',*,*,#2309,.F.);
#2557 = ADVANCED_FACE('',(#2558),#2382,.F.);
#2558 = FACE_BOUND('',#2559,.F.);
#2559 = EDGE_LOOP('',(#2560,#2561,#2582,#2583));
#2560 = ORIENTED_EDGE('',*,*,#2361,.F.);
#2561 = ORIENTED_EDGE('',*,*,#2562,.F.);
#2562 = EDGE_CURVE('',#2470,#2362,#2563,.T.);
#2563 = SEAM_CURVE('',#2564,(#2568,#2575),.PCURVE_S1.);
#2564 = LINE('',#2565,#2566);
#2565 = CARTESIAN_POINT('',(-1.5,-3.673940397442E-16,20.));
#2566 = VECTOR('',#2567,1.);
#2567 = DIRECTION('',(0.,0.,-1.));
#2568 = PCURVE('',#2382,#2569);
#2569 = DEFINITIONAL_REPRESENTATION('',(#2570),#2574);
#2570 = LINE('',#2571,#2572);
#2571 = CARTESIAN_POINT('',(6.28318530718,-0.));
#2572 = VECTOR('',#2573,1.);
#2573 = DIRECTION('',(0.,1.));
#2574 = ( GEOMETRIC_REPRESENTATION_CONTEXT(2) 
PARAMETRIC_REPRESENTATION_CONTEXT() REPRESENTATION_CONTEXT('2D SPACE',''
  ) );
#2575 = PCURVE('',#2382,#2576);
#2576 = DEFINITIONAL_REPRESENTATION('',(#2577),#2581);
#2577 = LINE('',#2578,#2579);
#2578 = CARTESIAN_POINT('',(0.,-0.));
#2579 = VECTOR('',#2580,1.);
#2580 = DIRECTION('',(0.,1.));
#2581 = ( GEOMETRIC_REPRESENTATION_CONTEXT(2) 
PARAMETRIC_REPRESENTATION_CONTEXT() REPRESENTATION_CONTEXT('2D SPACE',''
  ) );
#2582 = ORIENTED_EDGE('',*,*,#2469,.T.);
#2583 = ORIENTED_EDGE('',*,*,#2562,.T.);
#2584 = ( GEOMETRIC_REPRESENTATION_CONTEXT(3) 
GLOBAL_UNCERTAINTY_ASSIGNED_CONTEXT((#2588)) 
GLOBAL_UNIT_ASSIGNED_CONTEXT((#2585,#2586,#2587)) REPRESENTATION_CONTEXT
('Context #1','3D Context with UNIT and UNCERTAINTY') );
#2585 = ( LENGTH_UNIT() NAMED_UNIT(*) SI_UNIT(.MILLI.,.METRE.) );
#2586 = ( NAMED_UNIT(*) PLANE_ANGLE_UNIT() SI_UNIT($,.RADIAN.) );
#2587 = ( NAMED_UNIT(*) SI_UNIT($,.STERADIAN.) SOLID_ANGLE_UNIT() );
#2588 = UNCERTAINTY_MEASURE_WITH_UNIT(LENGTH_MEASURE(1.E-07),#2585,
  'distance_accuracy_value','confusion accuracy');
#2589 = CONTEXT_DEPENDENT_SHAPE_REPRESENTATION(#2590,#2592);
#2590 = ( REPRESENTATION_RELATIONSHIP('','',#2005,#10) 
REPRESENTATION_RELATIONSHIP_WITH_TRANSFORMATION(#2591) 
SHAPE_REPRESENTATION_RELATIONSHIP() );
#2591 = ITEM_DEFINED_TRANSFORMATION('','',#11,#99);
#2592 = PRODUCT_DEFINITION_SHAPE('Placement','Placement of an item',
  #2593);
#2593 = NEXT_ASSEMBLY_USAGE_OCCURRENCE('57','Part37','',#5,#2000,$);
#2594 = PRODUCT_RELATED_PRODUCT_CATEGORY('part',$,(#2002));
#2595 = CONTEXT_DEPENDENT_SHAPE_REPRESENTATION(#2596,#2598);
#2596 = ( REPRESENTATION_RELATIONSHIP('','',#2005,#10) 
REPRESENTATION_RELATIONSHIP_WITH_TRANSFORMATION(#2597) 
SHAPE_REPRESENTATION_RELATIONSHIP() );
#2597 = ITEM_DEFINED_TRANSFORMATION('','',#11,#103);
#2598 = PRODUCT_DEFINITION_SHAPE('Placement','Placement of an item',
  #2599);
#2599 = NEXT_ASSEMBLY_USAGE_OCCURRENCE('58','Part38','',#5,#2000,$);
#2600 = CONTEXT_DEPENDENT_SHAPE_REPRESENTATION(#2601,#2603);
#2601 = ( REPRESENTATION_RELATIONSHIP('','',#2005,#10) 
REPRESENTATION_RELATIONSHIP_WITH_TRANSFORMATION(#2602) 
SHAPE_REPRESENTATION_RELATIONSHIP() );
#2602 = ITEM_DEFINED_TRANSFORMATION('','',#11,#107);
#2603 = PRODUCT_DEFINITION_SHAPE('Placement','Placement of an item',
  #2604);
#2604 = NEXT_ASSEMBLY_USAGE_OCCURRENCE('59','Part39','',#5,#2000,$);
#2605 = CONTEXT_DEPENDENT_SHAPE_REPRESENTATION(#2606,#2608);
#2606 = ( REPRESENTATION_RELATIONSHIP('','',#2005,#10) 
REPRESENTATION_RELATIONSHIP_WITH_TRANSFORMATION(#2607) 
SHAPE_REPRESENTATION_RELATIONSHIP() );
#2607 = ITEM_DEFINED_TRANSFORMATION('','',#11,#111);
#2608 = PRODUCT_DEFINITION_SHAPE('Placement','Placement of an item',
  #2609);
#2609 = NEXT_ASSEMBLY_USAGE_OCCURRENCE('60','Part40','',#5,#2000,$);
#2610 = SHAPE_DEFINITION_REPRESENTATION(#2611,#2617);
#2611 = PRODUCT_DEFINITION_SHAPE('','',#2612);
#2612 = PRODUCT_DEFINITION('design','',#2613,#2616);
#2613 = PRODUCT_DEFINITION_FORMATION('','',#2614);
#2614 = PRODUCT('Board','Board','',(#2615));
#2615 = PRODUCT_CONTEXT('',#2,'mechanical');
#2616 = PRODUCT_DEFINITION_CONTEXT('part definition',#2,'design');
#2617 = ADVANCED_BREP_SHAPE_REPRESENTATION('',(#11,#2618),#3316);
#2618 = MANIFOLD_SOLID_BREP('',#2619);
#2619 = CLOSED_SHELL('',(#2620,#2740,#2816,#3005,#3054,#3201,#3208,#3235
    ,#3262,#3289));
#2620 = ADVANCED_FACE('',(#2621),#2635,.F.);
#2621 = FACE_BOUND('',#2622,.F.);
#2622 = EDGE_LOOP('',(#2623,#2658,#2686,#2714));
#2623 = ORIENTED_EDGE('',*,*,#2624,.F.);
#2624 = EDGE_CURVE('',#2625,#2627,#2629,.T.);
#2625 = VERTEX_POINT('',#2626);
#2626 = CARTESIAN_POINT('',(-18.,-18.,-0.8));
#2627 = VERTEX_POINT('',#2628);
#2628 = CARTESIAN_POINT('',(-18.,-18.,0.8));
#2629 = SURFACE_CURVE('',#2630,(#2634,#2646),.PCURVE_S1.);
#2630 = LINE('',#2631,#2632);
#2631 = CARTESIAN_POINT('',(-18.,-18.,-0.8));
#2632 = VECTOR('',#2633,1.);
#2633 = DIRECTION('',(0.,0.,1.));
#2634 = PCURVE('',#2635,#2640);
#2635 = PLANE('',#2636);
#2636 = AXIS2_PLACEMENT_3D('',#2637,#2638,#2639);
#2637 = CARTESIAN_POINT('',(-18.,-18.,-0.8));
#2638 = DIRECTION('',(1.,0.,0.));
#2639 = DIRECTION('',(0.,0.,1.));
#2640 = DEFINITIONAL_REPRESENTATION('',(#2641),#2645);
#2641 = LINE('',#2642,#2643);
#2642 = CARTESIAN_POINT('',(0.,0.));
#2643 = VECTOR('',#2644,1.);
#2644 = DIRECTION('',(1.,0.));
#2645 = ( GEOMETRIC_REPRESENTATION_CONTEXT(2) 
PARAMETRIC_REPRESENTATION_CONTEXT() REPRESENTATION_CONTEXT('2D SPACE',''
  ) );
#2646 = PCURVE('',#2647,#2652);
#2647 = PLANE('',#2648);
#2648 = AXIS2_PLACEMENT_3D('',#2649,#2650,#2651);
#2649 = CARTESIAN_POINT('',(-18.,-18.,-0.8));
#2650 = DIRECTION('',(0.,1.,0.));
#2651 = DIRECTION('',(0.,0.,1.));
#2652 = DEFINITIONAL_REPRESENTATION('',(#2653),#2657);
#2653 = LINE('',#2654,#2655);
#2654 = CARTESIAN_POINT('',(0.,0.));
#2655 = VECTOR('',#2656,1.);
#2656 = DIRECTION('',(1.,0.));
#2657 = ( GEOMETRIC_REPRESENTATION_CONTEXT(2) 
PARAMETRIC_REPRESENTATION_CONTEXT() REPRESENTATION_CONTEXT('2D SPACE',''
  ) );
#2658 = ORIENTED_EDGE('',*,*,#2659,.T.);
#2659 = EDGE_CURVE('',#2625,#2660,#2662,.T.);
#2660 = VERTEX_POINT('',#2661);
#2661 = CARTESIAN_POINT('',(-18.,18.,-0.8));
#2662 = SURFACE_CURVE('',#2663,(#2667,#2674),.PCURVE_S1.);
#2663 = LINE('',#2664,#2665);
#2664 = CARTESIAN_POINT('',(-18.,-18.,-0.8));
#2665 = VECTOR('',#2666,1.);
#2666 = DIRECTION('',(0.,1.,0.));
#2667 = PCURVE('',#2635,#2668);
#2668 = DEFINITIONAL_REPRESENTATION('',(#2669),#2673);
#2669 = LINE('',#2670,#2671);
#2670 = CARTESIAN_POINT('',(0.,0.));
#2671 = VECTOR('',#2672,1.);
#2672 = DIRECTION('',(0.,-1.));
#2673 = ( GEOMETRIC_REPRESENTATION_CONTEXT(2) 
PARAMETRIC_REPRESENTATION_CONTEXT() REPRESENTATION_CONTEXT('2D SPACE',''
  ) );
#2674 = PCURVE('',#2675,#2680);
#2675 = PLANE('',#2676);
#2676 = AXIS2_PLACEMENT_3D('',#2677,#2678,#2679);
#2677 = CARTESIAN_POINT('',(-18.,-18.,-0.8));
#2678 = DIRECTION('',(0.,0.,1.));
#2679 = DIRECTION('',(1.,0.,0.));
#2680 = DEFINITIONAL_REPRESENTATION('',(#2681),#2685);
#2681 = LINE('',#2682,#2683);
#2682 = CARTESIAN_POINT('',(0.,0.));
#2683 = VECTOR('',#2684,1.);
#2684 = DIRECTION('',(0.,1.));
#2685 = ( GEOMETRIC_REPRESENTATION_CONTEXT(2) 
PARAMETRIC_REPRESENTATION_CONTEXT() REPRESENTATION_CONTEXT('2D SPACE',''
  ) );
#2686 = ORIENTED_EDGE('',*,*,#2687,.T.);
#2687 = EDGE_CURVE('',#2660,#2688,#2690,.T.);
#2688 = VERTEX_POINT('',#2689);
#2689 = CARTESIAN_POINT('',(-18.,18.,0.8));
#2690 = SURFACE_CURVE('',#2691,(#2695,#2702),.PCURVE_S1.);
#2691 = LINE('',#2692,#2693);
#2692 = CARTESIAN_POINT('',(-18.,18.,-0.8));
#2693 = VECTOR('',#2694,1.);
#2694 = DIRECTION('',(0.,0.,1.));
#2695 = PCURVE('',#2635,#2696);
#2696 = DEFINITIONAL_REPRESENTATION('',(#2697),#2701);
#2697 = LINE('',#2698,#2699);
#2698 = CARTESIAN_POINT('',(0.,-36.));
#2699 = VECTOR('',#2700,1.);
#2700 = DIRECTION('',(1.,0.));
#2701 = ( GEOMETRIC_REPRESENTATION_CONTEXT(2) 
PARAMETRIC_REPRESENTATION_CONTEXT() REPRESENTATION_CONTEXT('2D SPACE',''
  ) );
#2702 = PCURVE('',#2703,#2708);
#2703 = PLANE('',#2704);
#2704 = AXIS2_PLACEMENT_3D('',#2705,#2706,#2707);
#2705 = CARTESIAN_POINT('',(-18.,18.,-0.8));
#2706 = DIRECTION('',(0.,1.,0.));
#2707 = DIRECTION('',(0.,0.,1.));
#2708 = DEFINITIONAL_REPRESENTATION('',(#2709),#2713);
#2709 = LINE('',#2710,#2711);
#2710 = CARTESIAN_POINT('',(0.,0.));
#2711 = VECTOR('',#2712,1.);
#2712 = DIRECTION('',(1.,0.));
#2713 = ( GEOMETRIC_REPRESENTATION_CONTEXT(2) 
PARAMETRIC_REPRESENTATION_CONTEXT() REPRESENTATION_CONTEXT('2D SPACE',''
  ) );
#2714 = ORIENTED_EDGE('',*,*,#2715,.F.);
#2715 = EDGE_CURVE('',#2627,#2688,#2716,.T.);
#2716 = SURFACE_CURVE('',#2717,(#2721,#2728),.PCURVE_S1.);
#2717 = LINE('',#2718,#2719);
#2718 = CARTESIAN_POINT('',(-18.,-18.,0.8));
#2719 = VECTOR('',#2720,1.);
#2720 = DIRECTION('',(0.,1.,0.));
#2721 = PCURVE('',#2635,#2722);
#2722 = DEFINITIONAL_REPRESENTATION('',(#2723),#2727);
#2723 = LINE('',#2724,#2725);
#2724 = CARTESIAN_POINT('',(1.6,0.));
#2725 = VECTOR('',#2726,1.);
#2726 = DIRECTION('',(0.,-1.));
#2727 = ( GEOMETRIC_REPRESENTATION_CONTEXT(2) 
PARAMETRIC_REPRESENTATION_CONTEXT() REPRESENTATION_CONTEXT('2D SPACE',''
  ) );
#2728 = PCURVE('',#2729,#2734);
#2729 = PLANE('',#2730);
#2730 = AXIS2_PLACEMENT_3D('',#2731,#2732,#2733);
#2731 = CARTESIAN_POINT('',(-18.,-18.,0.8));
#2732 = DIRECTION('',(0.,0.,1.));
#2733 = DIRECTION('',(1.,0.,0.));
#2734 = DEFINITIONAL_REPRESENTATION('',(#2735),#2739);
#2735 = LINE('',#2736,#2737);
#2736 = CARTESIAN_POINT('',(0.,0.));
#2737 = VECTOR('',#2738,1.);
#2738 = DIRECTION('',(0.,1.));
#2739 = ( GEOMETRIC_REPRESENTATION_CONTEXT(2) 
PARAMETRIC_REPRESENTATION_CONTEXT() REPRESENTATION_CONTEXT('2D SPACE',''
  ) );
#2740 = ADVANCED_FACE('',(#2741),#2647,.F.);
#2741 = FACE_BOUND('',#2742,.F.);
#2742 = EDGE_LOOP('',(#2743,#2766,#2767,#2790));
#2743 = ORIENTED_EDGE('',*,*,#2744,.F.);
#2744 = EDGE_CURVE('',#2625,#2745,#2747,.T.);
#2745 = VERTEX_POINT('',#2746);
#2746 = CARTESIAN_POINT('',(18.,-18.,-0.8));
#2747 = SURFACE_CURVE('',#2748,(#2752,#2759),.PCURVE_S1.);
#2748 = LINE('',#2749,#2750);
#2749 = CARTESIAN_POINT('',(-18.,-18.,-0.8));
#2750 = VECTOR('',#2751,1.);
#2751 = DIRECTION('',(1.,0.,0.));
#2752 = PCURVE('',#2647,#2753);
#2753 = DEFINITIONAL_REPRESENTATION('',(#2754),#2758);
#2754 = LINE('',#2755,#2756);
#2755 = CARTESIAN_POINT('',(0.,0.));
#2756 = VECTOR('',#2757,1.);
#2757 = DIRECTION('',(0.,1.));
#2758 = ( GEOMETRIC_REPRESENTATION_CONTEXT(2) 
PARAMETRIC_REPRESENTATION_CONTEXT() REPRESENTATION_CONTEXT('2D SPACE',''
  ) );
#2759 = PCURVE('',#2675,#2760);
#2760 = DEFINITIONAL_REPRESENTATION('',(#2761),#2765);
#2761 = LINE('',#2762,#2763);
#2762 = CARTESIAN_POINT('',(0.,0.));
#2763 = VECTOR('',#2764,1.);
#2764 = DIRECTION('',(1.,0.));
#2765 = ( GEOMETRIC_REPRESENTATION_CONTEXT(2) 
PARAMETRIC_REPRESENTATION_CONTEXT() REPRESENTATION_CONTEXT('2D SPACE',''
  ) );
#2766 = ORIENTED_EDGE('',*,*,#2624,.T.);
#2767 = ORIENTED_EDGE('',*,*,#2768,.T.);
#2768 = EDGE_CURVE('',#2627,#2769,#2771,.T.);
#2769 = VERTEX_POINT('',#2770);
#2770 = CARTESIAN_POINT('',(18.,-18.,0.8));
#2771 = SURFACE_CURVE('',#2772,(#2776,#2783),.PCURVE_S1.);
#2772 = LINE('',#2773,#2774);
#2773 = CARTESIAN_POINT('',(-18.,-18.,0.8));
#2774 = VECTOR('',#2775,1.);
#2775 = DIRECTION('',(1.,0.,0.));
#2776 = PCURVE('',#2647,#2777);
#2777 = DEFINITIONAL_REPRESENTATION('',(#2778),#2782);
#2778 = LINE('',#2779,#2780);
#2779 = CARTESIAN_POINT('',(1.6,0.));
#2780 = VECTOR('',#2781,1.);
#2781 = DIRECTION('',(0.,1.));
#2782 = ( GEOMETRIC_REPRESENTATION_CONTEXT(2) 
PARAMETRIC_REPRESENTATION_CONTEXT() REPRESENTATION_CONTEXT('2D SPACE',''
  ) );
#2783 = PCURVE('',#2729,#2784);
#2784 = DEFINITIONAL_REPRESENTATION('',(#2785),#2789);
#2785 = LINE('',#2786,#2787);
#2786 = CARTESIAN_POINT('',(0.,0.));
#2787 = VECTOR('',#2788,1.);
#2788 = DIRECTION('',(1.,0.));
#2789 = ( GEOMETRIC_REPRESENTATION_CONTEXT(2) 
PARAMETRIC_REPRESENTATION_CONTEXT() REPRESENTATION_CONTEXT('2D SPACE',''
  ) );
#2790 = ORIENTED_EDGE('',*,*,#2791,.F.);
#2791 = EDGE_CURVE('',#2745,#2769,#2792,.T.);
#2792 = SURFACE_CURVE('',#2793,(#2797,#2804),.PCURVE_S1.);
#2793 = LINE('',#2794,#2795);
#2794 = CARTESIAN_POINT('',(18.,-18.,-0.8));
#2795 = VECTOR('',#2796,1.);
#2796 = DIRECTION('',(0.,0.,1.));
#2797 = PCURVE('',#2647,#2798);
#2798 = DEFINITIONAL_REPRESENTATION('',(#2799),#2803);
#2799 = LINE('',#2800,#2801);
#2800 = CARTESIAN_POINT('',(0.,36.));
#2801 = VECTOR('',#2802,1.);
#2802 = DIRECTION('',(1.,0.));
#2803 = ( GEOMETRIC_REPRESENTATION_CONTEXT(2) 
PARAMETRIC_REPRESENTATION_CONTEXT() REPRESENTATION_CONTEXT('2D SPACE',''
  ) );
#2804 = PCURVE('',#2805,#2810);
#2805 = PLANE('',#2806);
#2806 = AXIS2_PLACEMENT_3D('',#2807,#2808,#2809);
#2807 = CARTESIAN_POINT('',(18.,-18.,-0.8));
#2808 = DIRECTION('',(1.,0.,0.));
#2809 = DIRECTION('',(0.,0.,1.));
#2810 = DEFINITIONAL_REPRESENTATION('',(#2811),#2815);
#2811 = LINE('',#2812,#2813);
#2812 = CARTESIAN_POINT('',(0.,0.));
#2813 = VECTOR('',#2814,1.);
#2814 = DIRECTION('',(1.,0.));
#2815 = ( GEOMETRIC_REPRESENTATION_CONTEXT(2) 
PARAMETRIC_REPRESENTATION_CONTEXT() REPRESENTATION_CONTEXT('2D SPACE',''
  ) );
#2816 = ADVANCED_FACE('',(#2817,#2865,#2900,#2935,#2970),#2729,.T.);
#2817 = FACE_BOUND('',#2818,.T.);
#2818 = EDGE_LOOP('',(#2819,#2820,#2821,#2844));
#2819 = ORIENTED_EDGE('',*,*,#2715,.F.);
#2820 = ORIENTED_EDGE('',*,*,#2768,.T.);
#2821 = ORIENTED_EDGE('',*,*,#2822,.T.);
#2822 = EDGE_CURVE('',#2769,#2823,#2825,.T.);
#2823 = VERTEX_POINT('',#2824);
#2824 = CARTESIAN_POINT('',(18.,18.,0.8));
#2825 = SURFACE_CURVE('',#2826,(#2830,#2837),.PCURVE_S1.);
#2826 = LINE('',#2827,#2828);
#2827 = CARTESIAN_POINT('',(18.,-18.,0.8));
#2828 = VECTOR('',#2829,1.);
#2829 = DIRECTION('',(0.,1.,0.));
#2830 = PCURVE('',#2729,#2831);
#2831 = DEFINITIONAL_REPRESENTATION('',(#2832),#2836);
#2832 = LINE('',#2833,#2834);
#2833 = CARTESIAN_POINT('',(36.,0.));
#2834 = VECTOR('',#2835,1.);
#2835 = DIRECTION('',(0.,1.));
#2836 = ( GEOMETRIC_REPRESENTATION_CONTEXT(2) 
PARAMETRIC_REPRESENTATION_CONTEXT() REPRESENTATION_CONTEXT('2D SPACE',''
  ) );
#2837 = PCURVE('',#2805,#2838);
#2838 = DEFINITIONAL_REPRESENTATION('',(#2839),#2843);
#2839 = LINE('',#2840,#2841);
#2840 = CARTESIAN_POINT('',(1.6,0.));
#2841 = VECTOR('',#2842,1.);
#2842 = DIRECTION('',(0.,-1.));
#2843 = ( GEOMETRIC_REPRESENTATION_CONTEXT(2) 
PARAMETRIC_REPRESENTATION_CONTEXT() REPRESENTATION_CONTEXT('2D SPACE',''
  ) );
#2844 = ORIENTED_EDGE('',*,*,#2845,.F.);
#2845 = EDGE_CURVE('',#2688,#2823,#2846,.T.);
#2846 = SURFACE_CURVE('',#2847,(#2851,#2858),.PCURVE_S1.);
#2847 = LINE('',#2848,#2849);
#2848 = CARTESIAN_POINT('',(-18.,18.,0.8));
#2849 = VECTOR('',#2850,1.);
#2850 = DIRECTION('',(1.,0.,0.));
#2851 = PCURVE('',#2729,#2852);
#2852 = DEFINITIONAL_REPRESENTATION('',(#2853),#2857);
#2853 = LINE('',#2854,#2855);
#2854 = CARTESIAN_POINT('',(0.,36.));
#2855 = VECTOR('',#2856,1.);
#2856 = DIRECTION('',(1.,0.));
#2857 = ( GEOMETRIC_REPRESENTATION_CONTEXT(2) 
PARAMETRIC_REPRESENTATION_CONTEXT() REPRESENTATION_CONTEXT('2D SPACE',''
  ) );
#2858 = PCURVE('',#2703,#2859);
#2859 = DEFINITIONAL_REPRESENTATION('',(#2860),#2864);
#2860 = LINE('',#2861,#2862);
#2861 = CARTESIAN_POINT('',(1.6,0.));
#2862 = VECTOR('',#2863,1.);
#2863 = DIRECTION('',(0.,1.));
#2864 = ( GEOMETRIC_REPRESENTATION_CONTEXT(2) 
PARAMETRIC_REPRESENTATION_CONTEXT() REPRESENTATION_CONTEXT('2D SPACE',''
  ) );
#2865 = FACE_BOUND('',#2866,.T.);
#2866 = EDGE_LOOP('',(#2867));
#2867 = ORIENTED_EDGE('',*,*,#2868,.T.);
#2868 = EDGE_CURVE('',#2869,#2869,#2871,.T.);
#2869 = VERTEX_POINT('',#2870);
#2870 = CARTESIAN_POINT('',(-16.75,-15.25,0.8));
#2871 = SURFACE_CURVE('',#2872,(#2877,#2888),.PCURVE_S1.);
#2872 = CIRCLE('',#2873,1.5);
#2873 = AXIS2_PLACEMENT_3D('',#2874,#2875,#2876);
#2874 = CARTESIAN_POINT('',(-15.25,-15.25,0.8));
#2875 = DIRECTION('',(0.,0.,-1.));
#2876 = DIRECTION('',(-1.,0.,0.));
#2877 = PCURVE('',#2729,#2878);
#2878 = DEFINITIONAL_REPRESENTATION('',(#2879),#2887);
#2879 = ( BOUNDED_CURVE() B_SPLINE_CURVE(2,(#2880,#2881,#2882,#2883,
#2884,#2885,#2886),.UNSPECIFIED.,.T.,.F.) B_SPLINE_CURVE_WITH_KNOTS((1,2
    ,2,2,2,1),(-2.094395102393,0.,2.094395102393,4.188790204786,
6.28318530718,8.377580409573),.UNSPECIFIED.) CURVE() 
GEOMETRIC_REPRESENTATION_ITEM() RATIONAL_B_SPLINE_CURVE((1.,0.5,1.,0.5,
1.,0.5,1.)) REPRESENTATION_ITEM('') );
#2880 = CARTESIAN_POINT('',(1.25,2.75));
#2881 = CARTESIAN_POINT('',(1.25,5.348076211353));
#2882 = CARTESIAN_POINT('',(3.5,4.049038105677));
#2883 = CARTESIAN_POINT('',(5.75,2.75));
#2884 = CARTESIAN_POINT('',(3.5,1.450961894323));
#2885 = CARTESIAN_POINT('',(1.25,0.151923788647));
#2886 = CARTESIAN_POINT('',(1.25,2.75));
#2887 = ( GEOMETRIC_REPRESENTATION_CONTEXT(2) 
PARAMETRIC_REPRESENTATION_CONTEXT() REPRESENTATION_CONTEXT('2D SPACE',''
  ) );
#2888 = PCURVE('',#2889,#2894);
#2889 = CYLINDRICAL_SURFACE('',#2890,1.5);
#2890 = AXIS2_PLACEMENT_3D('',#2891,#2892,#2893);
#2891 = CARTESIAN_POINT('',(-15.25,-15.25,0.8));
#2892 = DIRECTION('',(0.,0.,-1.));
#2893 = DIRECTION('',(-1.,0.,0.));
#2894 = DEFINITIONAL_REPRESENTATION('',(#2895),#2899);
#2895 = LINE('',#2896,#2897);
#2896 = CARTESIAN_POINT('',(0.,0.));
#2897 = VECTOR('',#2898,1.);
#2898 = DIRECTION('',(1.,0.));
#2899 = ( GEOMETRIC_REPRESENTATION_CONTEXT(2) 
PARAMETRIC_REPRESENTATION_CONTEXT() REPRESENTATION_CONTEXT('2D SPACE',''
  ) );
#2900 = FACE_BOUND('',#2901,.T.);
#2901 = EDGE_LOOP('',(#2902));
#2902 = ORIENTED_EDGE('',*,*,#2903,.T.);
#2903 = EDGE_CURVE('',#2904,#2904,#2906,.T.);
#2904 = VERTEX_POINT('',#2905);
#2905 = CARTESIAN_POINT('',(13.75,-15.25,0.8));
#2906 = SURFACE_CURVE('',#2907,(#2912,#2923),.PCURVE_S1.);
#2907 = CIRCLE('',#2908,1.5);
#2908 = AXIS2_PLACEMENT_3D('',#2909,#2910,#2911);
#2909 = CARTESIAN_POINT('',(15.25,-15.25,0.8));
#2910 = DIRECTION('',(0.,0.,-1.));
#2911 = DIRECTION('',(-1.,0.,0.));
#2912 = PCURVE('',#2729,#2913);
#2913 = DEFINITIONAL_REPRESENTATION('',(#2914),#2922);
#2914 = ( BOUNDED_CURVE() B_SPLINE_CURVE(2,(#2915,#2916,#2917,#2918,
#2919,#2920,#2921),.UNSPECIFIED.,.T.,.F.) B_SPLINE_CURVE_WITH_KNOTS((1,2
    ,2,2,2,1),(-2.094395102393,0.,2.094395102393,4.188790204786,
6.28318530718,8.377580409573),.UNSPECIFIED.) CURVE() 
GEOMETRIC_REPRESENTATION_ITEM() RATIONAL_B_SPLINE_CURVE((1.,0.5,1.,0.5,
1.,0.5,1.)) REPRESENTATION_ITEM('') );
#2915 = CARTESIAN_POINT('',(31.75,2.75));
#2916 = CARTESIAN_POINT('',(31.75,5.348076211353));
#2917 = CARTESIAN_POINT('',(34.,4.049038105677));
#2918 = CARTESIAN_POINT('',(36.25,2.75));
#2919 = CARTESIAN_POINT('',(34.,1.450961894323));
#2920 = CARTESIAN_POINT('',(31.75,0.151923788647));
#2921 = CARTESIAN_POINT('',(31.75,2.75));
#2922 = ( GEOMETRIC_REPRESENTATION_CONTEXT(2) 
PARAMETRIC_REPRESENTATION_CONTEXT() REPRESENTATION_CONTEXT('2D SPACE',''
  ) );
#2923 = PCURVE('',#2924,#2929);
#2924 = CYLINDRICAL_SURFACE('',#2925,1.5);
#2925 = AXIS2_PLACEMENT_3D('',#2926,#2927,#2928);
#2926 = CARTESIAN_POINT('',(15.25,-15.25,0.8));
#2927 = DIRECTION('',(0.,0.,-1.));
#2928 = DIRECTION('',(-1.,0.,0.));
#2929 = DEFINITIONAL_REPRESENTATION('',(#2930),#2934);
#2930 = LINE('',#2931,#2932);
#2931 = CARTESIAN_POINT('',(0.,0.));
#2932 = VECTOR('',#2933,1.);
#2933 = DIRECTION('',(1.,0.));
#2934 = ( GEOMETRIC_REPRESENTATION_CONTEXT(2) 
PARAMETRIC_REPRESENTATION_CONTEXT() REPRESENTATION_CONTEXT('2D SPACE',''
  ) );
#2935 = FACE_BOUND('',#2936,.T.);
#2936 = EDGE_LOOP('',(#2937));
#2937 = ORIENTED_EDGE('',*,*,#2938,.T.);
#2938 = EDGE_CURVE('',#2939,#2939,#2941,.T.);
#2939 = VERTEX_POINT('',#2940);
#2940 = CARTESIAN_POINT('',(-16.75,15.25,0.8));
#2941 = SURFACE_CURVE('',#2942,(#2947,#2958),.PCURVE_S1.);
#2942 = CIRCLE('',#2943,1.5);
#2943 = AXIS2_PLACEMENT_3D('',#2944,#2945,#2946);
#2944 = CARTESIAN_POINT('',(-15.25,15.25,0.8));
#2945 = DIRECTION('',(0.,0.,-1.));
#2946 = DIRECTION('',(-1.,0.,0.));
#2947 = PCURVE('',#2729,#2948);
#2948 = DEFINITIONAL_REPRESENTATION('',(#2949),#2957);
#2949 = ( BOUNDED_CURVE() B_SPLINE_CURVE(2,(#2950,#2951,#2952,#2953,
#2954,#2955,#2956),.UNSPECIFIED.,.T.,.F.) B_SPLINE_CURVE_WITH_KNOTS((1,2
    ,2,2,2,1),(-2.094395102393,0.,2.094395102393,4.188790204786,
6.28318530718,8.377580409573),.UNSPECIFIED.) CURVE() 
GEOMETRIC_REPRESENTATION_ITEM() RATIONAL_B_SPLINE_CURVE((1.,0.5,1.,0.5,
1.,0.5,1.)) REPRESENTATION_ITEM('') );
#2950 = CARTESIAN_POINT('',(1.25,33.25));
#2951 = CARTESIAN_POINT('',(1.25,35.848076211353));
#2952 = CARTESIAN_POINT('',(3.5,34.549038105677));
#2953 = CARTESIAN_POINT('',(5.75,33.25));
#2954 = CARTESIAN_POINT('',(3.5,31.950961894323));
#2955 = CARTESIAN_POINT('',(1.25,30.651923788647));
#2956 = CARTESIAN_POINT('',(1.25,33.25));
#2957 = ( GEOMETRIC_REPRESENTATION_CONTEXT(2) 
PARAMETRIC_REPRESENTATION_CONTEXT() REPRESENTATION_CONTEXT('2D SPACE',''
  ) );
#2958 = PCURVE('',#2959,#2964);
#2959 = CYLINDRICAL_SURFACE('',#2960,1.5);
#2960 = AXIS2_PLACEMENT_3D('',#2961,#2962,#2963);
#2961 = CARTESIAN_POINT('',(-15.25,15.25,0.8));
#2962 = DIRECTION('',(0.,0.,-1.));
#2963 = DIRECTION('',(-1.,0.,0.));
#2964 = DEFINITIONAL_REPRESENTATION('',(#2965),#2969);
#2965 = LINE('',#2966,#2967);
#2966 = CARTESIAN_POINT('',(0.,0.));
#2967 = VECTOR('',#2968,1.);
#2968 = DIRECTION('',(1.,0.));
#2969 = ( GEOMETRIC_REPRESENTATION_CONTEXT(2) 
PARAMETRIC_REPRESENTATION_CONTEXT() REPRESENTATION_CONTEXT('2D SPACE',''
  ) );
#2970 = FACE_BOUND('',#2971,.T.);
#2971 = EDGE_LOOP('',(#2972));
#2972 = ORIENTED_EDGE('',*,*,#2973,.T.);
#2973 = EDGE_CURVE('',#2974,#2974,#2976,.T.);
#2974 = VERTEX_POINT('',#2975);
#2975 = CARTESIAN_POINT('',(13.75,15.25,0.8));
#2976 = SURFACE_CURVE('',#2977,(#2982,#2993),.PCURVE_S1.);
#2977 = CIRCLE('',#2978,1.5);
#2978 = AXIS2_PLACEMENT_3D('',#2979,#2980,#2981);
#2979 = CARTESIAN_POINT('',(15.25,15.25,0.8));
#2980 = DIRECTION('',(0.,0.,-1.));
#2981 = DIRECTION('',(-1.,0.,0.));
#2982 = PCURVE('',#2729,#2983);
#2983 = DEFINITIONAL_REPRESENTATION('',(#2984),#2992);
#2984 = ( BOUNDED_CURVE() B_SPLINE_CURVE(2,(#2985,#2986,#2987,#2988,
#2989,#2990,#2991),.UNSPECIFIED.,.T.,.F.) B_SPLINE_CURVE_WITH_KNOTS((1,2
    ,2,2,2,1),(-2.094395102393,0.,2.094395102393,4.188790204786,
6.28318530718,8.377580409573),.UNSPECIFIED.) CURVE() 
GEOMETRIC_REPRESENTATION_ITEM() RATIONAL_B_SPLINE_CURVE((1.,0.5,1.,0.5,
1.,0.5,1.)) REPRESENTATION_ITEM('') );
#2985 = CARTESIAN_POINT('',(31.75,33.25));
#2986 = CARTESIAN_POINT('',(31.75,35.848076211353));
#2987 = CARTESIAN_POINT('',(34.,34.549038105677));
#2988 = CARTESIAN_POINT('',(36.25,33.25));
#2989 = CARTESIAN_POINT('',(34.,31.950961894323));
#2990 = CARTESIAN_POINT('',(31.75,30.651923788647));
#2991 = CARTESIAN_POINT('',(31.75,33.25));
#2992 = ( GEOMETRIC_REPRESENTATION_CONTEXT(2) 
PARAMETRIC_REPRESENTATION_CONTEXT() REPRESENTATION_CONTEXT('2D SPACE',''
  ) );
#2993 = PCURVE('',#2994,#2999);
#2994 = CYLINDRICAL_SURFACE('',#2995,1.5);
#2995 = AXIS2_PLACEMENT_3D('',#2996,#2997,#2998);
#2996 = CARTESIAN_POINT('',(15.25,15.25,0.8));
#2997 = DIRECTION('',(0.,0.,-1.));
#2998 = DIRECTION('',(-1.,0.,0.));
#2999 = DEFINITIONAL_REPRESENTATION('',(#3000),#3004);
#3000 = LINE('',#3001,#3002);
#3001 = CARTESIAN_POINT('',(0.,0.));
#3002 = VECTOR('',#3003,1.);
#3003 = DIRECTION('',(1.,0.));
#3004 = ( GEOMETRIC_REPRESENTATION_CONTEXT(2) 
PARAMETRIC_REPRESENTATION_CONTEXT() REPRESENTATION_CONTEXT('2D SPACE',''
  ) );
#3005 = ADVANCED_FACE('',(#3006),#2703,.T.);
#3006 = FACE_BOUND('',#3007,.T.);
#3007 = EDGE_LOOP('',(#3008,#3031,#3032,#3033));
#3008 = ORIENTED_EDGE('',*,*,#3009,.F.);
#3009 = EDGE_CURVE('',#2660,#3010,#3012,.T.);
#3010 = VERTEX_POINT('',#3011);
#3011 = CARTESIAN_POINT('',(18.,18.,-0.8));
#3012 = SURFACE_CURVE('',#3013,(#3017,#3024),.PCURVE_S1.);
#3013 = LINE('',#3014,#3015);
#3014 = CARTESIAN_POINT('',(-18.,18.,-0.8));
#3015 = VECTOR('',#3016,1.);
#3016 = DIRECTION('',(1.,0.,0.));
#3017 = PCURVE('',#2703,#3018);
#3018 = DEFINITIONAL_REPRESENTATION('',(#3019),#3023);
#3019 = LINE('',#3020,#3021);
#3020 = CARTESIAN_POINT('',(0.,0.));
#3021 = VECTOR('',#3022,1.);
#3022 = DIRECTION('',(0.,1.));
#3023 = ( GEOMETRIC_REPRESENTATION_CONTEXT(2) 
PARAMETRIC_REPRESENTATION_CONTEXT() REPRESENTATION_CONTEXT('2D SPACE',''
  ) );
#3024 = PCURVE('',#2675,#3025);
#3025 = DEFINITIONAL_REPRESENTATION('',(#3026),#3030);
#3026 = LINE('',#3027,#3028);
#3027 = CARTESIAN_POINT('',(0.,36.));
#3028 = VECTOR('',#3029,1.);
#3029 = DIRECTION('',(1.,0.));
#3030 = ( GEOMETRIC_REPRESENTATION_CONTEXT(2) 
PARAMETRIC_REPRESENTATION_CONTEXT() REPRESENTATION_CONTEXT('2D SPACE',''
  ) );
#3031 = ORIENTED_EDGE('',*,*,#2687,.T.);
#3032 = ORIENTED_EDGE('',*,*,#2845,.T.);
#3033 = ORIENTED_EDGE('',*,*,#3034,.F.);
#3034 = EDGE_CURVE('',#3010,#2823,#3035,.T.);
#3035 = SURFACE_CURVE('',#3036,(#3040,#3047),.PCURVE_S1.);
#3036 = LINE('',#3037,#3038);
#3037 = CARTESIAN_POINT('',(18.,18.,-0.8));
#3038 = VECTOR('',#3039,1.);
#3039 = DIRECTION('',(0.,0.,1.));
#3040 = PCURVE('',#2703,#3041);
#3041 = DEFINITIONAL_REPRESENTATION('',(#3042),#3046);
#3042 = LINE('',#3043,#3044);
#3043 = CARTESIAN_POINT('',(0.,36.));
#3044 = VECTOR('',#3045,1.);
#3045 = DIRECTION('',(1.,0.));
#3046 = ( GEOMETRIC_REPRESENTATION_CONTEXT(2) 
PARAMETRIC_REPRESENTATION_CONTEXT() REPRESENTATION_CONTEXT('2D SPACE',''
  ) );
#3047 = PCURVE('',#2805,#3048);
#3048 = DEFINITIONAL_REPRESENTATION('',(#3049),#3053);
#3049 = LINE('',#3050,#3051);
#3050 = CARTESIAN_POINT('',(0.,-36.));
#3051 = VECTOR('',#3052,1.);
#3052 = DIRECTION('',(1.,0.));
#3053 = ( GEOMETRIC_REPRESENTATION_CONTEXT(2) 
PARAMETRIC_REPRESENTATION_CONTEXT() REPRESENTATION_CONTEXT('2D SPACE',''
  ) );
#3054 = ADVANCED_FACE('',(#3055,#3081,#3111,#3141,#3171),#2675,.F.);
#3055 = FACE_BOUND('',#3056,.F.);
#3056 = EDGE_LOOP('',(#3057,#3058,#3059,#3080));
#3057 = ORIENTED_EDGE('',*,*,#2659,.F.);
#3058 = ORIENTED_EDGE('',*,*,#2744,.T.);
#3059 = ORIENTED_EDGE('',*,*,#3060,.T.);
#3060 = EDGE_CURVE('',#2745,#3010,#3061,.T.);
#3061 = SURFACE_CURVE('',#3062,(#3066,#3073),.PCURVE_S1.);
#3062 = LINE('',#3063,#3064);
#3063 = CARTESIAN_POINT('',(18.,-18.,-0.8));
#3064 = VECTOR('',#3065,1.);
#3065 = DIRECTION('',(0.,1.,0.));
#3066 = PCURVE('',#2675,#3067);
#3067 = DEFINITIONAL_REPRESENTATION('',(#3068),#3072);
#3068 = LINE('',#3069,#3070);
#3069 = CARTESIAN_POINT('',(36.,0.));
#3070 = VECTOR('',#3071,1.);
#3071 = DIRECTION('',(0.,1.));
#3072 = ( GEOMETRIC_REPRESENTATION_CONTEXT(2) 
PARAMETRIC_REPRESENTATION_CONTEXT() REPRESENTATION_CONTEXT('2D SPACE',''
  ) );
#3073 = PCURVE('',#2805,#3074);
#3074 = DEFINITIONAL_REPRESENTATION('',(#3075),#3079);
#3075 = LINE('',#3076,#3077);
#3076 = CARTESIAN_POINT('',(0.,0.));
#3077 = VECTOR('',#3078,1.);
#3078 = DIRECTION('',(0.,-1.));
#3079 = ( GEOMETRIC_REPRESENTATION_CONTEXT(2) 
PARAMETRIC_REPRESENTATION_CONTEXT() REPRESENTATION_CONTEXT('2D SPACE',''
  ) );
#3080 = ORIENTED_EDGE('',*,*,#3009,.F.);
#3081 = FACE_BOUND('',#3082,.F.);
#3082 = EDGE_LOOP('',(#3083));
#3083 = ORIENTED_EDGE('',*,*,#3084,.T.);
#3084 = EDGE_CURVE('',#3085,#3085,#3087,.T.);
#3085 = VERTEX_POINT('',#3086);
#3086 = CARTESIAN_POINT('',(-16.75,-15.25,-0.8));
#3087 = SURFACE_CURVE('',#3088,(#3093,#3104),.PCURVE_S1.);
#3088 = CIRCLE('',#3089,1.5);
#3089 = AXIS2_PLACEMENT_3D('',#3090,#3091,#3092);
#3090 = CARTESIAN_POINT('',(-15.25,-15.25,-0.8));
#3091 = DIRECTION('',(0.,0.,-1.));
#3092 = DIRECTION('',(-1.,0.,0.));
#3093 = PCURVE('',#2675,#3094);
#3094 = DEFINITIONAL_REPRESENTATION('',(#3095),#3103);
#3095 = ( BOUNDED_CURVE() B_SPLINE_CURVE(2,(#3096,#3097,#3098,#3099,
#3100,#3101,#3102),.UNSPECIFIED.,.T.,.F.) B_SPLINE_CURVE_WITH_KNOTS((1,2
    ,2,2,2,1),(-2.094395102393,0.,2.094395102393,4.188790204786,
6.28318530718,8.377580409573),.UNSPECIFIED.) CURVE() 
GEOMETRIC_REPRESENTATION_ITEM() RATIONAL_B_SPLINE_CURVE((1.,0.5,1.,0.5,
1.,0.5,1.)) REPRESENTATION_ITEM('') );
#3096 = CARTESIAN_POINT('',(1.25,2.75));
#3097 = CARTESIAN_POINT('',(1.25,5.348076211353));
#3098 = CARTESIAN_POINT('',(3.5,4.049038105677));
#3099 = CARTESIAN_POINT('',(5.75,2.75));
#3100 = CARTESIAN_POINT('',(3.5,1.450961894323));
#3101 = CARTESIAN_POINT('',(1.25,0.151923788647));
#3102 = CARTESIAN_POINT('',(1.25,2.75));
#3103 = ( GEOMETRIC_REPRESENTATION_CONTEXT(2) 
PARAMETRIC_REPRESENTATION_CONTEXT() REPRESENTATION_CONTEXT('2D SPACE',''
  ) );
#3104 = PCURVE('',#2889,#3105);
#3105 = DEFINITIONAL_REPRESENTATION('',(#3106),#3110);
#3106 = LINE('',#3107,#3108);
#3107 = CARTESIAN_POINT('',(0.,1.6));
#3108 = VECTOR('',#3109,1.);
#3109 = DIRECTION('',(1.,0.));
#3110 = ( GEOMETRIC_REPRESENTATION_CONTEXT(2) 
PARAMETRIC_REPRESENTATION_CONTEXT() REPRESENTATION_CONTEXT('2D SPACE',''
  ) );
#3111 = FACE_BOUND('',#3112,.F.);
#3112 = EDGE_LOOP('',(#3113));
#3113 = ORIENTED_EDGE('',*,*,#3114,.T.);
#3114 = EDGE_CURVE('',#3115,#3115,#3117,.T.);
#3115 = VERTEX_POINT('',#3116);
#3116 = CARTESIAN_POINT('',(13.75,-15.25,-0.8));
#3117 = SURFACE_CURVE('',#3118,(#3123,#3134),.PCURVE_S1.);
#3118 = CIRCLE('',#3119,1.5);
#3119 = AXIS2_PLACEMENT_3D('',#3120,#3121,#3122);
#3120 = CARTESIAN_POINT('',(15.25,-15.25,-0.8));
#3121 = DIRECTION('',(0.,0.,-1.));
#3122 = DIRECTION('',(-1.,0.,0.));
#3123 = PCURVE('',#2675,#3124);
#3124 = DEFINITIONAL_REPRESENTATION('',(#3125),#3133);
#3125 = ( BOUNDED_CURVE() B_SPLINE_CURVE(2,(#3126,#3127,#3128,#3129,
#3130,#3131,#3132),.UNSPECIFIED.,.T.,.F.) B_SPLINE_CURVE_WITH_KNOTS((1,2
    ,2,2,2,1),(-2.094395102393,0.,2.094395102393,4.188790204786,
6.28318530718,8.377580409573),.UNSPECIFIED.) CURVE() 
GEOMETRIC_REPRESENTATION_ITEM() RATIONAL_B_SPLINE_CURVE((1.,0.5,1.,0.5,
1.,0.5,1.)) REPRESENTATION_ITEM('') );
#3126 = CARTESIAN_POINT('',(31.75,2.75));
#3127 = CARTESIAN_POINT('',(31.75,5.348076211353));
#3128 = CARTESIAN_POINT('',(34.,4.049038105677));
#3129 = CARTESIAN_POINT('',(36.25,2.75));
#3130 = CARTESIAN_POINT('',(34.,1.450961894323));
#3131 = CARTESIAN_POINT('',(31.75,0.151923788647));
#3132 = CARTESIAN_POINT('',(31.75,2.75));
#3133 = ( GEOMETRIC_REPRESENTATION_CONTEXT(2) 
PARAMETRIC_REPRESENTATION_CONTEXT() REPRESENTATION_CONTEXT('2D SPACE',''
  ) );
#3134 = PCURVE('',#2924,#3135);
#3135 = DEFINITIONAL_REPRESENTATION('',(#3136),#3140);
#3136 = LINE('',#3137,#3138);
#3137 = CARTESIAN_POINT('',(0.,1.6));
#3138 = VECTOR('',#3139,1.);
#3139 = DIRECTION('',(1.,0.));
#3140 = ( GEOMETRIC_REPRESENTATION_CONTEXT(2) 
PARAMETRIC_REPRESENTATION_CONTEXT() REPRESENTATION_CONTEXT('2D SPACE',''
  ) );
#3141 = FACE_BOUND('',#3142,.F.);
#3142 = EDGE_LOOP('',(#3143));
#3143 = ORIENTED_EDGE('',*,*,#3144,.T.);
#3144 = EDGE_CURVE('',#3145,#3145,#3147,.T.);
#3145 = VERTEX_POINT('',#3146);
#3146 = CARTESIAN_POINT('',(-16.75,15.25,-0.8));
#3147 = SURFACE_CURVE('',#3148,(#3153,#3164),.PCURVE_S1.);
#3148 = CIRCLE('',#3149,1.5);
#3149 = AXIS2_PLACEMENT_3D('',#3150,#3151,#3152);
#3150 = CARTESIAN_POINT('',(-15.25,15.25,-0.8));
#3151 = DIRECTION('',(0.,0.,-1.));
#3152 = DIRECTION('',(-1.,0.,0.));
#3153 = PCURVE('',#2675,#3154);
#3154 = DEFINITIONAL_REPRESENTATION('',(#3155),#3163);
#3155 = ( BOUNDED_CURVE() B_SPLINE_CURVE(2,(#3156,#3157,#3158,#3159,
#3160,#3161,#3162),.UNSPECIFIED.,.T.,.F.) B_SPLINE_CURVE_WITH_KNOTS((1,2
    ,2,2,2,1),(-2.094395102393,0.,2.094395102393,4.188790204786,
6.28318530718,8.377580409573),.UNSPECIFIED.) CURVE() 
GEOMETRIC_REPRESENTATION_ITEM() RATIONAL_B_SPLINE_CURVE((1.,0.5,1.,0.5,
1.,0.5,1.)) REPRESENTATION_ITEM('') );
#3156 = CARTESIAN_POINT('',(1.25,33.25));
#3157 = CARTESIAN_POINT('',(1.25,35.848076211353));
#3158 = CARTESIAN_POINT('',(3.5,34.549038105677));
#3159 = CARTESIAN_POINT('',(5.75,33.25));
#3160 = CARTESIAN_POINT('',(3.5,31.950961894323));
#3161 = CARTESIAN_POINT('',(1.25,30.651923788647));
#3162 = CARTESIAN_POINT('',(1.25,33.25));
#3163 = ( GEOMETRIC_REPRESENTATION_CONTEXT(2) 
PARAMETRIC_REPRESENTATION_CONTEXT() REPRESENTATION_CONTEXT('2D SPACE',''
  ) );
#3164 = PCURVE('',#2959,#3165);
#3165 = DEFINITIONAL_REPRESENTATION('',(#3166),#3170);
#3166 = LINE('',#3167,#3168);
#3167 = CARTESIAN_POINT('',(0.,1.6));
#3168 = VECTOR('',#3169,1.);
#3169 = DIRECTION('',(1.,0.));
#3170 = ( GEOMETRIC_REPRESENTATION_CONTEXT(2) 
PARAMETRIC_REPRESENTATION_CONTEXT() REPRESENTATION_CONTEXT('2D SPACE',''
  ) );
#3171 = FACE_BOUND('',#3172,.F.);
#3172 = EDGE_LOOP('',(#3173));
#3173 = ORIENTED_EDGE('',*,*,#3174,.T.);
#3174 = EDGE_CURVE('',#3175,#3175,#3177,.T.);
#3175 = VERTEX_POINT('',#3176);
#3176 = CARTESIAN_POINT('',(13.75,15.25,-0.8));
#3177 = SURFACE_CURVE('',#3178,(#3183,#3194),.PCURVE_S1.);
#3178 = CIRCLE('',#3179,1.5);
#3179 = AXIS2_PLACEMENT_3D('',#3180,#3181,#3182);
#3180 = CARTESIAN_POINT('',(15.25,15.25,-0.8));
#3181 = DIRECTION('',(0.,0.,-1.));
#3182 = DIRECTION('',(-1.,0.,0.));
#3183 = PCURVE('',#2675,#3184);
#3184 = DEFINITIONAL_REPRESENTATION('',(#3185),#3193);
#3185 = ( BOUNDED_CURVE() B_SPLINE_CURVE(2,(#3186,#3187,#3188,#3189,
#3190,#3191,#3192),.UNSPECIFIED.,.T.,.F.) B_SPLINE_CURVE_WITH_KNOTS((1,2
    ,2,2,2,1),(-2.094395102393,0.,2.094395102393,4.188790204786,
6.28318530718,8.377580409573),.UNSPECIFIED.) CURVE() 
GEOMETRIC_REPRESENTATION_ITEM() RATIONAL_B_SPLINE_CURVE((1.,0.5,1.,0.5,
1.,0.5,1.)) REPRESENTATION_ITEM('') );
#3186 = CARTESIAN_POINT('',(31.75,33.25));
#3187 = CARTESIAN_POINT('',(31.75,35.848076211353));
#3188 = CARTESIAN_POINT('',(34.,34.549038105677));
#3189 = CARTESIAN_POINT('',(36.25,33.25));
#3190 = CARTESIAN_POINT('',(34.,31.950961894323));
#3191 = CARTESIAN_POINT('',(31.75,30.651923788647));
#3192 = CARTESIAN_POINT('',(31.75,33.25));
#3193 = ( GEOMETRIC_REPRESENTATION_CONTEXT(2) 
PARAMETRIC_REPRESENTATION_CONTEXT() REPRESENTATION_CONTEXT('2D SPACE',''
  ) );
#3194 = PCURVE('',#2994,#3195);
#3195 = DEFINITIONAL_REPRESENTATION('',(#3196),#3200);
#3196 = LINE('',#3197,#3198);
#3197 = CARTESIAN_POINT('',(0.,1.6));
#3198 = VECTOR('',#3199,1.);
#3199 = DIRECTION('',(1.,0.));
#3200 = ( GEOMETRIC_REPRESENTATION_CONTEXT(2) 
PARAMETRIC_REPRESENTATION_CONTEXT() REPRESENTATION_CONTEXT('2D SPACE',''
  ) );
#3201 = ADVANCED_FACE('',(#3202),#2805,.T.);
#3202 = FACE_BOUND('',#3203,.T.);
#3203 = EDGE_LOOP('',(#3204,#3205,#3206,#3207));
#3204 = ORIENTED_EDGE('',*,*,#2791,.F.);
#3205 = ORIENTED_EDGE('',*,*,#3060,.T.);
#3206 = ORIENTED_EDGE('',*,*,#3034,.T.);
#3207 = ORIENTED_EDGE('',*,*,#2822,.F.);
#3208 = ADVANCED_FACE('',(#3209),#2889,.F.);
#3209 = FACE_BOUND('',#3210,.F.);
#3210 = EDGE_LOOP('',(#3211,#3212,#3233,#3234));
#3211 = ORIENTED_EDGE('',*,*,#3084,.F.);
#3212 = ORIENTED_EDGE('',*,*,#3213,.F.);
#3213 = EDGE_CURVE('',#2869,#3085,#3214,.T.);
#3214 = SEAM_CURVE('',#3215,(#3219,#3226),.PCURVE_S1.);
#3215 = LINE('',#3216,#3217);
#3216 = CARTESIAN_POINT('',(-16.75,-15.25,0.8));
#3217 = VECTOR('',#3218,1.);
#3218 = DIRECTION('',(0.,0.,-1.));
#3219 = PCURVE('',#2889,#3220);
#3220 = DEFINITIONAL_REPRESENTATION('',(#3221),#3225);
#3221 = LINE('',#3222,#3223);
#3222 = CARTESIAN_POINT('',(6.28318530718,-0.));
#3223 = VECTOR('',#3224,1.);
#3224 = DIRECTION('',(0.,1.));
#3225 = ( GEOMETRIC_REPRESENTATION_CONTEXT(2) 
PARAMETRIC_REPRESENTATION_CONTEXT() REPRESENTATION_CONTEXT('2D SPACE',''
  ) );
#3226 = PCURVE('',#2889,#3227);
#3227 = DEFINITIONAL_REPRESENTATION('',(#3228),#3232);
#3228 = LINE('',#3229,#3230);
#3229 = CARTESIAN_POINT('',(0.,-0.));
#3230 = VECTOR('',#3231,1.);
#3231 = DIRECTION('',(0.,1.));
#3232 = ( GEOMETRIC_REPRESENTATION_CONTEXT(2) 
PARAMETRIC_REPRESENTATION_CONTEXT() REPRESENTATION_CONTEXT('2D SPACE',''
  ) );
#3233 = ORIENTED_EDGE('',*,*,#2868,.T.);
#3234 = ORIENTED_EDGE('',*,*,#3213,.T.);
#3235 = ADVANCED_FACE('',(#3236),#2924,.F.);
#3236 = FACE_BOUND('',#3237,.F.);
#3237 = EDGE_LOOP('',(#3238,#3239,#3260,#3261));
#3238 = ORIENTED_EDGE('',*,*,#3114,.F.);
#3239 = ORIENTED_EDGE('',*,*,#3240,.F.);
#3240 = EDGE_CURVE('',#2904,#3115,#3241,.T.);
#3241 = SEAM_CURVE('',#3242,(#3246,#3253),.PCURVE_S1.);
#3242 = LINE('',#3243,#3244);
#3243 = CARTESIAN_POINT('',(13.75,-15.25,0.8));
#3244 = VECTOR('',#3245,1.);
#3245 = DIRECTION('',(0.,0.,-1.));
#3246 = PCURVE('',#2924,#3247);
#3247 = DEFINITIONAL_REPRESENTATION('',(#3248),#3252);
#3248 = LINE('',#3249,#3250);
#3249 = CARTESIAN_POINT('',(6.28318530718,-0.));
#3250 = VECTOR('',#3251,1.);
#3251 = DIRECTION('',(0.,1.));
#3252 = ( GEOMETRIC_REPRESENTATION_CONTEXT(2) 
PARAMETRIC_REPRESENTATION_CONTEXT() REPRESENTATION_CONTEXT('2D SPACE',''
  ) );
#3253 = PCURVE('',#2924,#3254);
#3254 = DEFINITIONAL_REPRESENTATION('',(#3255),#3259);
#3255 = LINE('',#3256,#3257);
#3256 = CARTESIAN_POINT('',(0.,-0.));
#3257 = VECTOR('',#3258,1.);
#3258 = DIRECTION('',(0.,1.));
#3259 = ( GEOMETRIC_REPRESENTATION_CONTEXT(2) 
PARAMETRIC_REPRESENTATION_CONTEXT() REPRESENTATION_CONTEXT('2D SPACE',''
  ) );
#3260 = ORIENTED_EDGE('',*,*,#2903,.T.);
#3261 = ORIENTED_EDGE('',*,*,#3240,.T.);
#3262 = ADVANCED_FACE('',(#3263),#2959,.F.);
#3263 = FACE_BOUND('',#3264,.F.);
#3264 = EDGE_LOOP('',(#3265,#3266,#3287,#3288));
#3265 = ORIENTED_EDGE('',*,*,#3144,.F.);
#3266 = ORIENTED_EDGE('',*,*,#3267,.F.);
#3267 = EDGE_CURVE('',#2939,#3145,#3268,.T.);
#3268 = SEAM_CURVE('',#3269,(#3273,#3280),.PCURVE_S1.);
#3269 = LINE('',#3270,#3271);
#3270 = CARTESIAN_POINT('',(-16.75,15.25,0.8));
#3271 = VECTOR('',#3272,1.);
#3272 = DIRECTION('',(0.,0.,-1.));
#3273 = PCURVE('',#2959,#3274);
#3274 = DEFINITIONAL_REPRESENTATION('',(#3275),#3279);
#3275 = LINE('',#3276,#3277);
#3276 = CARTESIAN_POINT('',(6.28318530718,-0.));
#3277 = VECTOR('',#3278,1.);
#3278 = DIRECTION('',(0.,1.));
#3279 = ( GEOMETRIC_REPRESENTATION_CONTEXT(2) 
PARAMETRIC_REPRESENTATION_CONTEXT() REPRESENTATION_CONTEXT('2D SPACE',''
  ) );
#3280 = PCURVE('',#2959,#3281);
#3281 = DEFINITIONAL_REPRESENTATION('',(#3282),#3286);
#3282 = LINE('',#3283,#3284);
#3283 = CARTESIAN_POINT('',(0.,-0.));
#3284 = VECTOR('',#3285,1.);
#3285 = DIRECTION('',(0.,1.));
#3286 = ( GEOMETRIC_REPRESENTATION_CONTEXT(2) 
PARAMETRIC_REPRESENTATION_CONTEXT() REPRESENTATION_CONTEXT('2D SPACE',''
  ) );
#3287 = ORIENTED_EDGE('',*,*,#2938,.T.);
#3288 = ORIENTED_EDGE('',*,*,#3267,.T.);
#3289 = ADVANCED_FACE('',(#3290),#2994,.F.);
#3290 = FACE_BOUND('',#3291,.F.);
#3291 = EDGE_LOOP('',(#3292,#3293,#3314,#3315));
#3292 = ORIENTED_EDGE('',*,*,#3174,.F.);
#3293 = ORIENTED_EDGE('',*,*,#3294,.F.);
#3294 = EDGE_CURVE('',#2974,#3175,#3295,.T.);
#3295 = SEAM_CURVE('',#3296,(#3300,#3307),.PCURVE_S1.);
#3296 = LINE('',#3297,#3298);
#3297 = CARTESIAN_POINT('',(13.75,15.25,0.8));
#3298 = VECTOR('',#3299,1.);
#3299 = DIRECTION('',(0.,0.,-1.));
#3300 = PCURVE('',#2994,#3301);
#3301 = DEFINITIONAL_REPRESENTATION('',(#3302),#3306);
#3302 = LINE('',#3303,#3304);
#3303 = CARTESIAN_POINT('',(6.28318530718,-0.));
#3304 = VECTOR('',#3305,1.);
#3305 = DIRECTION('',(0.,1.));
#3306 = ( GEOMETRIC_REPRESENTATION_CONTEXT(2) 
PARAMETRIC_REPRESENTATION_CONTEXT() REPRESENTATION_CONTEXT('2D SPACE',''
  ) );
#3307 = PCURVE('',#2994,#3308);
#3308 = DEFINITIONAL_REPRESENTATION('',(#3309),#3313);
#3309 = LINE('',#3310,#3311);
#3310 = CARTESIAN_POINT('',(0.,-0.));
#3311 = VECTOR('',#3312,1.);
#3312 = DIRECTION('',(0.,1.));
#3313 = ( GEOMETRIC_REPRESENTATION_CONTEXT(2) 
PARAMETRIC_REPRESENTATION_CONTEXT() REPRESENTATION_CONTEXT('2D SPACE',''
  ) );
#3314 = ORIENTED_EDGE('',*,*,#2973,.T.);
#3315 = ORIENTED_EDGE('',*,*,#3294,.T.);
#3316 = ( GEOMETRIC_REPRESENTATION_CONTEXT(3) 
GLOBAL_UNCERTAINTY_ASSIGNED_CONTEXT((#3320)) 
GLOBAL_UNIT_ASSIGNED_CONTEXT((#3317,#3318,#3319)) REPRESENTATION_CONTEXT
('Context #1','3D Context with UNIT and UNCERTAINTY') );
#3317 = ( LENGTH_UNIT() NAMED_UNIT(*) SI_UNIT(.MILLI.,.METRE.) );
#3318 = ( NAMED_UNIT(*) PLANE_ANGLE_UNIT() SI_UNIT($,.RADIAN.) );
#3319 = ( NAMED_UNIT(*) SI_UNIT($,.STERADIAN.) SOLID_ANGLE_UNIT() );
#3320 = UNCERTAINTY_MEASURE_WITH_UNIT(LENGTH_MEASURE(1.E-07),#3317,
  'distance_accuracy_value','confusion accuracy');
#3321 = CONTEXT_DEPENDENT_SHAPE_REPRESENTATION(#3322,#3324);
#3322 = ( REPRESENTATION_RELATIONSHIP('','',#2617,#10) 
REPRESENTATION_RELATIONSHIP_WITH_TRANSFORMATION(#3323) 
SHAPE_REPRESENTATION_RELATIONSHIP() );
#3323 = ITEM_DEFINED_TRANSFORMATION('','',#11,#115);
#3324 = PRODUCT_DEFINITION_SHAPE('Placement','Placement of an item',
  #3325);
#3325 = NEXT_ASSEMBLY_USAGE_OCCURRENCE('61','Board','',#5,#2612,$);
#3326 = PRODUCT_RELATED_PRODUCT_CATEGORY('part',$,(#2614));
#3327 = SHAPE_DEFINITION_REPRESENTATION(#3328,#3334);
#3328 = PRODUCT_DEFINITION_SHAPE('','',#3329);
#3329 = PRODUCT_DEFINITION('design','',#3330,#3333);
#3330 = PRODUCT_DEFINITION_FORMATION('','',#3331);
#3331 = PRODUCT('MCU','MCU','',(#3332));
#3332 = PRODUCT_CONTEXT('',#2,'mechanical');
#3333 = PRODUCT_DEFINITION_CONTEXT('part definition',#2,'design');
#3334 = ADVANCED_BREP_SHAPE_REPRESENTATION('',(#11,#3335),#3665);
#3335 = MANIFOLD_SOLID_BREP('',#3336);
#3336 = CLOSED_SHELL('',(#3337,#3457,#3557,#3604,#3651,#3658));
#3337 = ADVANCED_FACE('',(#3338),#3352,.F.);
#3338 = FACE_BOUND('',#3339,.F.);
#3339 = EDGE_LOOP('',(#3340,#3375,#3403,#3431));
#3340 = ORIENTED_EDGE('',*,*,#3341,.F.);
#3341 = EDGE_CURVE('',#3342,#3344,#3346,.T.);
#3342 = VERTEX_POINT('',#3343);
#3343 = CARTESIAN_POINT('',(-5.,-5.,0.));
#3344 = VERTEX_POINT('',#3345);
#3345 = CARTESIAN_POINT('',(-5.,-5.,1.2));
#3346 = SURFACE_CURVE('',#3347,(#3351,#3363),.PCURVE_S1.);
#3347 = LINE('',#3348,#3349);
#3348 = CARTESIAN_POINT('',(-5.,-5.,0.));
#3349 = VECTOR('',#3350,1.);
#3350 = DIRECTION('',(0.,0.,1.));
#3351 = PCURVE('',#3352,#3357);
#3352 = PLANE('',#3353);
#3353 = AXIS2_PLACEMENT_3D('',#3354,#3355,#3356);
#3354 = CARTESIAN_POINT('',(-5.,-5.,0.));
#3355 = DIRECTION('',(1.,0.,0.));
#3356 = DIRECTION('',(0.,0.,1.));
#3357 = DEFINITIONAL_REPRESENTATION('',(#3358),#3362);
#3358 = LINE('',#3359,#3360);
#3359 = CARTESIAN_POINT('',(0.,0.));
#3360 = VECTOR('',#3361,1.);
#3361 = DIRECTION('',(1.,0.));
#3362 = ( GEOMETRIC_REPRESENTATION_CONTEXT(2) 
PARAMETRIC_REPRESENTATION_CONTEXT() REPRESENTATION_CONTEXT('2D SPACE',''
  ) );
#3363 = PCURVE('',#3364,#3369);
#3364 = PLANE('',#3365);
#3365 = AXIS2_PLACEMENT_3D('',#3366,#3367,#3368);
#3366 = CARTESIAN_POINT('',(-5.,-5.,0.));
#3367 = DIRECTION('',(0.,1.,0.));
#3368 = DIRECTION('',(0.,0.,1.));
#3369 = DEFINITIONAL_REPRESENTATION('',(#3370),#3374);
#3370 = LINE('',#3371,#3372);
#3371 = CARTESIAN_POINT('',(0.,0.));
#3372 = VECTOR('',#3373,1.);
#3373 = DIRECTION('',(1.,0.));
#3374 = ( GEOMETRIC_REPRESENTATION_CONTEXT(2) 
PARAMETRIC_REPRESENTATION_CONTEXT() REPRESENTATION_CONTEXT('2D SPACE',''
  ) );
#3375 = ORIENTED_EDGE('',*,*,#3376,.T.);
#3376 = EDGE_CURVE('',#3342,#3377,#3379,.T.);
#3377 = VERTEX_POINT('',#3378);
#3378 = CARTESIAN_POINT('',(-5.,5.,0.));
#3379 = SURFACE_CURVE('',#3380,(#3384,#3391),.PCURVE_S1.);
#3380 = LINE('',#3381,#3382);
#3381 = CARTESIAN_POINT('',(-5.,-5.,0.));
#3382 = VECTOR('',#3383,1.);
#3383 = DIRECTION('',(0.,1.,0.));
#3384 = PCURVE('',#3352,#3385);
#3385 = DEFINITIONAL_REPRESENTATION('',(#3386),#3390);
#3386 = LINE('',#3387,#3388);
#3387 = CARTESIAN_POINT('',(0.,0.));
#3388 = VECTOR('',#3389,1.);
#3389 = DIRECTION('',(0.,-1.));
#3390 = ( GEOMETRIC_REPRESENTATION_CONTEXT(2) 
PARAMETRIC_REPRESENTATION_CONTEXT() REPRESENTATION_CONTEXT('2D SPACE',''
  ) );
#3391 = PCURVE('',#3392,#3397);
#3392 = PLANE('',#3393);
#3393 = AXIS2_PLACEMENT_3D('',#3394,#3395,#3396);
#3394 = CARTESIAN_POINT('',(-5.,-5.,0.));
#3395 = DIRECTION('',(0.,0.,1.));
#3396 = DIRECTION('',(1.,0.,0.));
#3397 = DEFINITIONAL_REPRESENTATION('',(#3398),#3402);
#3398 = LINE('',#3399,#3400);
#3399 = CARTESIAN_POINT('',(0.,0.));
#3400 = VECTOR('',#3401,1.);
#3401 = DIRECTION('',(0.,1.));
#3402 = ( GEOMETRIC_REPRESENTATION_CONTEXT(2) 
PARAMETRIC_REPRESENTATION_CONTEXT() REPRESENTATION_CONTEXT('2D SPACE',''
  ) );
#3403 = ORIENTED_EDGE('',*,*,#3404,.T.);
#3404 = EDGE_CURVE('',#3377,#3405,#3407,.T.);
#3405 = VERTEX_POINT('',#3406);
#3406 = CARTESIAN_POINT('',(-5.,5.,1.2));
#3407 = SURFACE_CURVE('',#3408,(#3412,#3419),.PCURVE_S1.);
#3408 = LINE('',#3409,#3410);
#3409 = CARTESIAN_POINT('',(-5.,5.,0.));
#3410 = VECTOR('',#3411,1.);
#3411 = DIRECTION('',(0.,0.,1.));
#3412 = PCURVE('',#3352,#3413);
#3413 = DEFINITIONAL_REPRESENTATION('',(#3414),#3418);
#3414 = LINE('',#3415,#3416);
#3415 = CARTESIAN_POINT('',(0.,-10.));
#3416 = VECTOR('',#3417,1.);
#3417 = DIRECTION('',(1.,0.));
#3418 = ( GEOMETRIC_REPRESENTATION_CONTEXT(2) 
PARAMETRIC_REPRESENTATION_CONTEXT() REPRESENTATION_CONTEXT('2D SPACE',''
  ) );
#3419 = PCURVE('',#3420,#3425);
#3420 = PLANE('',#3421);
#3421 = AXIS2_PLACEMENT_3D('',#3422,#3423,#3424);
#3422 = CARTESIAN_POINT('',(-5.,5.,0.));
#3423 = DIRECTION('',(0.,1.,0.));
#3424 = DIRECTION('',(0.,0.,1.));
#3425 = DEFINITIONAL_REPRESENTATION('',(#3426),#3430);
#3426 = LINE('',#3427,#3428);
#3427 = CARTESIAN_POINT('',(0.,0.));
#3428 = VECTOR('',#3429,1.);
#3429 = DIRECTION('',(1.,0.));
#3430 = ( GEOMETRIC_REPRESENTATION_CONTEXT(2) 
PARAMETRIC_REPRESENTATION_CONTEXT() REPRESENTATION_CONTEXT('2D SPACE',''
  ) );
#3431 = ORIENTED_EDGE('',*,*,#3432,.F.);
#3432 = EDGE_CURVE('',#3344,#3405,#3433,.T.);
#3433 = SURFACE_CURVE('',#3434,(#3438,#3445),.PCURVE_S1.);
#3434 = LINE('',#3435,#3436);
#3435 = CARTESIAN_POINT('',(-5.,-5.,1.2));
#3436 = VECTOR('',#3437,1.);
#3437 = DIRECTION('',(0.,1.,0.));
#3438 = PCURVE('',#3352,#3439);
#3439 = DEFINITIONAL_REPRESENTATION('',(#3440),#3444);
#3440 = LINE('',#3441,#3442);
#3441 = CARTESIAN_POINT('',(1.2,0.));
#3442 = VECTOR('',#3443,1.);
#3443 = DIRECTION('',(0.,-1.));
#3444 = ( GEOMETRIC_REPRESENTATION_CONTEXT(2) 
PARAMETRIC_REPRESENTATION_CONTEXT() REPRESENTATION_CONTEXT('2D SPACE',''
  ) );
#3445 = PCURVE('',#3446,#3451);
#3446 = PLANE('',#3447);
#3447 = AXIS2_PLACEMENT_3D('',#3448,#3449,#3450);
#3448 = CARTESIAN_POINT('',(-5.,-5.,1.2));
#3449 = DIRECTION('',(0.,0.,1.));
#3450 = DIRECTION('',(1.,0.,0.));
#3451 = DEFINITIONAL_REPRESENTATION('',(#3452),#3456);
#3452 = LINE('',#3453,#3454);
#3453 = CARTESIAN_POINT('',(0.,0.));
#3454 = VECTOR('',#3455,1.);
#3455 = DIRECTION('',(0.,1.));
#3456 = ( GEOMETRIC_REPRESENTATION_CONTEXT(2) 
PARAMETRIC_REPRESENTATION_CONTEXT() REPRESENTATION_CONTEXT('2D SPACE',''
  ) );
#3457 = ADVANCED_FACE('',(#3458),#3472,.T.);
#3458 = FACE_BOUND('',#3459,.T.);
#3459 = EDGE_LOOP('',(#3460,#3490,#3513,#3536));
#3460 = ORIENTED_EDGE('',*,*,#3461,.F.);
#3461 = EDGE_CURVE('',#3462,#3464,#3466,.T.);
#3462 = VERTEX_POINT('',#3463);
#3463 = CARTESIAN_POINT('',(5.,-5.,0.));
#3464 = VERTEX_POINT('',#3465);
#3465 = CARTESIAN_POINT('',(5.,-5.,1.2));
#3466 = SURFACE_CURVE('',#3467,(#3471,#3483),.PCURVE_S1.);
#3467 = LINE('',#3468,#3469);
#3468 = CARTESIAN_POINT('',(5.,-5.,0.));
#3469 = VECTOR('',#3470,1.);
#3470 = DIRECTION('',(0.,0.,1.));
#3471 = PCURVE('',#3472,#3477);
#3472 = PLANE('',#3473);
#3473 = AXIS2_PLACEMENT_3D('',#3474,#3475,#3476);
#3474 = CARTESIAN_POINT('',(5.,-5.,0.));
#3475 = DIRECTION('',(1.,0.,0.));
#3476 = DIRECTION('',(0.,0.,1.));
#3477 = DEFINITIONAL_REPRESENTATION('',(#3478),#3482);
#3478 = LINE('',#3479,#3480);
#3479 = CARTESIAN_POINT('',(0.,0.));
#3480 = VECTOR('',#3481,1.);
#3481 = DIRECTION('',(1.,0.));
#3482 = ( GEOMETRIC_REPRESENTATION_CONTEXT(2) 
PARAMETRIC_REPRESENTATION_CONTEXT() REPRESENTATION_CONTEXT('2D SPACE',''
  ) );
#3483 = PCURVE('',#3364,#3484);
#3484 = DEFINITIONAL_REPRESENTATION('',(#3485),#3489);
#3485 = LINE('',#3486,#3487);
#3486 = CARTESIAN_POINT('',(0.,10.));
#3487 = VECTOR('',#3488,1.);
#3488 = DIRECTION('',(1.,0.));
#3489 = ( GEOMETRIC_REPRESENTATION_CONTEXT(2) 
PARAMETRIC_REPRESENTATION_CONTEXT() REPRESENTATION_CONTEXT('2D SPACE',''
  ) );
#3490 = ORIENTED_EDGE('',*,*,#3491,.T.);
#3491 = EDGE_CURVE('',#3462,#3492,#3494,.T.);
#3492 = VERTEX_POINT('',#3493);
#3493 = CARTESIAN_POINT('',(5.,5.,0.));
#3494 = SURFACE_CURVE('',#3495,(#3499,#3506),.PCURVE_S1.);
#3495 = LINE('',#3496,#3497);
#3496 = CARTESIAN_POINT('',(5.,-5.,0.));
#3497 = VECTOR('',#3498,1.);
#3498 = DIRECTION('',(0.,1.,0.));
#3499 = PCURVE('',#3472,#3500);
#3500 = DEFINITIONAL_REPRESENTATION('',(#3501),#3505);
#3501 = LINE('',#3502,#3503);
#3502 = CARTESIAN_POINT('',(0.,0.));
#3503 = VECTOR('',#3504,1.);
#3504 = DIRECTION('',(0.,-1.));
#3505 = ( GEOMETRIC_REPRESENTATION_CONTEXT(2) 
PARAMETRIC_REPRESENTATION_CONTEXT() REPRESENTATION_CONTEXT('2D SPACE',''
  ) );
#3506 = PCURVE('',#3392,#3507);
#3507 = DEFINITIONAL_REPRESENTATION('',(#3508),#3512);
#3508 = LINE('',#3509,#3510);
#3509 = CARTESIAN_POINT('',(10.,0.));
#3510 = VECTOR('',#3511,1.);
#3511 = DIRECTION('',(0.,1.));
#3512 = ( GEOMETRIC_REPRESENTATION_CONTEXT(2) 
PARAMETRIC_REPRESENTATION_CONTEXT() REPRESENTATION_CONTEXT('2D SPACE',''
  ) );
#3513 = ORIENTED_EDGE('',*,*,#3514,.T.);
#3514 = EDGE_CURVE('',#3492,#3515,#3517,.T.);
#3515 = VERTEX_POINT('',#3516);
#3516 = CARTESIAN_POINT('',(5.,5.,1.2));
#3517 = SURFACE_CURVE('',#3518,(#3522,#3529),.PCURVE_S1.);
#3518 = LINE('',#3519,#3520);
#3519 = CARTESIAN_POINT('',(5.,5.,0.));
#3520 = VECTOR('',#3521,1.);
#3521 = DIRECTION('',(0.,0.,1.));
#3522 = PCURVE('',#3472,#3523);
#3523 = DEFINITIONAL_REPRESENTATION('',(#3524),#3528);
#3524 = LINE('',#3525,#3526);
#3525 = CARTESIAN_POINT('',(0.,-10.));
#3526 = VECTOR('',#3527,1.);
#3527 = DIRECTION('',(1.,0.));
#3528 = ( GEOMETRIC_REPRESENTATION_CONTEXT(2) 
PARAMETRIC_REPRESENTATION_CONTEXT() REPRESENTATION_CONTEXT('2D SPACE',''
  ) );
#3529 = PCURVE('',#3420,#3530);
#3530 = DEFINITIONAL_REPRESENTATION('',(#3531),#3535);
#3531 = LINE('',#3532,#3533);
#3532 = CARTESIAN_POINT('',(0.,10.));
#3533 = VECTOR('',#3534,1.);
#3534 = DIRECTION('',(1.,0.));
#3535 = ( GEOMETRIC_REPRESENTATION_CONTEXT(2) 
PARAMETRIC_REPRESENTATION_CONTEXT() REPRESENTATION_CONTEXT('2D SPACE',''
  ) );
#3536 = ORIENTED_EDGE('',*,*,#3537,.F.);
#3537 = EDGE_CURVE('',#3464,#3515,#3538,.T.);
#3538 = SURFACE_CURVE('',#3539,(#3543,#3550),.PCURVE_S1.);
#3539 = LINE('',#3540,#3541);
#3540 = CARTESIAN_POINT('',(5.,-5.,1.2));
#3541 = VECTOR('',#3542,1.);
#3542 = DIRECTION('',(0.,1.,0.));
#3543 = PCURVE('',#3472,#3544);
#3544 = DEFINITIONAL_REPRESENTATION('',(#3545),#3549);
#3545 = LINE('',#3546,#3547);
#3546 = CARTESIAN_POINT('',(1.2,0.));
#3547 = VECTOR('',#3548,1.);
#3548 = DIRECTION('',(0.,-1.));
#3549 = ( GEOMETRIC_REPRESENTATION_CONTEXT(2) 
PARAMETRIC_REPRESENTATION_CONTEXT() REPRESENTATION_CONTEXT('2D SPACE',''
  ) );
#3550 = PCURVE('',#3446,#3551);
#3551 = DEFINITIONAL_REPRESENTATION('',(#3552),#3556);
#3552 = LINE('',#3553,#3554);
#3553 = CARTESIAN_POINT('',(10.,0.));
#3554 = VECTOR('',#3555,1.);
#3555 = DIRECTION('',(0.,1.));
#3556 = ( GEOMETRIC_REPRESENTATION_CONTEXT(2) 
PARAMETRIC_REPRESENTATION_CONTEXT() REPRESENTATION_CONTEXT('2D SPACE',''
  ) );
#3557 = ADVANCED_FACE('',(#3558),#3364,.F.);
#3558 = FACE_BOUND('',#3559,.F.);
#3559 = EDGE_LOOP('',(#3560,#3581,#3582,#3603));
#3560 = ORIENTED_EDGE('',*,*,#3561,.F.);
#3561 = EDGE_CURVE('',#3342,#3462,#3562,.T.);
#3562 = SURFACE_CURVE('',#3563,(#3567,#3574),.PCURVE_S1.);
#3563 = LINE('',#3564,#3565);
#3564 = CARTESIAN_POINT('',(-5.,-5.,0.));
#3565 = VECTOR('',#3566,1.);
#3566 = DIRECTION('',(1.,0.,0.));
#3567 = PCURVE('',#3364,#3568);
#3568 = DEFINITIONAL_REPRESENTATION('',(#3569),#3573);
#3569 = LINE('',#3570,#3571);
#3570 = CARTESIAN_POINT('',(0.,0.));
#3571 = VECTOR('',#3572,1.);
#3572 = DIRECTION('',(0.,1.));
#3573 = ( GEOMETRIC_REPRESENTATION_CONTEXT(2) 
PARAMETRIC_REPRESENTATION_CONTEXT() REPRESENTATION_CONTEXT('2D SPACE',''
  ) );
#3574 = PCURVE('',#3392,#3575);
#3575 = DEFINITIONAL_REPRESENTATION('',(#3576),#3580);
#3576 = LINE('',#3577,#3578);
#3577 = CARTESIAN_POINT('',(0.,0.));
#3578 = VECTOR('',#3579,1.);
#3579 = DIRECTION('',(1.,0.));
#3580 = ( GEOMETRIC_REPRESENTATION_CONTEXT(2) 
PARAMETRIC_REPRESENTATION_CONTEXT() REPRESENTATION_CONTEXT('2D SPACE',''
  ) );
#3581 = ORIENTED_EDGE('',*,*,#3341,.T.);
#3582 = ORIENTED_EDGE('',*,*,#3583,.T.);
#3583 = EDGE_CURVE('',#3344,#3464,#3584,.T.);
#3584 = SURFACE_CURVE('',#3585,(#3589,#3596),.PCURVE_S1.);
#3585 = LINE('',#3586,#3587);
#3586 = CARTESIAN_POINT('',(-5.,-5.,1.2));
#3587 = VECTOR('',#3588,1.);
#3588 = DIRECTION('',(1.,0.,0.));
#3589 = PCURVE('',#3364,#3590);
#3590 = DEFINITIONAL_REPRESENTATION('',(#3591),#3595);
#3591 = LINE('',#3592,#3593);
#3592 = CARTESIAN_POINT('',(1.2,0.));
#3593 = VECTOR('',#3594,1.);
#3594 = DIRECTION('',(0.,1.));
#3595 = ( GEOMETRIC_REPRESENTATION_CONTEXT(2) 
PARAMETRIC_REPRESENTATION_CONTEXT() REPRESENTATION_CONTEXT('2D SPACE',''
  ) );
#3596 = PCURVE('',#3446,#3597);
#3597 = DEFINITIONAL_REPRESENTATION('',(#3598),#3602);
#3598 = LINE('',#3599,#3600);
#3599 = CARTESIAN_POINT('',(0.,0.));
#3600 = VECTOR('',#3601,1.);
#3601 = DIRECTION('',(1.,0.));
#3602 = ( GEOMETRIC_REPRESENTATION_CONTEXT(2) 
PARAMETRIC_REPRESENTATION_CONTEXT() REPRESENTATION_CONTEXT('2D SPACE',''
  ) );
#3603 = ORIENTED_EDGE('',*,*,#3461,.F.);
#3604 = ADVANCED_FACE('',(#3605),#3420,.T.);
#3605 = FACE_BOUND('',#3606,.T.);
#3606 = EDGE_LOOP('',(#3607,#3628,#3629,#3650));
#3607 = ORIENTED_EDGE('',*,*,#3608,.F.);
#3608 = EDGE_CURVE('',#3377,#3492,#3609,.T.);
#3609 = SURFACE_CURVE('',#3610,(#3614,#3621),.PCURVE_S1.);
#3610 = LINE('',#3611,#3612);
#3611 = CARTESIAN_POINT('',(-5.,5.,0.));
#3612 = VECTOR('',#3613,1.);
#3613 = DIRECTION('',(1.,0.,0.));
#3614 = PCURVE('',#3420,#3615);
#3615 = DEFINITIONAL_REPRESENTATION('',(#3616),#3620);
#3616 = LINE('',#3617,#3618);
#3617 = CARTESIAN_POINT('',(0.,0.));
#3618 = VECTOR('',#3619,1.);
#3619 = DIRECTION('',(0.,1.));
#3620 = ( GEOMETRIC_REPRESENTATION_CONTEXT(2) 
PARAMETRIC_REPRESENTATION_CONTEXT() REPRESENTATION_CONTEXT('2D SPACE',''
  ) );
#3621 = PCURVE('',#3392,#3622);
#3622 = DEFINITIONAL_REPRESENTATION('',(#3623),#3627);
#3623 = LINE('',#3624,#3625);
#3624 = CARTESIAN_POINT('',(0.,10.));
#3625 = VECTOR('',#3626,1.);
#3626 = DIRECTION('',(1.,0.));
#3627 = ( GEOMETRIC_REPRESENTATION_CONTEXT(2) 
PARAMETRIC_REPRESENTATION_CONTEXT() REPRESENTATION_CONTEXT('2D SPACE',''
  ) );
#3628 = ORIENTED_EDGE('',*,*,#3404,.T.);
#3629 = ORIENTED_EDGE('',*,*,#3630,.T.);
#3630 = EDGE_CURVE('',#3405,#3515,#3631,.T.);
#3631 = SURFACE_CURVE('',#3632,(#3636,#3643),.PCURVE_S1.);
#3632 = LINE('',#3633,#3634);
#3633 = CARTESIAN_POINT('',(-5.,5.,1.2));
#3634 = VECTOR('',#3635,1.);
#3635 = DIRECTION('',(1.,0.,0.));
#3636 = PCURVE('',#3420,#3637);
#3637 = DEFINITIONAL_REPRESENTATION('',(#3638),#3642);
#3638 = LINE('',#3639,#3640);
#3639 = CARTESIAN_POINT('',(1.2,0.));
#3640 = VECTOR('',#3641,1.);
#3641 = DIRECTION('',(0.,1.));
#3642 = ( GEOMETRIC_REPRESENTATION_CONTEXT(2) 
PARAMETRIC_REPRESENTATION_CONTEXT() REPRESENTATION_CONTEXT('2D SPACE',''
  ) );
#3643 = PCURVE('',#3446,#3644);
#3644 = DEFINITIONAL_REPRESENTATION('',(#3645),#3649);
#3645 = LINE('',#3646,#3647);
#3646 = CARTESIAN_POINT('',(0.,10.));
#3647 = VECTOR('',#3648,1.);
#3648 = DIRECTION('',(1.,0.));
#3649 = ( GEOMETRIC_REPRESENTATION_CONTEXT(2) 
PARAMETRIC_REPRESENTATION_CONTEXT() REPRESENTATION_CONTEXT('2D SPACE',''
  ) );
#3650 = ORIENTED_EDGE('',*,*,#3514,.F.);
#3651 = ADVANCED_FACE('',(#3652),#3392,.F.);
#3652 = FACE_BOUND('',#3653,.F.);
#3653 = EDGE_LOOP('',(#3654,#3655,#3656,#3657));
#3654 = ORIENTED_EDGE('',*,*,#3376,.F.);
#3655 = ORIENTED_EDGE('',*,*,#3561,.T.);
#3656 = ORIENTED_EDGE('',*,*,#3491,.T.);
#3657 = ORIENTED_EDGE('',*,*,#3608,.F.);
#3658 = ADVANCED_FACE('',(#3659),#3446,.T.);
#3659 = FACE_BOUND('',#3660,.T.);
#3660 = EDGE_LOOP('',(#3661,#3662,#3663,#3664));
#3661 = ORIENTED_EDGE('',*,*,#3432,.F.);
#3662 = ORIENTED_EDGE('',*,*,#3583,.T.);
#3663 = ORIENTED_EDGE('',*,*,#3537,.T.);
#3664 = ORIENTED_EDGE('',*,*,#3630,.F.);
#3665 = ( GEOMETRIC_REPRESENTATION_CONTEXT(3) 
GLOBAL_UNCERTAINTY_ASSIGNED_CONTEXT((#3669)) 
GLOBAL_UNIT_ASSIGNED_CONTEXT((#3666,#3667,#3668)) REPRESENTATION_CONTEXT
('Context #1','3D Context with UNIT and UNCERTAINTY') );
#3666 = ( LENGTH_UNIT() NAMED_UNIT(*) SI_UNIT(.MILLI.,.METRE.) );
#3667 = ( NAMED_UNIT(*) PLANE_ANGLE_UNIT() SI_UNIT($,.RADIAN.) );
#3668 = ( NAMED_UNIT(*) SI_UNIT($,.STERADIAN.) SOLID_ANGLE_UNIT() );
#3669 = UNCERTAINTY_MEASURE_WITH_UNIT(LENGTH_MEASURE(1.E-07),#3666,
  'distance_accuracy_value','confusion accuracy');
#3670 = CONTEXT_DEPENDENT_SHAPE_REPRESENTATION(#3671,#3673);
#3671 = ( REPRESENTATION_RELATIONSHIP('','',#3334,#10) 
REPRESENTATION_RELATIONSHIP_WITH_TRANSFORMATION(#3672) 
SHAPE_REPRESENTATION_RELATIONSHIP() );
#3672 = ITEM_DEFINED_TRANSFORMATION('','',#11,#119);
#3673 = PRODUCT_DEFINITION_SHAPE('Placement','Placement of an item',
  #3674);
#3674 = NEXT_ASSEMBLY_USAGE_OCCURRENCE('62','Chip_MCU','',#5,#3329,$);
#3675 = PRODUCT_RELATED_PRODUCT_CATEGORY('part',$,(#3331));
#3676 = SHAPE_DEFINITION_REPRESENTATION(#3677,#3683);
#3677 = PRODUCT_DEFINITION_SHAPE('','',#3678);
#3678 = PRODUCT_DEFINITION('design','',#3679,#3682);
#3679 = PRODUCT_DEFINITION_FORMATION('','',#3680);
#3680 = PRODUCT('Chip','Chip','',(#3681));
#3681 = PRODUCT_CONTEXT('',#2,'mechanical');
#3682 = PRODUCT_DEFINITION_CONTEXT('part definition',#2,'design');
#3683 = ADVANCED_BREP_SHAPE_REPRESENTATION('',(#11,#3684),#4014);
#3684 = MANIFOLD_SOLID_BREP('',#3685);
#3685 = CLOSED_SHELL('',(#3686,#3806,#3906,#3953,#4000,#4007));
#3686 = ADVANCED_FACE('',(#3687),#3701,.F.);
#3687 = FACE_BOUND('',#3688,.F.);
#3688 = EDGE_LOOP('',(#3689,#3724,#3752,#3780));
#3689 = ORIENTED_EDGE('',*,*,#3690,.F.);
#3690 = EDGE_CURVE('',#3691,#3693,#3695,.T.);
#3691 = VERTEX_POINT('',#3692);
#3692 = CARTESIAN_POINT('',(-1.5,-1.5,0.));
#3693 = VERTEX_POINT('',#3694);
#3694 = CARTESIAN_POINT('',(-1.5,-1.5,1.));
#3695 = SURFACE_CURVE('',#3696,(#3700,#3712),.PCURVE_S1.);
#3696 = LINE('',#3697,#3698);
#3697 = CARTESIAN_POINT('',(-1.5,-1.5,0.));
#3698 = VECTOR('',#3699,1.);
#3699 = DIRECTION('',(0.,0.,1.));
#3700 = PCURVE('',#3701,#3706);
#3701 = PLANE('',#3702);
#3702 = AXIS2_PLACEMENT_3D('',#3703,#3704,#3705);
#3703 = CARTESIAN_POINT('',(-1.5,-1.5,0.));
#3704 = DIRECTION('',(1.,0.,0.));
#3705 = DIRECTION('',(0.,0.,1.));
#3706 = DEFINITIONAL_REPRESENTATION('',(#3707),#3711);
#3707 = LINE('',#3708,#3709);
#3708 = CARTESIAN_POINT('',(0.,0.));
#3709 = VECTOR('',#3710,1.);
#3710 = DIRECTION('',(1.,0.));
#3711 = ( GEOMETRIC_REPRESENTATION_CONTEXT(2) 
PARAMETRIC_REPRESENTATION_CONTEXT() REPRESENTATION_CONTEXT('2D SPACE',''
  ) );
#3712 = PCURVE('',#3713,#3718);
#3713 = PLANE('',#3714);
#3714 = AXIS2_PLACEMENT_3D('',#3715,#3716,#3717);
#3715 = CARTESIAN_POINT('',(-1.5,-1.5,0.));
#3716 = DIRECTION('',(0.,1.,0.));
#3717 = DIRECTION('',(0.,0.,1.));
#3718 = DEFINITIONAL_REPRESENTATION('',(#3719),#3723);
#3719 = LINE('',#3720,#3721);
#3720 = CARTESIAN_POINT('',(0.,0.));
#3721 = VECTOR('',#3722,1.);
#3722 = DIRECTION('',(1.,0.));
#3723 = ( GEOMETRIC_REPRESENTATION_CONTEXT(2) 
PARAMETRIC_REPRESENTATION_CONTEXT() REPRESENTATION_CONTEXT('2D SPACE',''
  ) );
#3724 = ORIENTED_EDGE('',*,*,#3725,.T.);
#3725 = EDGE_CURVE('',#3691,#3726,#3728,.T.);
#3726 = VERTEX_POINT('',#3727);
#3727 = CARTESIAN_POINT('',(-1.5,1.5,0.));
#3728 = SURFACE_CURVE('',#3729,(#3733,#3740),.PCURVE_S1.);
#3729 = LINE('',#3730,#3731);
#3730 = CARTESIAN_POINT('',(-1.5,-1.5,0.));
#3731 = VECTOR('',#3732,1.);
#3732 = DIRECTION('',(0.,1.,0.));
#3733 = PCURVE('',#3701,#3734);
#3734 = DEFINITIONAL_REPRESENTATION('',(#3735),#3739);
#3735 = LINE('',#3736,#3737);
#3736 = CARTESIAN_POINT('',(0.,0.));
#3737 = VECTOR('',#3738,1.);
#3738 = DIRECTION('',(0.,-1.));
#3739 = ( GEOMETRIC_REPRESENTATION_CONTEXT(2) 
PARAMETRIC_REPRESENTATION_CONTEXT() REPRESENTATION_CONTEXT('2D SPACE',''
  ) );
#3740 = PCURVE('',#3741,#3746);
#3741 = PLANE('',#3742);
#3742 = AXIS2_PLACEMENT_3D('',#3743,#3744,#3745);
#3743 = CARTESIAN_POINT('',(-1.5,-1.5,0.));
#3744 = DIRECTION('',(0.,0.,1.));
#3745 = DIRECTION('',(1.,0.,0.));
#3746 = DEFINITIONAL_REPRESENTATION('',(#3747),#3751);
#3747 = LINE('',#3748,#3749);
#3748 = CARTESIAN_POINT('',(0.,0.));
#3749 = VECTOR('',#3750,1.);
#3750 = DIRECTION('',(0.,1.));
#3751 = ( GEOMETRIC_REPRESENTATION_CONTEXT(2) 
PARAMETRIC_REPRESENTATION_CONTEXT() REPRESENTATION_CONTEXT('2D SPACE',''
  ) );
#3752 = ORIENTED_EDGE('',*,*,#3753,.T.);
#3753 = EDGE_CURVE('',#3726,#3754,#3756,.T.);
#3754 = VERTEX_POINT('',#3755);
#3755 = CARTESIAN_POINT('',(-1.5,1.5,1.));
#3756 = SURFACE_CURVE('',#3757,(#3761,#3768),.PCURVE_S1.);
#3757 = LINE('',#3758,#3759);
#3758 = CARTESIAN_POINT('',(-1.5,1.5,0.));
#3759 = VECTOR('',#3760,1.);
#3760 = DIRECTION('',(0.,0.,1.));
#3761 = PCURVE('',#3701,#3762);
#3762 = DEFINITIONAL_REPRESENTATION('',(#3763),#3767);
#3763 = LINE('',#3764,#3765);
#3764 = CARTESIAN_POINT('',(0.,-3.));
#3765 = VECTOR('',#3766,1.);
#3766 = DIRECTION('',(1.,0.));
#3767 = ( GEOMETRIC_REPRESENTATION_CONTEXT(2) 
PARAMETRIC_REPRESENTATION_CONTEXT() REPRESENTATION_CONTEXT('2D SPACE',''
  ) );
#3768 = PCURVE('',#3769,#3774);
#3769 = PLANE('',#3770);
#3770 = AXIS2_PLACEMENT_3D('',#3771,#3772,#3773);
#3771 = CARTESIAN_POINT('',(-1.5,1.5,0.));
#3772 = DIRECTION('',(0.,1.,0.));
#3773 = DIRECTION('',(0.,0.,1.));
#3774 = DEFINITIONAL_REPRESENTATION('',(#3775),#3779);
#3775 = LINE('',#3776,#3777);
#3776 = CARTESIAN_POINT('',(0.,0.));
#3777 = VECTOR('',#3778,1.);
#3778 = DIRECTION('',(1.,0.));
#3779 = ( GEOMETRIC_REPRESENTATION_CONTEXT(2) 
PARAMETRIC_REPRESENTATION_CONTEXT() REPRESENTATION_CONTEXT('2D SPACE',''
  ) );
#3780 = ORIENTED_EDGE('',*,*,#3781,.F.);
#3781 = EDGE_CURVE('',#3693,#3754,#3782,.T.);
#3782 = SURFACE_CURVE('',#3783,(#3787,#3794),.PCURVE_S1.);
#3783 = LINE('',#3784,#3785);
#3784 = CARTESIAN_POINT('',(-1.5,-1.5,1.));
#3785 = VECTOR('',#3786,1.);
#3786 = DIRECTION('',(0.,1.,0.));
#3787 = PCURVE('',#3701,#3788);
#3788 = DEFINITIONAL_REPRESENTATION('',(#3789),#3793);
#3789 = LINE('',#3790,#3791);
#3790 = CARTESIAN_POINT('',(1.,0.));
#3791 = VECTOR('',#3792,1.);
#3792 = DIRECTION('',(0.,-1.));
#3793 = ( GEOMETRIC_REPRESENTATION_CONTEXT(2) 
PARAMETRIC_REPRESENTATION_CONTEXT() REPRESENTATION_CONTEXT('2D SPACE',''
  ) );
#3794 = PCURVE('',#3795,#3800);
#3795 = PLANE('',#3796);
#3796 = AXIS2_PLACEMENT_3D('',#3797,#3798,#3799);
#3797 = CARTESIAN_POINT('',(-1.5,-1.5,1.));
#3798 = DIRECTION('',(0.,0.,1.));
#3799 = DIRECTION('',(1.,0.,0.));
#3800 = DEFINITIONAL_REPRESENTATION('',(#3801),#3805);
#3801 = LINE('',#3802,#3803);
#3802 = CARTESIAN_POINT('',(0.,0.));
#3803 = VECTOR('',#3804,1.);
#3804 = DIRECTION('',(0.,1.));
#3805 = ( GEOMETRIC_REPRESENTATION_CONTEXT(2) 
PARAMETRIC_REPRESENTATION_CONTEXT() REPRESENTATION_CONTEXT('2D SPACE',''
  ) );
#3806 = ADVANCED_FACE('',(#3807),#3821,.T.);
#3807 = FACE_BOUND('',#3808,.T.);
#3808 = EDGE_LOOP('',(#3809,#3839,#3862,#3885));
#3809 = ORIENTED_EDGE('',*,*,#3810,.F.);
#3810 = EDGE_CURVE('',#3811,#3813,#3815,.T.);
#3811 = VERTEX_POINT('',#3812);
#3812 = CARTESIAN_POINT('',(1.5,-1.5,0.));
#3813 = VERTEX_POINT('',#3814);
#3814 = CARTESIAN_POINT('',(1.5,-1.5,1.));
#3815 = SURFACE_CURVE('',#3816,(#3820,#3832),.PCURVE_S1.);
#3816 = LINE('',#3817,#3818);
#3817 = CARTESIAN_POINT('',(1.5,-1.5,0.));
#3818 = VECTOR('',#3819,1.);
#3819 = DIRECTION('',(0.,0.,1.));
#3820 = PCURVE('',#3821,#3826);
#3821 = PLANE('',#3822);
#3822 = AXIS2_PLACEMENT_3D('',#3823,#3824,#3825);
#3823 = CARTESIAN_POINT('',(1.5,-1.5,0.));
#3824 = DIRECTION('',(1.,0.,0.));
#3825 = DIRECTION('',(0.,0.,1.));
#3826 = DEFINITIONAL_REPRESENTATION('',(#3827),#3831);
#3827 = LINE('',#3828,#3829);
#3828 = CARTESIAN_POINT('',(0.,0.));
#3829 = VECTOR('',#3830,1.);
#3830 = DIRECTION('',(1.,0.));
#3831 = ( GEOMETRIC_REPRESENTATION_CONTEXT(2) 
PARAMETRIC_REPRESENTATION_CONTEXT() REPRESENTATION_CONTEXT('2D SPACE',''
  ) );
#3832 = PCURVE('',#3713,#3833);
#3833 = DEFINITIONAL_REPRESENTATION('',(#3834),#3838);
#3834 = LINE('',#3835,#3836);
#3835 = CARTESIAN_POINT('',(0.,3.));
#3836 = VECTOR('',#3837,1.);
#3837 = DIRECTION('',(1.,0.));
#3838 = ( GEOMETRIC_REPRESENTATION_CONTEXT(2) 
PARAMETRIC_REPRESENTATION_CONTEXT() REPRESENTATION_CONTEXT('2D SPACE',''
  ) );
#3839 = ORIENTED_EDGE('',*,*,#3840,.T.);
#3840 = EDGE_CURVE('',#3811,#3841,#3843,.T.);
#3841 = VERTEX_POINT('',#3842);
#3842 = CARTESIAN_POINT('',(1.5,1.5,0.));
#3843 = SURFACE_CURVE('',#3844,(#3848,#3855),.PCURVE_S1.);
#3844 = LINE('',#3845,#3846);
#3845 = CARTESIAN_POINT('',(1.5,-1.5,0.));
#3846 = VECTOR('',#3847,1.);
#3847 = DIRECTION('',(0.,1.,0.));
#3848 = PCURVE('',#3821,#3849);
#3849 = DEFINITIONAL_REPRESENTATION('',(#3850),#3854);
#3850 = LINE('',#3851,#3852);
#3851 = CARTESIAN_POINT('',(0.,0.));
#3852 = VECTOR('',#3853,1.);
#3853 = DIRECTION('',(0.,-1.));
#3854 = ( GEOMETRIC_REPRESENTATION_CONTEXT(2) 
PARAMETRIC_REPRESENTATION_CONTEXT() REPRESENTATION_CONTEXT('2D SPACE',''
  ) );
#3855 = PCURVE('',#3741,#3856);
#3856 = DEFINITIONAL_REPRESENTATION('',(#3857),#3861);
#3857 = LINE('',#3858,#3859);
#3858 = CARTESIAN_POINT('',(3.,0.));
#3859 = VECTOR('',#3860,1.);
#3860 = DIRECTION('',(0.,1.));
#3861 = ( GEOMETRIC_REPRESENTATION_CONTEXT(2) 
PARAMETRIC_REPRESENTATION_CONTEXT() REPRESENTATION_CONTEXT('2D SPACE',''
  ) );
#3862 = ORIENTED_EDGE('',*,*,#3863,.T.);
#3863 = EDGE_CURVE('',#3841,#3864,#3866,.T.);
#3864 = VERTEX_POINT('',#3865);
#3865 = CARTESIAN_POINT('',(1.5,1.5,1.));
#3866 = SURFACE_CURVE('',#3867,(#3871,#3878),.PCURVE_S1.);
#3867 = LINE('',#3868,#3869);
#3868 = CARTESIAN_POINT('',(1.5,1.5,0.));
#3869 = VECTOR('',#3870,1.);
#3870 = DIRECTION('',(0.,0.,1.));
#3871 = PCURVE('',#3821,#3872);
#3872 = DEFINITIONAL_REPRESENTATION('',(#3873),#3877);
#3873 = LINE('',#3874,#3875);
#3874 = CARTESIAN_POINT('',(0.,-3.));
#3875 = VECTOR('',#3876,1.);
#3876 = DIRECTION('',(1.,0.));
#3877 = ( GEOMETRIC_REPRESENTATION_CONTEXT(2) 
PARAMETRIC_REPRESENTATION_CONTEXT() REPRESENTATION_CONTEXT('2D SPACE',''
  ) );
#3878 = PCURVE('',#3769,#3879);
#3879 = DEFINITIONAL_REPRESENTATION('',(#3880),#3884);
#3880 = LINE('',#3881,#3882);
#3881 = CARTESIAN_POINT('',(0.,3.));
#3882 = VECTOR('',#3883,1.);
#3883 = DIRECTION('',(1.,0.));
#3884 = ( GEOMETRIC_REPRESENTATION_CONTEXT(2) 
PARAMETRIC_REPRESENTATION_CONTEXT() REPRESENTATION_CONTEXT('2D SPACE',''
  ) );
#3885 = ORIENTED_EDGE('',*,*,#3886,.F.);
#3886 = EDGE_CURVE('',#3813,#3864,#3887,.T.);
#3887 = SURFACE_CURVE('',#3888,(#3892,#3899),.PCURVE_S1.);
#3888 = LINE('',#3889,#3890);
#3889 = CARTESIAN_POINT('',(1.5,-1.5,1.));
#3890 = VECTOR('',#3891,1.);
#3891 = DIRECTION('',(0.,1.,0.));
#3892 = PCURVE('',#3821,#3893);
#3893 = DEFINITIONAL_REPRESENTATION('',(#3894),#3898);
#3894 = LINE('',#3895,#3896);
#3895 = CARTESIAN_POINT('',(1.,0.));
#3896 = VECTOR('',#3897,1.);
#3897 = DIRECTION('',(0.,-1.));
#3898 = ( GEOMETRIC_REPRESENTATION_CONTEXT(2) 
PARAMETRIC_REPRESENTATION_CONTEXT() REPRESENTATION_CONTEXT('2D SPACE',''
  ) );
#3899 = PCURVE('',#3795,#3900);
#3900 = DEFINITIONAL_REPRESENTATION('',(#3901),#3905);
#3901 = LINE('',#3902,#3903);
#3902 = CARTESIAN_POINT('',(3.,0.));
#3903 = VECTOR('',#3904,1.);
#3904 = DIRECTION('',(0.,1.));
#3905 = ( GEOMETRIC_REPRESENTATION_CONTEXT(2) 
PARAMETRIC_REPRESENTATION_CONTEXT() REPRESENTATION_CONTEXT('2D SPACE',''
  ) );
#3906 = ADVANCED_FACE('',(#3907),#3713,.F.);
#3907 = FACE_BOUND('',#3908,.F.);
#3908 = EDGE_LOOP('',(#3909,#3930,#3931,#3952));
#3909 = ORIENTED_EDGE('',*,*,#3910,.F.);
#3910 = EDGE_CURVE('',#3691,#3811,#3911,.T.);
#3911 = SURFACE_CURVE('',#3912,(#3916,#3923),.PCURVE_S1.);
#3912 = LINE('',#3913,#3914);
#3913 = CARTESIAN_POINT('',(-1.5,-1.5,0.));
#3914 = VECTOR('',#3915,1.);
#3915 = DIRECTION('',(1.,0.,0.));
#3916 = PCURVE('',#3713,#3917);
#3917 = DEFINITIONAL_REPRESENTATION('',(#3918),#3922);
#3918 = LINE('',#3919,#3920);
#3919 = CARTESIAN_POINT('',(0.,0.));
#3920 = VECTOR('',#3921,1.);
#3921 = DIRECTION('',(0.,1.));
#3922 = ( GEOMETRIC_REPRESENTATION_CONTEXT(2) 
PARAMETRIC_REPRESENTATION_CONTEXT() REPRESENTATION_CONTEXT('2D SPACE',''
  ) );
#3923 = PCURVE('',#3741,#3924);
#3924 = DEFINITIONAL_REPRESENTATION('',(#3925),#3929);
#3925 = LINE('',#3926,#3927);
#3926 = CARTESIAN_POINT('',(0.,0.));
#3927 = VECTOR('',#3928,1.);
#3928 = DIRECTION('',(1.,0.));
#3929 = ( GEOMETRIC_REPRESENTATION_CONTEXT(2) 
PARAMETRIC_REPRESENTATION_CONTEXT() REPRESENTATION_CONTEXT('2D SPACE',''
  ) );
#3930 = ORIENTED_EDGE('',*,*,#3690,.T.);
#3931 = ORIENTED_EDGE('',*,*,#3932,.T.);
#3932 = EDGE_CURVE('',#3693,#3813,#3933,.T.);
#3933 = SURFACE_CURVE('',#3934,(#3938,#3945),.PCURVE_S1.);
#3934 = LINE('',#3935,#3936);
#3935 = CARTESIAN_POINT('',(-1.5,-1.5,1.));
#3936 = VECTOR('',#3937,1.);
#3937 = DIRECTION('',(1.,0.,0.));
#3938 = PCURVE('',#3713,#3939);
#3939 = DEFINITIONAL_REPRESENTATION('',(#3940),#3944);
#3940 = LINE('',#3941,#3942);
#3941 = CARTESIAN_POINT('',(1.,0.));
#3942 = VECTOR('',#3943,1.);
#3943 = DIRECTION('',(0.,1.));
#3944 = ( GEOMETRIC_REPRESENTATION_CONTEXT(2) 
PARAMETRIC_REPRESENTATION_CONTEXT() REPRESENTATION_CONTEXT('2D SPACE',''
  ) );
#3945 = PCURVE('',#3795,#3946);
#3946 = DEFINITIONAL_REPRESENTATION('',(#3947),#3951);
#3947 = LINE('',#3948,#3949);
#3948 = CARTESIAN_POINT('',(0.,0.));
#3949 = VECTOR('',#3950,1.);
#3950 = DIRECTION('',(1.,0.));
#3951 = ( GEOMETRIC_REPRESENTATION_CONTEXT(2) 
PARAMETRIC_REPRESENTATION_CONTEXT() REPRESENTATION_CONTEXT('2D SPACE',''
  ) );
#3952 = ORIENTED_EDGE('',*,*,#3810,.F.);
#3953 = ADVANCED_FACE('',(#3954),#3769,.T.);
#3954 = FACE_BOUND('',#3955,.T.);
#3955 = EDGE_LOOP('',(#3956,#3977,#3978,#3999));
#3956 = ORIENTED_EDGE('',*,*,#3957,.F.);
#3957 = EDGE_CURVE('',#3726,#3841,#3958,.T.);
#3958 = SURFACE_CURVE('',#3959,(#3963,#3970),.PCURVE_S1.);
#3959 = LINE('',#3960,#3961);
#3960 = CARTESIAN_POINT('',(-1.5,1.5,0.));
#3961 = VECTOR('',#3962,1.);
#3962 = DIRECTION('',(1.,0.,0.));
#3963 = PCURVE('',#3769,#3964);
#3964 = DEFINITIONAL_REPRESENTATION('',(#3965),#3969);
#3965 = LINE('',#3966,#3967);
#3966 = CARTESIAN_POINT('',(0.,0.));
#3967 = VECTOR('',#3968,1.);
#3968 = DIRECTION('',(0.,1.));
#3969 = ( GEOMETRIC_REPRESENTATION_CONTEXT(2) 
PARAMETRIC_REPRESENTATION_CONTEXT() REPRESENTATION_CONTEXT('2D SPACE',''
  ) );
#3970 = PCURVE('',#3741,#3971);
#3971 = DEFINITIONAL_REPRESENTATION('',(#3972),#3976);
#3972 = LINE('',#3973,#3974);
#3973 = CARTESIAN_POINT('',(0.,3.));
#3974 = VECTOR('',#3975,1.);
#3975 = DIRECTION('',(1.,0.));
#3976 = ( GEOMETRIC_REPRESENTATION_CONTEXT(2) 
PARAMETRIC_REPRESENTATION_CONTEXT() REPRESENTATION_CONTEXT('2D SPACE',''
  ) );
#3977 = ORIENTED_EDGE('',*,*,#3753,.T.);
#3978 = ORIENTED_EDGE('',*,*,#3979,.T.);
#3979 = EDGE_CURVE('',#3754,#3864,#3980,.T.);
#3980 = SURFACE_CURVE('',#3981,(#3985,#3992),.PCURVE_S1.);
#3981 = LINE('',#3982,#3983);
#3982 = CARTESIAN_POINT('',(-1.5,1.5,1.));
#3983 = VECTOR('',#3984,1.);
#3984 = DIRECTION('',(1.,0.,0.));
#3985 = PCURVE('',#3769,#3986);
#3986 = DEFINITIONAL_REPRESENTATION('',(#3987),#3991);
#3987 = LINE('',#3988,#3989);
#3988 = CARTESIAN_POINT('',(1.,0.));
#3989 = VECTOR('',#3990,1.);
#3990 = DIRECTION('',(0.,1.));
#3991 = ( GEOMETRIC_REPRESENTATION_CONTEXT(2) 
PARAMETRIC_REPRESENTATION_CONTEXT() REPRESENTATION_CONTEXT('2D SPACE',''
  ) );
#3992 = PCURVE('',#3795,#3993);
#3993 = DEFINITIONAL_REPRESENTATION('',(#3994),#3998);
#3994 = LINE('',#3995,#3996);
#3995 = CARTESIAN_POINT('',(0.,3.));
#3996 = VECTOR('',#3997,1.);
#3997 = DIRECTION('',(1.,0.));
#3998 = ( GEOMETRIC_REPRESENTATION_CONTEXT(2) 
PARAMETRIC_REPRESENTATION_CONTEXT() REPRESENTATION_CONTEXT('2D SPACE',''
  ) );
#3999 = ORIENTED_EDGE('',*,*,#3863,.F.);
#4000 = ADVANCED_FACE('',(#4001),#3741,.F.);
#4001 = FACE_BOUND('',#4002,.F.);
#4002 = EDGE_LOOP('',(#4003,#4004,#4005,#4006));
#4003 = ORIENTED_EDGE('',*,*,#3725,.F.);
#4004 = ORIENTED_EDGE('',*,*,#3910,.T.);
#4005 = ORIENTED_EDGE('',*,*,#3840,.T.);
#4006 = ORIENTED_EDGE('',*,*,#3957,.F.);
#4007 = ADVANCED_FACE('',(#4008),#3795,.T.);
#4008 = FACE_BOUND('',#4009,.T.);
#4009 = EDGE_LOOP('',(#4010,#4011,#4012,#4013));
#4010 = ORIENTED_EDGE('',*,*,#3781,.F.);
#4011 = ORIENTED_EDGE('',*,*,#3932,.T.);
#4012 = ORIENTED_EDGE('',*,*,#3886,.T.);
#4013 = ORIENTED_EDGE('',*,*,#3979,.F.);
#4014 = ( GEOMETRIC_REPRESENTATION_CONTEXT(3) 
GLOBAL_UNCERTAINTY_ASSIGNED_CONTEXT((#4018)) 
GLOBAL_UNIT_ASSIGNED_CONTEXT((#4015,#4016,#4017)) REPRESENTATION_CONTEXT
('Context #1','3D Context with UNIT and UNCERTAINTY') );
#4015 = ( LENGTH_UNIT() NAMED_UNIT(*) SI_UNIT(.MILLI.,.METRE.) );
#4016 = ( NAMED_UNIT(*) PLANE_ANGLE_UNIT() SI_UNIT($,.RADIAN.) );
#4017 = ( NAMED_UNIT(*) SI_UNIT($,.STERADIAN.) SOLID_ANGLE_UNIT() );
#4018 = UNCERTAINTY_MEASURE_WITH_UNIT(LENGTH_MEASURE(1.E-07),#4015,
  'distance_accuracy_value','confusion accuracy');
#4019 = CONTEXT_DEPENDENT_SHAPE_REPRESENTATION(#4020,#4022);
#4020 = ( REPRESENTATION_RELATIONSHIP('','',#3683,#10) 
REPRESENTATION_RELATIONSHIP_WITH_TRANSFORMATION(#4021) 
SHAPE_REPRESENTATION_RELATIONSHIP() );
#4021 = ITEM_DEFINED_TRANSFORMATION('','',#11,#123);
#4022 = PRODUCT_DEFINITION_SHAPE('Placement','Placement of an item',
  #4023);
#4023 = NEXT_ASSEMBLY_USAGE_OCCURRENCE('63','Chip_IMU','',#5,#3678,$);
#4024 = PRODUCT_RELATED_PRODUCT_CATEGORY('part',$,(#3680));
#4025 = CONTEXT_DEPENDENT_SHAPE_REPRESENTATION(#4026,#4028);
#4026 = ( REPRESENTATION_RELATIONSHIP('','',#3683,#10) 
REPRESENTATION_RELATIONSHIP_WITH_TRANSFORMATION(#4027) 
SHAPE_REPRESENTATION_RELATIONSHIP() );
#4027 = ITEM_DEFINED_TRANSFORMATION('','',#11,#127);
#4028 = PRODUCT_DEFINITION_SHAPE('Placement','Placement of an item',
  #4029);
#4029 = NEXT_ASSEMBLY_USAGE_OCCURRENCE('64','Chip_Baro','',#5,#3678,$);
#4030 = SHAPE_DEFINITION_REPRESENTATION(#4031,#4037);
#4031 = PRODUCT_DEFINITION_SHAPE('','',#4032);
#4032 = PRODUCT_DEFINITION('design','',#4033,#4036);
#4033 = PRODUCT_DEFINITION_FORMATION('','',#4034);
#4034 = PRODUCT('Connector','Connector','',(#4035));
#4035 = PRODUCT_CONTEXT('',#2,'mechanical');
#4036 = PRODUCT_DEFINITION_CONTEXT('part definition',#2,'design');
#4037 = ADVANCED_BREP_SHAPE_REPRESENTATION('',(#11,#4038),#4368);
#4038 = MANIFOLD_SOLID_BREP('',#4039);
#4039 = CLOSED_SHELL('',(#4040,#4160,#4260,#4307,#4354,#4361));
#4040 = ADVANCED_FACE('',(#4041),#4055,.F.);
#4041 = FACE_BOUND('',#4042,.F.);
#4042 = EDGE_LOOP('',(#4043,#4078,#4106,#4134));
#4043 = ORIENTED_EDGE('',*,*,#4044,.F.);
#4044 = EDGE_CURVE('',#4045,#4047,#4049,.T.);
#4045 = VERTEX_POINT('',#4046);
#4046 = CARTESIAN_POINT('',(-3.,-2.,0.));
#4047 = VERTEX_POINT('',#4048);
#4048 = CARTESIAN_POINT('',(-3.,-2.,3.));
#4049 = SURFACE_CURVE('',#4050,(#4054,#4066),.PCURVE_S1.);
#4050 = LINE('',#4051,#4052);
#4051 = CARTESIAN_POINT('',(-3.,-2.,0.));
#4052 = VECTOR('',#4053,1.);
#4053 = DIRECTION('',(0.,0.,1.));
#4054 = PCURVE('',#4055,#4060);
#4055 = PLANE('',#4056);
#4056 = AXIS2_PLACEMENT_3D('',#4057,#4058,#4059);
#4057 = CARTESIAN_POINT('',(-3.,-2.,0.));
#4058 = DIRECTION('',(1.,0.,0.));
#4059 = DIRECTION('',(0.,0.,1.));
#4060 = DEFINITIONAL_REPRESENTATION('',(#4061),#4065);
#4061 = LINE('',#4062,#4063);
#4062 = CARTESIAN_POINT('',(0.,0.));
#4063 = VECTOR('',#4064,1.);
#4064 = DIRECTION('',(1.,0.));
#4065 = ( GEOMETRIC_REPRESENTATION_CONTEXT(2) 
PARAMETRIC_REPRESENTATION_CONTEXT() REPRESENTATION_CONTEXT('2D SPACE',''
  ) );
#4066 = PCURVE('',#4067,#4072);
#4067 = PLANE('',#4068);
#4068 = AXIS2_PLACEMENT_3D('',#4069,#4070,#4071);
#4069 = CARTESIAN_POINT('',(-3.,-2.,0.));
#4070 = DIRECTION('',(0.,1.,0.));
#4071 = DIRECTION('',(0.,0.,1.));
#4072 = DEFINITIONAL_REPRESENTATION('',(#4073),#4077);
#4073 = LINE('',#4074,#4075);
#4074 = CARTESIAN_POINT('',(0.,0.));
#4075 = VECTOR('',#4076,1.);
#4076 = DIRECTION('',(1.,0.));
#4077 = ( GEOMETRIC_REPRESENTATION_CONTEXT(2) 
PARAMETRIC_REPRESENTATION_CONTEXT() REPRESENTATION_CONTEXT('2D SPACE',''
  ) );
#4078 = ORIENTED_EDGE('',*,*,#4079,.T.);
#4079 = EDGE_CURVE('',#4045,#4080,#4082,.T.);
#4080 = VERTEX_POINT('',#4081);
#4081 = CARTESIAN_POINT('',(-3.,2.,0.));
#4082 = SURFACE_CURVE('',#4083,(#4087,#4094),.PCURVE_S1.);
#4083 = LINE('',#4084,#4085);
#4084 = CARTESIAN_POINT('',(-3.,-2.,0.));
#4085 = VECTOR('',#4086,1.);
#4086 = DIRECTION('',(0.,1.,0.));
#4087 = PCURVE('',#4055,#4088);
#4088 = DEFINITIONAL_REPRESENTATION('',(#4089),#4093);
#4089 = LINE('',#4090,#4091);
#4090 = CARTESIAN_POINT('',(0.,0.));
#4091 = VECTOR('',#4092,1.);
#4092 = DIRECTION('',(0.,-1.));
#4093 = ( GEOMETRIC_REPRESENTATION_CONTEXT(2) 
PARAMETRIC_REPRESENTATION_CONTEXT() REPRESENTATION_CONTEXT('2D SPACE',''
  ) );
#4094 = PCURVE('',#4095,#4100);
#4095 = PLANE('',#4096);
#4096 = AXIS2_PLACEMENT_3D('',#4097,#4098,#4099);
#4097 = CARTESIAN_POINT('',(-3.,-2.,0.));
#4098 = DIRECTION('',(0.,0.,1.));
#4099 = DIRECTION('',(1.,0.,0.));
#4100 = DEFINITIONAL_REPRESENTATION('',(#4101),#4105);
#4101 = LINE('',#4102,#4103);
#4102 = CARTESIAN_POINT('',(0.,0.));
#4103 = VECTOR('',#4104,1.);
#4104 = DIRECTION('',(0.,1.));
#4105 = ( GEOMETRIC_REPRESENTATION_CONTEXT(2) 
PARAMETRIC_REPRESENTATION_CONTEXT() REPRESENTATION_CONTEXT('2D SPACE',''
  ) );
#4106 = ORIENTED_EDGE('',*,*,#4107,.T.);
#4107 = EDGE_CURVE('',#4080,#4108,#4110,.T.);
#4108 = VERTEX_POINT('',#4109);
#4109 = CARTESIAN_POINT('',(-3.,2.,3.));
#4110 = SURFACE_CURVE('',#4111,(#4115,#4122),.PCURVE_S1.);
#4111 = LINE('',#4112,#4113);
#4112 = CARTESIAN_POINT('',(-3.,2.,0.));
#4113 = VECTOR('',#4114,1.);
#4114 = DIRECTION('',(0.,0.,1.));
#4115 = PCURVE('',#4055,#4116);
#4116 = DEFINITIONAL_REPRESENTATION('',(#4117),#4121);
#4117 = LINE('',#4118,#4119);
#4118 = CARTESIAN_POINT('',(0.,-4.));
#4119 = VECTOR('',#4120,1.);
#4120 = DIRECTION('',(1.,0.));
#4121 = ( GEOMETRIC_REPRESENTATION_CONTEXT(2) 
PARAMETRIC_REPRESENTATION_CONTEXT() REPRESENTATION_CONTEXT('2D SPACE',''
  ) );
#4122 = PCURVE('',#4123,#4128);
#4123 = PLANE('',#4124);
#4124 = AXIS2_PLACEMENT_3D('',#4125,#4126,#4127);
#4125 = CARTESIAN_POINT('',(-3.,2.,0.));
#4126 = DIRECTION('',(0.,1.,0.));
#4127 = DIRECTION('',(0.,0.,1.));
#4128 = DEFINITIONAL_REPRESENTATION('',(#4129),#4133);
#4129 = LINE('',#4130,#4131);
#4130 = CARTESIAN_POINT('',(0.,0.));
#4131 = VECTOR('',#4132,1.);
#4132 = DIRECTION('',(1.,0.));
#4133 = ( GEOMETRIC_REPRESENTATION_CONTEXT(2) 
PARAMETRIC_REPRESENTATION_CONTEXT() REPRESENTATION_CONTEXT('2D SPACE',''
  ) );
#4134 = ORIENTED_EDGE('',*,*,#4135,.F.);
#4135 = EDGE_CURVE('',#4047,#4108,#4136,.T.);
#4136 = SURFACE_CURVE('',#4137,(#4141,#4148),.PCURVE_S1.);
#4137 = LINE('',#4138,#4139);
#4138 = CARTESIAN_POINT('',(-3.,-2.,3.));
#4139 = VECTOR('',#4140,1.);
#4140 = DIRECTION('',(0.,1.,0.));
#4141 = PCURVE('',#4055,#4142);
#4142 = DEFINITIONAL_REPRESENTATION('',(#4143),#4147);
#4143 = LINE('',#4144,#4145);
#4144 = CARTESIAN_POINT('',(3.,0.));
#4145 = VECTOR('',#4146,1.);
#4146 = DIRECTION('',(0.,-1.));
#4147 = ( GEOMETRIC_REPRESENTATION_CONTEXT(2) 
PARAMETRIC_REPRESENTATION_CONTEXT() REPRESENTATION_CONTEXT('2D SPACE',''
  ) );
#4148 = PCURVE('',#4149,#4154);
#4149 = PLANE('',#4150);
#4150 = AXIS2_PLACEMENT_3D('',#4151,#4152,#4153);
#4151 = CARTESIAN_POINT('',(-3.,-2.,3.));
#4152 = DIRECTION('',(0.,0.,1.));
#4153 = DIRECTION('',(1.,0.,0.));
#4154 = DEFINITIONAL_REPRESENTATION('',(#4155),#4159);
#4155 = LINE('',#4156,#4157);
#4156 = CARTESIAN_POINT('',(0.,0.));
#4157 = VECTOR('',#4158,1.);
#4158 = DIRECTION('',(0.,1.));
#4159 = ( GEOMETRIC_REPRESENTATION_CONTEXT(2) 
PARAMETRIC_REPRESENTATION_CONTEXT() REPRESENTATION_CONTEXT('2D SPACE',''
  ) );
#4160 = ADVANCED_FACE('',(#4161),#4175,.T.);
#4161 = FACE_BOUND('',#4162,.T.);
#4162 = EDGE_LOOP('',(#4163,#4193,#4216,#4239));
#4163 = ORIENTED_EDGE('',*,*,#4164,.F.);
#4164 = EDGE_CURVE('',#4165,#4167,#4169,.T.);
#4165 = VERTEX_POINT('',#4166);
#4166 = CARTESIAN_POINT('',(3.,-2.,0.));
#4167 = VERTEX_POINT('',#4168);
#4168 = CARTESIAN_POINT('',(3.,-2.,3.));
#4169 = SURFACE_CURVE('',#4170,(#4174,#4186),.PCURVE_S1.);
#4170 = LINE('',#4171,#4172);
#4171 = CARTESIAN_POINT('',(3.,-2.,0.));
#4172 = VECTOR('',#4173,1.);
#4173 = DIRECTION('',(0.,0.,1.));
#4174 = PCURVE('',#4175,#4180);
#4175 = PLANE('',#4176);
#4176 = AXIS2_PLACEMENT_3D('',#4177,#4178,#4179);
#4177 = CARTESIAN_POINT('',(3.,-2.,0.));
#4178 = DIRECTION('',(1.,0.,0.));
#4179 = DIRECTION('',(0.,0.,1.));
#4180 = DEFINITIONAL_REPRESENTATION('',(#4181),#4185);
#4181 = LINE('',#4182,#4183);
#4182 = CARTESIAN_POINT('',(0.,0.));
#4183 = VECTOR('',#4184,1.);
#4184 = DIRECTION('',(1.,0.));
#4185 = ( GEOMETRIC_REPRESENTATION_CONTEXT(2) 
PARAMETRIC_REPRESENTATION_CONTEXT() REPRESENTATION_CONTEXT('2D SPACE',''
  ) );
#4186 = PCURVE('',#4067,#4187);
#4187 = DEFINITIONAL_REPRESENTATION('',(#4188),#4192);
#4188 = LINE('',#4189,#4190);
#4189 = CARTESIAN_POINT('',(0.,6.));
#4190 = VECTOR('',#4191,1.);
#4191 = DIRECTION('',(1.,0.));
#4192 = ( GEOMETRIC_REPRESENTATION_CONTEXT(2) 
PARAMETRIC_REPRESENTATION_CONTEXT() REPRESENTATION_CONTEXT('2D SPACE',''
  ) );
#4193 = ORIENTED_EDGE('',*,*,#4194,.T.);
#4194 = EDGE_CURVE('',#4165,#4195,#4197,.T.);
#4195 = VERTEX_POINT('',#4196);
#4196 = CARTESIAN_POINT('',(3.,2.,0.));
#4197 = SURFACE_CURVE('',#4198,(#4202,#4209),.PCURVE_S1.);
#4198 = LINE('',#4199,#4200);
#4199 = CARTESIAN_POINT('',(3.,-2.,0.));
#4200 = VECTOR('',#4201,1.);
#4201 = DIRECTION('',(0.,1.,0.));
#4202 = PCURVE('',#4175,#4203);
#4203 = DEFINITIONAL_REPRESENTATION('',(#4204),#4208);
#4204 = LINE('',#4205,#4206);
#4205 = CARTESIAN_POINT('',(0.,0.));
#4206 = VECTOR('',#4207,1.);
#4207 = DIRECTION('',(0.,-1.));
#4208 = ( GEOMETRIC_REPRESENTATION_CONTEXT(2) 
PARAMETRIC_REPRESENTATION_CONTEXT() REPRESENTATION_CONTEXT('2D SPACE',''
  ) );
#4209 = PCURVE('',#4095,#4210);
#4210 = DEFINITIONAL_REPRESENTATION('',(#4211),#4215);
#4211 = LINE('',#4212,#4213);
#4212 = CARTESIAN_POINT('',(6.,0.));
#4213 = VECTOR('',#4214,1.);
#4214 = DIRECTION('',(0.,1.));
#4215 = ( GEOMETRIC_REPRESENTATION_CONTEXT(2) 
PARAMETRIC_REPRESENTATION_CONTEXT() REPRESENTATION_CONTEXT('2D SPACE',''
  ) );
#4216 = ORIENTED_EDGE('',*,*,#4217,.T.);
#4217 = EDGE_CURVE('',#4195,#4218,#4220,.T.);
#4218 = VERTEX_POINT('',#4219);
#4219 = CARTESIAN_POINT('',(3.,2.,3.));
#4220 = SURFACE_CURVE('',#4221,(#4225,#4232),.PCURVE_S1.);
#4221 = LINE('',#4222,#4223);
#4222 = CARTESIAN_POINT('',(3.,2.,0.));
#4223 = VECTOR('',#4224,1.);
#4224 = DIRECTION('',(0.,0.,1.));
#4225 = PCURVE('',#4175,#4226);
#4226 = DEFINITIONAL_REPRESENTATION('',(#4227),#4231);
#4227 = LINE('',#4228,#4229);
#4228 = CARTESIAN_POINT('',(0.,-4.));
#4229 = VECTOR('',#4230,1.);
#4230 = DIRECTION('',(1.,0.));
#4231 = ( GEOMETRIC_REPRESENTATION_CONTEXT(2) 
PARAMETRIC_REPRESENTATION_CONTEXT() REPRESENTATION_CONTEXT('2D SPACE',''
  ) );
#4232 = PCURVE('',#4123,#4233);
#4233 = DEFINITIONAL_REPRESENTATION('',(#4234),#4238);
#4234 = LINE('',#4235,#4236);
#4235 = CARTESIAN_POINT('',(0.,6.));
#4236 = VECTOR('',#4237,1.);
#4237 = DIRECTION('',(1.,0.));
#4238 = ( GEOMETRIC_REPRESENTATION_CONTEXT(2) 
PARAMETRIC_REPRESENTATION_CONTEXT() REPRESENTATION_CONTEXT('2D SPACE',''
  ) );
#4239 = ORIENTED_EDGE('',*,*,#4240,.F.);
#4240 = EDGE_CURVE('',#4167,#4218,#4241,.T.);
#4241 = SURFACE_CURVE('',#4242,(#4246,#4253),.PCURVE_S1.);
#4242 = LINE('',#4243,#4244);
#4243 = CARTESIAN_POINT('',(3.,-2.,3.));
#4244 = VECTOR('',#4245,1.);
#4245 = DIRECTION('',(0.,1.,0.));
#4246 = PCURVE('',#4175,#4247);
#4247 = DEFINITIONAL_REPRESENTATION('',(#4248),#4252);
#4248 = LINE('',#4249,#4250);
#4249 = CARTESIAN_POINT('',(3.,0.));
#4250 = VECTOR('',#4251,1.);
#4251 = DIRECTION('',(0.,-1.));
#4252 = ( GEOMETRIC_REPRESENTATION_CONTEXT(2) 
PARAMETRIC_REPRESENTATION_CONTEXT() REPRESENTATION_CONTEXT('2D SPACE',''
  ) );
#4253 = PCURVE('',#4149,#4254);
#4254 = DEFINITIONAL_REPRESENTATION('',(#4255),#4259);
#4255 = LINE('',#4256,#4257);
#4256 = CARTESIAN_POINT('',(6.,0.));
#4257 = VECTOR('',#4258,1.);
#4258 = DIRECTION('',(0.,1.));
#4259 = ( GEOMETRIC_REPRESENTATION_CONTEXT(2) 
PARAMETRIC_REPRESENTATION_CONTEXT() REPRESENTATION_CONTEXT('2D SPACE',''
  ) );
#4260 = ADVANCED_FACE('',(#4261),#4067,.F.);
#4261 = FACE_BOUND('',#4262,.F.);
#4262 = EDGE_LOOP('',(#4263,#4284,#4285,#4306));
#4263 = ORIENTED_EDGE('',*,*,#4264,.F.);
#4264 = EDGE_CURVE('',#4045,#4165,#4265,.T.);
#4265 = SURFACE_CURVE('',#4266,(#4270,#4277),.PCURVE_S1.);
#4266 = LINE('',#4267,#4268);
#4267 = CARTESIAN_POINT('',(-3.,-2.,0.));
#4268 = VECTOR('',#4269,1.);
#4269 = DIRECTION('',(1.,0.,0.));
#4270 = PCURVE('',#4067,#4271);
#4271 = DEFINITIONAL_REPRESENTATION('',(#4272),#4276);
#4272 = LINE('',#4273,#4274);
#4273 = CARTESIAN_POINT('',(0.,0.));
#4274 = VECTOR('',#4275,1.);
#4275 = DIRECTION('',(0.,1.));
#4276 = ( GEOMETRIC_REPRESENTATION_CONTEXT(2) 
PARAMETRIC_REPRESENTATION_CONTEXT() REPRESENTATION_CONTEXT('2D SPACE',''
  ) );
#4277 = PCURVE('',#4095,#4278);
#4278 = DEFINITIONAL_REPRESENTATION('',(#4279),#4283);
#4279 = LINE('',#4280,#4281);
#4280 = CARTESIAN_POINT('',(0.,0.));
#4281 = VECTOR('',#4282,1.);
#4282 = DIRECTION('',(1.,0.));
#4283 = ( GEOMETRIC_REPRESENTATION_CONTEXT(2) 
PARAMETRIC_REPRESENTATION_CONTEXT() REPRESENTATION_CONTEXT('2D SPACE',''
  ) );
#4284 = ORIENTED_EDGE('',*,*,#4044,.T.);
#4285 = ORIENTED_EDGE('',*,*,#4286,.T.);
#4286 = EDGE_CURVE('',#4047,#4167,#4287,.T.);
#4287 = SURFACE_CURVE('',#4288,(#4292,#4299),.PCURVE_S1.);
#4288 = LINE('',#4289,#4290);
#4289 = CARTESIAN_POINT('',(-3.,-2.,3.));
#4290 = VECTOR('',#4291,1.);
#4291 = DIRECTION('',(1.,0.,0.));
#4292 = PCURVE('',#4067,#4293);
#4293 = DEFINITIONAL_REPRESENTATION('',(#4294),#4298);
#4294 = LINE('',#4295,#4296);
#4295 = CARTESIAN_POINT('',(3.,0.));
#4296 = VECTOR('',#4297,1.);
#4297 = DIRECTION('',(0.,1.));
#4298 = ( GEOMETRIC_REPRESENTATION_CONTEXT(2) 
PARAMETRIC_REPRESENTATION_CONTEXT() REPRESENTATION_CONTEXT('2D SPACE',''
  ) );
#4299 = PCURVE('',#4149,#4300);
#4300 = DEFINITIONAL_REPRESENTATION('',(#4301),#4305);
#4301 = LINE('',#4302,#4303);
#4302 = CARTESIAN_POINT('',(0.,0.));
#4303 = VECTOR('',#4304,1.);
#4304 = DIRECTION('',(1.,0.));
#4305 = ( GEOMETRIC_REPRESENTATION_CONTEXT(2) 
PARAMETRIC_REPRESENTATION_CONTEXT() REPRESENTATION_CONTEXT('2D SPACE',''
  ) );
#4306 = ORIENTED_EDGE('',*,*,#4164,.F.);
#4307 = ADVANCED_FACE('',(#4308),#4123,.T.);
#4308 = FACE_BOUND('',#4309,.T.);
#4309 = EDGE_LOOP('',(#4310,#4331,#4332,#4353));
#4310 = ORIENTED_EDGE('',*,*,#4311,.F.);
#4311 = EDGE_CURVE('',#4080,#4195,#4312,.T.);
#4312 = SURFACE_CURVE('',#4313,(#4317,#4324),.PCURVE_S1.);
#4313 = LINE('',#4314,#4315);
#4314 = CARTESIAN_POINT('',(-3.,2.,0.));
#4315 = VECTOR('',#4316,1.);
#4316 = DIRECTION('',(1.,0.,0.));
#4317 = PCURVE('',#4123,#4318);
#4318 = DEFINITIONAL_REPRESENTATION('',(#4319),#4323);
#4319 = LINE('',#4320,#4321);
#4320 = CARTESIAN_POINT('',(0.,0.));
#4321 = VECTOR('',#4322,1.);
#4322 = DIRECTION('',(0.,1.));
#4323 = ( GEOMETRIC_REPRESENTATION_CONTEXT(2) 
PARAMETRIC_REPRESENTATION_CONTEXT() REPRESENTATION_CONTEXT('2D SPACE',''
  ) );
#4324 = PCURVE('',#4095,#4325);
#4325 = DEFINITIONAL_REPRESENTATION('',(#4326),#4330);
#4326 = LINE('',#4327,#4328);
#4327 = CARTESIAN_POINT('',(0.,4.));
#4328 = VECTOR('',#4329,1.);
#4329 = DIRECTION('',(1.,0.));
#4330 = ( GEOMETRIC_REPRESENTATION_CONTEXT(2) 
PARAMETRIC_REPRESENTATION_CONTEXT() REPRESENTATION_CONTEXT('2D SPACE',''
  ) );
#4331 = ORIENTED_EDGE('',*,*,#4107,.T.);
#4332 = ORIENTED_EDGE('',*,*,#4333,.T.);
#4333 = EDGE_CURVE('',#4108,#4218,#4334,.T.);
#4334 = SURFACE_CURVE('',#4335,(#4339,#4346),.PCURVE_S1.);
#4335 = LINE('',#4336,#4337);
#4336 = CARTESIAN_POINT('',(-3.,2.,3.));
#4337 = VECTOR('',#4338,1.);
#4338 = DIRECTION('',(1.,0.,0.));
#4339 = PCURVE('',#4123,#4340);
#4340 = DEFINITIONAL_REPRESENTATION('',(#4341),#4345);
#4341 = LINE('',#4342,#4343);
#4342 = CARTESIAN_POINT('',(3.,0.));
#4343 = VECTOR('',#4344,1.);
#4344 = DIRECTION('',(0.,1.));
#4345 = ( GEOMETRIC_REPRESENTATION_CONTEXT(2) 
PARAMETRIC_REPRESENTATION_CONTEXT() REPRESENTATION_CONTEXT('2D SPACE',''
  ) );
#4346 = PCURVE('',#4149,#4347);
#4347 = DEFINITIONAL_REPRESENTATION('',(#4348),#4352);
#4348 = LINE('',#4349,#4350);
#4349 = CARTESIAN_POINT('',(0.,4.));
#4350 = VECTOR('',#4351,1.);
#4351 = DIRECTION('',(1.,0.));
#4352 = ( GEOMETRIC_REPRESENTATION_CONTEXT(2) 
PARAMETRIC_REPRESENTATION_CONTEXT() REPRESENTATION_CONTEXT('2D SPACE',''
  ) );
#4353 = ORIENTED_EDGE('',*,*,#4217,.F.);
#4354 = ADVANCED_FACE('',(#4355),#4095,.F.);
#4355 = FACE_BOUND('',#4356,.F.);
#4356 = EDGE_LOOP('',(#4357,#4358,#4359,#4360));
#4357 = ORIENTED_EDGE('',*,*,#4079,.F.);
#4358 = ORIENTED_EDGE('',*,*,#4264,.T.);
#4359 = ORIENTED_EDGE('',*,*,#4194,.T.);
#4360 = ORIENTED_EDGE('',*,*,#4311,.F.);
#4361 = ADVANCED_FACE('',(#4362),#4149,.T.);
#4362 = FACE_BOUND('',#4363,.T.);
#4363 = EDGE_LOOP('',(#4364,#4365,#4366,#4367));
#4364 = ORIENTED_EDGE('',*,*,#4135,.F.);
#4365 = ORIENTED_EDGE('',*,*,#4286,.T.);
#4366 = ORIENTED_EDGE('',*,*,#4240,.T.);
#4367 = ORIENTED_EDGE('',*,*,#4333,.F.);
#4368 = ( GEOMETRIC_REPRESENTATION_CONTEXT(3) 
GLOBAL_UNCERTAINTY_ASSIGNED_CONTEXT((#4372)) 
GLOBAL_UNIT_ASSIGNED_CONTEXT((#4369,#4370,#4371)) REPRESENTATION_CONTEXT
('Context #1','3D Context with UNIT and UNCERTAINTY') );
#4369 = ( LENGTH_UNIT() NAMED_UNIT(*) SI_UNIT(.MILLI.,.METRE.) );
#4370 = ( NAMED_UNIT(*) PLANE_ANGLE_UNIT() SI_UNIT($,.RADIAN.) );
#4371 = ( NAMED_UNIT(*) SI_UNIT($,.STERADIAN.) SOLID_ANGLE_UNIT() );
#4372 = UNCERTAINTY_MEASURE_WITH_UNIT(LENGTH_MEASURE(1.E-07),#4369,
  'distance_accuracy_value','confusion accuracy');
#4373 = CONTEXT_DEPENDENT_SHAPE_REPRESENTATION(#4374,#4376);
#4374 = ( REPRESENTATION_RELATIONSHIP('','',#4037,#10) 
REPRESENTATION_RELATIONSHIP_WITH_TRANSFORMATION(#4375) 
SHAPE_REPRESENTATION_RELATIONSHIP() );
#4375 = ITEM_DEFINED_TRANSFORMATION('','',#11,#131);
#4376 = PRODUCT_DEFINITION_SHAPE('Placement','Placement of an item',
  #4377);
#4377 = NEXT_ASSEMBLY_USAGE_OCCURRENCE('65','Connector','',#5,#4032,$);
#4378 = PRODUCT_RELATED_PRODUCT_CATEGORY('part',$,(#4034));
#4379 = SHAPE_DEFINITION_REPRESENTATION(#4380,#4386);
#4380 = PRODUCT_DEFINITION_SHAPE('','',#4381);
#4381 = PRODUCT_DEFINITION('design','',#4382,#4385);
#4382 = PRODUCT_DEFINITION_FORMATION('','',#4383);
#4383 = PRODUCT('Battery','Battery','',(#4384));
#4384 = PRODUCT_CONTEXT('',#2,'mechanical');
#4385 = PRODUCT_DEFINITION_CONTEXT('part definition',#2,'design');
#4386 = ADVANCED_BREP_SHAPE_REPRESENTATION('',(#11,#4387),#5053);
#4387 = MANIFOLD_SOLID_BREP('',#4388);
#4388 = CLOSED_SHELL('',(#4389,#4633,#4709,#4759,#4813,#4862,#4911,#4965
    ,#5015,#5042));
#4389 = ADVANCED_FACE('',(#4390),#4404,.F.);
#4390 = FACE_BOUND('',#4391,.F.);
#4391 = EDGE_LOOP('',(#4392,#4427,#4456,#4484,#4517,#4545,#4574,#4602));
#4392 = ORIENTED_EDGE('',*,*,#4393,.F.);
#4393 = EDGE_CURVE('',#4394,#4396,#4398,.T.);
#4394 = VERTEX_POINT('',#4395);
#4395 = CARTESIAN_POINT('',(-37.5,-17.5,-12.));
#4396 = VERTEX_POINT('',#4397);
#4397 = CARTESIAN_POINT('',(-37.5,-17.5,12.));
#4398 = SURFACE_CURVE('',#4399,(#4403,#4415),.PCURVE_S1.);
#4399 = LINE('',#4400,#4401);
#4400 = CARTESIAN_POINT('',(-37.5,-17.5,-15.));
#4401 = VECTOR('',#4402,1.);
#4402 = DIRECTION('',(0.,0.,1.));
#4403 = PCURVE('',#4404,#4409);
#4404 = PLANE('',#4405);
#4405 = AXIS2_PLACEMENT_3D('',#4406,#4407,#4408);
#4406 = CARTESIAN_POINT('',(-37.5,-17.5,-15.));
#4407 = DIRECTION('',(1.,0.,0.));
#4408 = DIRECTION('',(0.,0.,1.));
#4409 = DEFINITIONAL_REPRESENTATION('',(#4410),#4414);
#4410 = LINE('',#4411,#4412);
#4411 = CARTESIAN_POINT('',(0.,0.));
#4412 = VECTOR('',#4413,1.);
#4413 = DIRECTION('',(1.,0.));
#4414 = ( GEOMETRIC_REPRESENTATION_CONTEXT(2) 
PARAMETRIC_REPRESENTATION_CONTEXT() REPRESENTATION_CONTEXT('2D SPACE',''
  ) );
#4415 = PCURVE('',#4416,#4421);
#4416 = PLANE('',#4417);
#4417 = AXIS2_PLACEMENT_3D('',#4418,#4419,#4420);
#4418 = CARTESIAN_POINT('',(-37.5,-17.5,-15.));
#4419 = DIRECTION('',(0.,1.,0.));
#4420 = DIRECTION('',(0.,0.,1.));
#4421 = DEFINITIONAL_REPRESENTATION('',(#4422),#4426);
#4422 = LINE('',#4423,#4424);
#4423 = CARTESIAN_POINT('',(0.,0.));
#4424 = VECTOR('',#4425,1.);
#4425 = DIRECTION('',(1.,0.));
#4426 = ( GEOMETRIC_REPRESENTATION_CONTEXT(2) 
PARAMETRIC_REPRESENTATION_CONTEXT() REPRESENTATION_CONTEXT('2D SPACE',''
  ) );
#4427 = ORIENTED_EDGE('',*,*,#4428,.T.);
#4428 = EDGE_CURVE('',#4394,#4429,#4431,.T.);
#4429 = VERTEX_POINT('',#4430);
#4430 = CARTESIAN_POINT('',(-37.5,-14.5,-15.));
#4431 = SURFACE_CURVE('',#4432,(#4437,#4444),.PCURVE_S1.);
#4432 = CIRCLE('',#4433,3.);
#4433 = AXIS2_PLACEMENT_3D('',#4434,#4435,#4436);
#4434 = CARTESIAN_POINT('',(-37.5,-14.5,-12.));
#4435 = DIRECTION('',(1.,0.,0.));
#4436 = DIRECTION('',(-0.,0.,1.));
#4437 = PCURVE('',#4404,#4438);
#4438 = DEFINITIONAL_REPRESENTATION('',(#4439),#4443);
#4439 = CIRCLE('',#4440,3.);
#4440 = AXIS2_PLACEMENT_2D('',#4441,#4442);
#4441 = CARTESIAN_POINT('',(3.,-3.));
#4442 = DIRECTION('',(1.,0.));
#4443 = ( GEOMETRIC_REPRESENTATION_CONTEXT(2) 
PARAMETRIC_REPRESENTATION_CONTEXT() REPRESENTATION_CONTEXT('2D SPACE',''
  ) );
#4444 = PCURVE('',#4445,#4450);
#4445 = CYLINDRICAL_SURFACE('',#4446,3.);
#4446 = AXIS2_PLACEMENT_3D('',#4447,#4448,#4449);
#4447 = CARTESIAN_POINT('',(-37.5,-14.5,-12.));
#4448 = DIRECTION('',(1.,0.,0.));
#4449 = DIRECTION('',(0.,-1.,0.));
#4450 = DEFINITIONAL_REPRESENTATION('',(#4451),#4455);
#4451 = LINE('',#4452,#4453);
#4452 = CARTESIAN_POINT('',(-1.570796326795,0.));
#4453 = VECTOR('',#4454,1.);
#4454 = DIRECTION('',(1.,0.));
#4455 = ( GEOMETRIC_REPRESENTATION_CONTEXT(2) 
PARAMETRIC_REPRESENTATION_CONTEXT() REPRESENTATION_CONTEXT('2D SPACE',''
  ) );
#4456 = ORIENTED_EDGE('',*,*,#4457,.T.);
#4457 = EDGE_CURVE('',#4429,#4458,#4460,.T.);
#4458 = VERTEX_POINT('',#4459);
#4459 = CARTESIAN_POINT('',(-37.5,14.5,-15.));
#4460 = SURFACE_CURVE('',#4461,(#4465,#4472),.PCURVE_S1.);
#4461 = LINE('',#4462,#4463);
#4462 = CARTESIAN_POINT('',(-37.5,-17.5,-15.));
#4463 = VECTOR('',#4464,1.);
#4464 = DIRECTION('',(0.,1.,0.));
#4465 = PCURVE('',#4404,#4466);
#4466 = DEFINITIONAL_REPRESENTATION('',(#4467),#4471);
#4467 = LINE('',#4468,#4469);
#4468 = CARTESIAN_POINT('',(0.,0.));
#4469 = VECTOR('',#4470,1.);
#4470 = DIRECTION('',(0.,-1.));
#4471 = ( GEOMETRIC_REPRESENTATION_CONTEXT(2) 
PARAMETRIC_REPRESENTATION_CONTEXT() REPRESENTATION_CONTEXT('2D SPACE',''
  ) );
#4472 = PCURVE('',#4473,#4478);
#4473 = PLANE('',#4474);
#4474 = AXIS2_PLACEMENT_3D('',#4475,#4476,#4477);
#4475 = CARTESIAN_POINT('',(-37.5,-17.5,-15.));
#4476 = DIRECTION('',(0.,0.,1.));
#4477 = DIRECTION('',(1.,0.,0.));
#4478 = DEFINITIONAL_REPRESENTATION('',(#4479),#4483);
#4479 = LINE('',#4480,#4481);
#4480 = CARTESIAN_POINT('',(0.,0.));
#4481 = VECTOR('',#4482,1.);
#4482 = DIRECTION('',(0.,1.));
#4483 = ( GEOMETRIC_REPRESENTATION_CONTEXT(2) 
PARAMETRIC_REPRESENTATION_CONTEXT() REPRESENTATION_CONTEXT('2D SPACE',''
  ) );
#4484 = ORIENTED_EDGE('',*,*,#4485,.F.);
#4485 = EDGE_CURVE('',#4486,#4458,#4488,.T.);
#4486 = VERTEX_POINT('',#4487);
#4487 = CARTESIAN_POINT('',(-37.5,17.5,-12.));
#4488 = SURFACE_CURVE('',#4489,(#4494,#4505),.PCURVE_S1.);
#4489 = CIRCLE('',#4490,3.);
#4490 = AXIS2_PLACEMENT_3D('',#4491,#4492,#4493);
#4491 = CARTESIAN_POINT('',(-37.5,14.5,-12.));
#4492 = DIRECTION('',(-1.,0.,-0.));
#4493 = DIRECTION('',(-0.,0.,1.));
#4494 = PCURVE('',#4404,#4495);
#4495 = DEFINITIONAL_REPRESENTATION('',(#4496),#4504);
#4496 = ( BOUNDED_CURVE() B_SPLINE_CURVE(2,(#4497,#4498,#4499,#4500,
#4501,#4502,#4503),.UNSPECIFIED.,.T.,.F.) B_SPLINE_CURVE_WITH_KNOTS((1,2
    ,2,2,2,1),(-2.094395102393,0.,2.094395102393,4.188790204786,
6.28318530718,8.377580409573),.UNSPECIFIED.) CURVE() 
GEOMETRIC_REPRESENTATION_ITEM() RATIONAL_B_SPLINE_CURVE((1.,0.5,1.,0.5,
1.,0.5,1.)) REPRESENTATION_ITEM('') );
#4497 = CARTESIAN_POINT('',(6.,-32.));
#4498 = CARTESIAN_POINT('',(6.,-37.1961524227));
#4499 = CARTESIAN_POINT('',(1.5,-34.59807621135));
#4500 = CARTESIAN_POINT('',(-3.,-32.));
#4501 = CARTESIAN_POINT('',(1.5,-29.40192378864));
#4502 = CARTESIAN_POINT('',(6.,-26.80384757729));
#4503 = CARTESIAN_POINT('',(6.,-32.));
#4504 = ( GEOMETRIC_REPRESENTATION_CONTEXT(2) 
PARAMETRIC_REPRESENTATION_CONTEXT() REPRESENTATION_CONTEXT('2D SPACE',''
  ) );
#4505 = PCURVE('',#4506,#4511);
#4506 = CYLINDRICAL_SURFACE('',#4507,3.);
#4507 = AXIS2_PLACEMENT_3D('',#4508,#4509,#4510);
#4508 = CARTESIAN_POINT('',(-37.5,14.5,-12.));
#4509 = DIRECTION('',(1.,0.,0.));
#4510 = DIRECTION('',(-0.,1.,0.));
#4511 = DEFINITIONAL_REPRESENTATION('',(#4512),#4516);
#4512 = LINE('',#4513,#4514);
#4513 = CARTESIAN_POINT('',(1.570796326795,-0.));
#4514 = VECTOR('',#4515,1.);
#4515 = DIRECTION('',(-1.,0.));
#4516 = ( GEOMETRIC_REPRESENTATION_CONTEXT(2) 
PARAMETRIC_REPRESENTATION_CONTEXT() REPRESENTATION_CONTEXT('2D SPACE',''
  ) );
#4517 = ORIENTED_EDGE('',*,*,#4518,.T.);
#4518 = EDGE_CURVE('',#4486,#4519,#4521,.T.);
#4519 = VERTEX_POINT('',#4520);
#4520 = CARTESIAN_POINT('',(-37.5,17.5,12.));
#4521 = SURFACE_CURVE('',#4522,(#4526,#4533),.PCURVE_S1.);
#4522 = LINE('',#4523,#4524);
#4523 = CARTESIAN_POINT('',(-37.5,17.5,-15.));
#4524 = VECTOR('',#4525,1.);
#4525 = DIRECTION('',(0.,0.,1.));
#4526 = PCURVE('',#4404,#4527);
#4527 = DEFINITIONAL_REPRESENTATION('',(#4528),#4532);
#4528 = LINE('',#4529,#4530);
#4529 = CARTESIAN_POINT('',(0.,-35.));
#4530 = VECTOR('',#4531,1.);
#4531 = DIRECTION('',(1.,0.));
#4532 = ( GEOMETRIC_REPRESENTATION_CONTEXT(2) 
PARAMETRIC_REPRESENTATION_CONTEXT() REPRESENTATION_CONTEXT('2D SPACE',''
  ) );
#4533 = PCURVE('',#4534,#4539);
#4534 = PLANE('',#4535);
#4535 = AXIS2_PLACEMENT_3D('',#4536,#4537,#4538);
#4536 = CARTESIAN_POINT('',(-37.5,17.5,-15.));
#4537 = DIRECTION('',(0.,1.,0.));
#4538 = DIRECTION('',(0.,0.,1.));
#4539 = DEFINITIONAL_REPRESENTATION('',(#4540),#4544);
#4540 = LINE('',#4541,#4542);
#4541 = CARTESIAN_POINT('',(0.,0.));
#4542 = VECTOR('',#4543,1.);
#4543 = DIRECTION('',(1.,0.));
#4544 = ( GEOMETRIC_REPRESENTATION_CONTEXT(2) 
PARAMETRIC_REPRESENTATION_CONTEXT() REPRESENTATION_CONTEXT('2D SPACE',''
  ) );
#4545 = ORIENTED_EDGE('',*,*,#4546,.T.);
#4546 = EDGE_CURVE('',#4519,#4547,#4549,.T.);
#4547 = VERTEX_POINT('',#4548);
#4548 = CARTESIAN_POINT('',(-37.5,14.5,15.));
#4549 = SURFACE_CURVE('',#4550,(#4555,#4562),.PCURVE_S1.);
#4550 = CIRCLE('',#4551,3.);
#4551 = AXIS2_PLACEMENT_3D('',#4552,#4553,#4554);
#4552 = CARTESIAN_POINT('',(-37.5,14.5,12.));
#4553 = DIRECTION('',(1.,0.,0.));
#4554 = DIRECTION('',(-0.,0.,1.));
#4555 = PCURVE('',#4404,#4556);
#4556 = DEFINITIONAL_REPRESENTATION('',(#4557),#4561);
#4557 = CIRCLE('',#4558,3.);
#4558 = AXIS2_PLACEMENT_2D('',#4559,#4560);
#4559 = CARTESIAN_POINT('',(27.,-32.));
#4560 = DIRECTION('',(1.,0.));
#4561 = ( GEOMETRIC_REPRESENTATION_CONTEXT(2) 
PARAMETRIC_REPRESENTATION_CONTEXT() REPRESENTATION_CONTEXT('2D SPACE',''
  ) );
#4562 = PCURVE('',#4563,#4568);
#4563 = CYLINDRICAL_SURFACE('',#4564,3.);
#4564 = AXIS2_PLACEMENT_3D('',#4565,#4566,#4567);
#4565 = CARTESIAN_POINT('',(-37.5,14.5,12.));
#4566 = DIRECTION('',(1.,0.,0.));
#4567 = DIRECTION('',(-0.,1.,0.));
#4568 = DEFINITIONAL_REPRESENTATION('',(#4569),#4573);
#4569 = LINE('',#4570,#4571);
#4570 = CARTESIAN_POINT('',(-4.712388980385,0.));
#4571 = VECTOR('',#4572,1.);
#4572 = DIRECTION('',(1.,0.));
#4573 = ( GEOMETRIC_REPRESENTATION_CONTEXT(2) 
PARAMETRIC_REPRESENTATION_CONTEXT() REPRESENTATION_CONTEXT('2D SPACE',''
  ) );
#4574 = ORIENTED_EDGE('',*,*,#4575,.F.);
#4575 = EDGE_CURVE('',#4576,#4547,#4578,.T.);
#4576 = VERTEX_POINT('',#4577);
#4577 = CARTESIAN_POINT('',(-37.5,-14.5,15.));
#4578 = SURFACE_CURVE('',#4579,(#4583,#4590),.PCURVE_S1.);
#4579 = LINE('',#4580,#4581);
#4580 = CARTESIAN_POINT('',(-37.5,-17.5,15.));
#4581 = VECTOR('',#4582,1.);
#4582 = DIRECTION('',(0.,1.,0.));
#4583 = PCURVE('',#4404,#4584);
#4584 = DEFINITIONAL_REPRESENTATION('',(#4585),#4589);
#4585 = LINE('',#4586,#4587);
#4586 = CARTESIAN_POINT('',(30.,0.));
#4587 = VECTOR('',#4588,1.);
#4588 = DIRECTION('',(0.,-1.));
#4589 = ( GEOMETRIC_REPRESENTATION_CONTEXT(2) 
PARAMETRIC_REPRESENTATION_CONTEXT() REPRESENTATION_CONTEXT('2D SPACE',''
  ) );
#4590 = PCURVE('',#4591,#4596);
#4591 = PLANE('',#4592);
#4592 = AXIS2_PLACEMENT_3D('',#4593,#4594,#4595);
#4593 = CARTESIAN_POINT('',(-37.5,-17.5,15.));
#4594 = DIRECTION('',(0.,0.,1.));
#4595 = DIRECTION('',(1.,0.,0.));
#4596 = DEFINITIONAL_REPRESENTATION('',(#4597),#4601);
#4597 = LINE('',#4598,#4599);
#4598 = CARTESIAN_POINT('',(0.,0.));
#4599 = VECTOR('',#4600,1.);
#4600 = DIRECTION('',(0.,1.));
#4601 = ( GEOMETRIC_REPRESENTATION_CONTEXT(2) 
PARAMETRIC_REPRESENTATION_CONTEXT() REPRESENTATION_CONTEXT('2D SPACE',''
  ) );
#4602 = ORIENTED_EDGE('',*,*,#4603,.F.);
#4603 = EDGE_CURVE('',#4396,#4576,#4604,.T.);
#4604 = SURFACE_CURVE('',#4605,(#4610,#4621),.PCURVE_S1.);
#4605 = CIRCLE('',#4606,3.);
#4606 = AXIS2_PLACEMENT_3D('',#4607,#4608,#4609);
#4607 = CARTESIAN_POINT('',(-37.5,-14.5,12.));
#4608 = DIRECTION('',(-1.,0.,-0.));
#4609 = DIRECTION('',(-0.,0.,1.));
#4610 = PCURVE('',#4404,#4611);
#4611 = DEFINITIONAL_REPRESENTATION('',(#4612),#4620);
#4612 = ( BOUNDED_CURVE() B_SPLINE_CURVE(2,(#4613,#4614,#4615,#4616,
#4617,#4618,#4619),.UNSPECIFIED.,.T.,.F.) B_SPLINE_CURVE_WITH_KNOTS((1,2
    ,2,2,2,1),(-2.094395102393,0.,2.094395102393,4.188790204786,
6.28318530718,8.377580409573),.UNSPECIFIED.) CURVE() 
GEOMETRIC_REPRESENTATION_ITEM() RATIONAL_B_SPLINE_CURVE((1.,0.5,1.,0.5,
1.,0.5,1.)) REPRESENTATION_ITEM('') );
#4613 = CARTESIAN_POINT('',(30.,-3.));
#4614 = CARTESIAN_POINT('',(30.,-8.196152422707));
#4615 = CARTESIAN_POINT('',(25.5,-5.598076211353));
#4616 = CARTESIAN_POINT('',(21.,-3.));
#4617 = CARTESIAN_POINT('',(25.5,-0.401923788647));
#4618 = CARTESIAN_POINT('',(30.,2.196152422707));
#4619 = CARTESIAN_POINT('',(30.,-3.));
#4620 = ( GEOMETRIC_REPRESENTATION_CONTEXT(2) 
PARAMETRIC_REPRESENTATION_CONTEXT() REPRESENTATION_CONTEXT('2D SPACE',''
  ) );
#4621 = PCURVE('',#4622,#4627);
#4622 = CYLINDRICAL_SURFACE('',#4623,3.);
#4623 = AXIS2_PLACEMENT_3D('',#4624,#4625,#4626);
#4624 = CARTESIAN_POINT('',(-37.5,-14.5,12.));
#4625 = DIRECTION('',(1.,0.,0.));
#4626 = DIRECTION('',(0.,-1.,0.));
#4627 = DEFINITIONAL_REPRESENTATION('',(#4628),#4632);
#4628 = LINE('',#4629,#4630);
#4629 = CARTESIAN_POINT('',(4.712388980385,-0.));
#4630 = VECTOR('',#4631,1.);
#4631 = DIRECTION('',(-1.,0.));
#4632 = ( GEOMETRIC_REPRESENTATION_CONTEXT(2) 
PARAMETRIC_REPRESENTATION_CONTEXT() REPRESENTATION_CONTEXT('2D SPACE',''
  ) );
#4633 = ADVANCED_FACE('',(#4634),#4416,.F.);
#4634 = FACE_BOUND('',#4635,.F.);
#4635 = EDGE_LOOP('',(#4636,#4666,#4687,#4688));
#4636 = ORIENTED_EDGE('',*,*,#4637,.F.);
#4637 = EDGE_CURVE('',#4638,#4640,#4642,.T.);
#4638 = VERTEX_POINT('',#4639);
#4639 = CARTESIAN_POINT('',(37.5,-17.5,-12.));
#4640 = VERTEX_POINT('',#4641);
#4641 = CARTESIAN_POINT('',(37.5,-17.5,12.));
#4642 = SURFACE_CURVE('',#4643,(#4647,#4654),.PCURVE_S1.);
#4643 = LINE('',#4644,#4645);
#4644 = CARTESIAN_POINT('',(37.5,-17.5,-15.));
#4645 = VECTOR('',#4646,1.);
#4646 = DIRECTION('',(0.,0.,1.));
#4647 = PCURVE('',#4416,#4648);
#4648 = DEFINITIONAL_REPRESENTATION('',(#4649),#4653);
#4649 = LINE('',#4650,#4651);
#4650 = CARTESIAN_POINT('',(0.,75.));
#4651 = VECTOR('',#4652,1.);
#4652 = DIRECTION('',(1.,0.));
#4653 = ( GEOMETRIC_REPRESENTATION_CONTEXT(2) 
PARAMETRIC_REPRESENTATION_CONTEXT() REPRESENTATION_CONTEXT('2D SPACE',''
  ) );
#4654 = PCURVE('',#4655,#4660);
#4655 = PLANE('',#4656);
#4656 = AXIS2_PLACEMENT_3D('',#4657,#4658,#4659);
#4657 = CARTESIAN_POINT('',(37.5,-17.5,-15.));
#4658 = DIRECTION('',(1.,0.,0.));
#4659 = DIRECTION('',(0.,0.,1.));
#4660 = DEFINITIONAL_REPRESENTATION('',(#4661),#4665);
#4661 = LINE('',#4662,#4663);
#4662 = CARTESIAN_POINT('',(0.,0.));
#4663 = VECTOR('',#4664,1.);
#4664 = DIRECTION('',(1.,0.));
#4665 = ( GEOMETRIC_REPRESENTATION_CONTEXT(2) 
PARAMETRIC_REPRESENTATION_CONTEXT() REPRESENTATION_CONTEXT('2D SPACE',''
  ) );
#4666 = ORIENTED_EDGE('',*,*,#4667,.F.);
#4667 = EDGE_CURVE('',#4394,#4638,#4668,.T.);
#4668 = SURFACE_CURVE('',#4669,(#4673,#4680),.PCURVE_S1.);
#4669 = LINE('',#4670,#4671);
#4670 = CARTESIAN_POINT('',(-37.5,-17.5,-12.));
#4671 = VECTOR('',#4672,1.);
#4672 = DIRECTION('',(1.,0.,0.));
#4673 = PCURVE('',#4416,#4674);
#4674 = DEFINITIONAL_REPRESENTATION('',(#4675),#4679);
#4675 = LINE('',#4676,#4677);
#4676 = CARTESIAN_POINT('',(3.,0.));
#4677 = VECTOR('',#4678,1.);
#4678 = DIRECTION('',(0.,1.));
#4679 = ( GEOMETRIC_REPRESENTATION_CONTEXT(2) 
PARAMETRIC_REPRESENTATION_CONTEXT() REPRESENTATION_CONTEXT('2D SPACE',''
  ) );
#4680 = PCURVE('',#4445,#4681);
#4681 = DEFINITIONAL_REPRESENTATION('',(#4682),#4686);
#4682 = LINE('',#4683,#4684);
#4683 = CARTESIAN_POINT('',(0.,0.));
#4684 = VECTOR('',#4685,1.);
#4685 = DIRECTION('',(0.,1.));
#4686 = ( GEOMETRIC_REPRESENTATION_CONTEXT(2) 
PARAMETRIC_REPRESENTATION_CONTEXT() REPRESENTATION_CONTEXT('2D SPACE',''
  ) );
#4687 = ORIENTED_EDGE('',*,*,#4393,.T.);
#4688 = ORIENTED_EDGE('',*,*,#4689,.T.);
#4689 = EDGE_CURVE('',#4396,#4640,#4690,.T.);
#4690 = SURFACE_CURVE('',#4691,(#4695,#4702),.PCURVE_S1.);
#4691 = LINE('',#4692,#4693);
#4692 = CARTESIAN_POINT('',(-37.5,-17.5,12.));
#4693 = VECTOR('',#4694,1.);
#4694 = DIRECTION('',(1.,0.,0.));
#4695 = PCURVE('',#4416,#4696);
#4696 = DEFINITIONAL_REPRESENTATION('',(#4697),#4701);
#4697 = LINE('',#4698,#4699);
#4698 = CARTESIAN_POINT('',(27.,0.));
#4699 = VECTOR('',#4700,1.);
#4700 = DIRECTION('',(0.,1.));
#4701 = ( GEOMETRIC_REPRESENTATION_CONTEXT(2) 
PARAMETRIC_REPRESENTATION_CONTEXT() REPRESENTATION_CONTEXT('2D SPACE',''
  ) );
#4702 = PCURVE('',#4622,#4703);
#4703 = DEFINITIONAL_REPRESENTATION('',(#4704),#4708);
#4704 = LINE('',#4705,#4706);
#4705 = CARTESIAN_POINT('',(-0.,0.));
#4706 = VECTOR('',#4707,1.);
#4707 = DIRECTION('',(-0.,1.));
#4708 = ( GEOMETRIC_REPRESENTATION_CONTEXT(2) 
PARAMETRIC_REPRESENTATION_CONTEXT() REPRESENTATION_CONTEXT('2D SPACE',''
  ) );
#4709 = ADVANCED_FACE('',(#4710),#4445,.T.);
#4710 = FACE_BOUND('',#4711,.T.);
#4711 = EDGE_LOOP('',(#4712,#4713,#4736,#4758));
#4712 = ORIENTED_EDGE('',*,*,#4428,.T.);
#4713 = ORIENTED_EDGE('',*,*,#4714,.T.);
#4714 = EDGE_CURVE('',#4429,#4715,#4717,.T.);
#4715 = VERTEX_POINT('',#4716);
#4716 = CARTESIAN_POINT('',(37.5,-14.5,-15.));
#4717 = SURFACE_CURVE('',#4718,(#4722,#4729),.PCURVE_S1.);
#4718 = LINE('',#4719,#4720);
#4719 = CARTESIAN_POINT('',(-37.5,-14.5,-15.));
#4720 = VECTOR('',#4721,1.);
#4721 = DIRECTION('',(1.,0.,0.));
#4722 = PCURVE('',#4445,#4723);
#4723 = DEFINITIONAL_REPRESENTATION('',(#4724),#4728);
#4724 = LINE('',#4725,#4726);
#4725 = CARTESIAN_POINT('',(1.570796326795,0.));
#4726 = VECTOR('',#4727,1.);
#4727 = DIRECTION('',(0.,1.));
#4728 = ( GEOMETRIC_REPRESENTATION_CONTEXT(2) 
PARAMETRIC_REPRESENTATION_CONTEXT() REPRESENTATION_CONTEXT('2D SPACE',''
  ) );
#4729 = PCURVE('',#4473,#4730);
#4730 = DEFINITIONAL_REPRESENTATION('',(#4731),#4735);
#4731 = LINE('',#4732,#4733);
#4732 = CARTESIAN_POINT('',(0.,3.));
#4733 = VECTOR('',#4734,1.);
#4734 = DIRECTION('',(1.,0.));
#4735 = ( GEOMETRIC_REPRESENTATION_CONTEXT(2) 
PARAMETRIC_REPRESENTATION_CONTEXT() REPRESENTATION_CONTEXT('2D SPACE',''
  ) );
#4736 = ORIENTED_EDGE('',*,*,#4737,.F.);
#4737 = EDGE_CURVE('',#4638,#4715,#4738,.T.);
#4738 = SURFACE_CURVE('',#4739,(#4744,#4751),.PCURVE_S1.);
#4739 = CIRCLE('',#4740,3.);
#4740 = AXIS2_PLACEMENT_3D('',#4741,#4742,#4743);
#4741 = CARTESIAN_POINT('',(37.5,-14.5,-12.));
#4742 = DIRECTION('',(1.,0.,0.));
#4743 = DIRECTION('',(-0.,0.,1.));
#4744 = PCURVE('',#4445,#4745);
#4745 = DEFINITIONAL_REPRESENTATION('',(#4746),#4750);
#4746 = LINE('',#4747,#4748);
#4747 = CARTESIAN_POINT('',(-1.570796326795,75.));
#4748 = VECTOR('',#4749,1.);
#4749 = DIRECTION('',(1.,0.));
#4750 = ( GEOMETRIC_REPRESENTATION_CONTEXT(2) 
PARAMETRIC_REPRESENTATION_CONTEXT() REPRESENTATION_CONTEXT('2D SPACE',''
  ) );
#4751 = PCURVE('',#4655,#4752);
#4752 = DEFINITIONAL_REPRESENTATION('',(#4753),#4757);
#4753 = CIRCLE('',#4754,3.);
#4754 = AXIS2_PLACEMENT_2D('',#4755,#4756);
#4755 = CARTESIAN_POINT('',(3.,-3.));
#4756 = DIRECTION('',(1.,0.));
#4757 = ( GEOMETRIC_REPRESENTATION_CONTEXT(2) 
PARAMETRIC_REPRESENTATION_CONTEXT() REPRESENTATION_CONTEXT('2D SPACE',''
  ) );
#4758 = ORIENTED_EDGE('',*,*,#4667,.F.);
#4759 = ADVANCED_FACE('',(#4760),#4622,.T.);
#4760 = FACE_BOUND('',#4761,.F.);
#4761 = EDGE_LOOP('',(#4762,#4763,#4786,#4812));
#4762 = ORIENTED_EDGE('',*,*,#4603,.T.);
#4763 = ORIENTED_EDGE('',*,*,#4764,.T.);
#4764 = EDGE_CURVE('',#4576,#4765,#4767,.T.);
#4765 = VERTEX_POINT('',#4766);
#4766 = CARTESIAN_POINT('',(37.5,-14.5,15.));
#4767 = SURFACE_CURVE('',#4768,(#4772,#4779),.PCURVE_S1.);
#4768 = LINE('',#4769,#4770);
#4769 = CARTESIAN_POINT('',(-37.5,-14.5,15.));
#4770 = VECTOR('',#4771,1.);
#4771 = DIRECTION('',(1.,0.,0.));
#4772 = PCURVE('',#4622,#4773);
#4773 = DEFINITIONAL_REPRESENTATION('',(#4774),#4778);
#4774 = LINE('',#4775,#4776);
#4775 = CARTESIAN_POINT('',(-1.570796326795,0.));
#4776 = VECTOR('',#4777,1.);
#4777 = DIRECTION('',(-0.,1.));
#4778 = ( GEOMETRIC_REPRESENTATION_CONTEXT(2) 
PARAMETRIC_REPRESENTATION_CONTEXT() REPRESENTATION_CONTEXT('2D SPACE',''
  ) );
#4779 = PCURVE('',#4591,#4780);
#4780 = DEFINITIONAL_REPRESENTATION('',(#4781),#4785);
#4781 = LINE('',#4782,#4783);
#4782 = CARTESIAN_POINT('',(0.,3.));
#4783 = VECTOR('',#4784,1.);
#4784 = DIRECTION('',(1.,0.));
#4785 = ( GEOMETRIC_REPRESENTATION_CONTEXT(2) 
PARAMETRIC_REPRESENTATION_CONTEXT() REPRESENTATION_CONTEXT('2D SPACE',''
  ) );
#4786 = ORIENTED_EDGE('',*,*,#4787,.F.);
#4787 = EDGE_CURVE('',#4640,#4765,#4788,.T.);
#4788 = SURFACE_CURVE('',#4789,(#4794,#4801),.PCURVE_S1.);
#4789 = CIRCLE('',#4790,3.);
#4790 = AXIS2_PLACEMENT_3D('',#4791,#4792,#4793);
#4791 = CARTESIAN_POINT('',(37.5,-14.5,12.));
#4792 = DIRECTION('',(-1.,0.,-0.));
#4793 = DIRECTION('',(-0.,0.,1.));
#4794 = PCURVE('',#4622,#4795);
#4795 = DEFINITIONAL_REPRESENTATION('',(#4796),#4800);
#4796 = LINE('',#4797,#4798);
#4797 = CARTESIAN_POINT('',(4.712388980385,75.));
#4798 = VECTOR('',#4799,1.);
#4799 = DIRECTION('',(-1.,0.));
#4800 = ( GEOMETRIC_REPRESENTATION_CONTEXT(2) 
PARAMETRIC_REPRESENTATION_CONTEXT() REPRESENTATION_CONTEXT('2D SPACE',''
  ) );
#4801 = PCURVE('',#4655,#4802);
#4802 = DEFINITIONAL_REPRESENTATION('',(#4803),#4811);
#4803 = ( BOUNDED_CURVE() B_SPLINE_CURVE(2,(#4804,#4805,#4806,#4807,
#4808,#4809,#4810),.UNSPECIFIED.,.T.,.F.) B_SPLINE_CURVE_WITH_KNOTS((1,2
    ,2,2,2,1),(-2.094395102393,0.,2.094395102393,4.188790204786,
6.28318530718,8.377580409573),.UNSPECIFIED.) CURVE() 
GEOMETRIC_REPRESENTATION_ITEM() RATIONAL_B_SPLINE_CURVE((1.,0.5,1.,0.5,
1.,0.5,1.)) REPRESENTATION_ITEM('') );
#4804 = CARTESIAN_POINT('',(30.,-3.));
#4805 = CARTESIAN_POINT('',(30.,-8.196152422707));
#4806 = CARTESIAN_POINT('',(25.5,-5.598076211353));
#4807 = CARTESIAN_POINT('',(21.,-3.));
#4808 = CARTESIAN_POINT('',(25.5,-0.401923788647));
#4809 = CARTESIAN_POINT('',(30.,2.196152422707));
#4810 = CARTESIAN_POINT('',(30.,-3.));
#4811 = ( GEOMETRIC_REPRESENTATION_CONTEXT(2) 
PARAMETRIC_REPRESENTATION_CONTEXT() REPRESENTATION_CONTEXT('2D SPACE',''
  ) );
#4812 = ORIENTED_EDGE('',*,*,#4689,.F.);
#4813 = ADVANCED_FACE('',(#4814),#4473,.F.);
#4814 = FACE_BOUND('',#4815,.F.);
#4815 = EDGE_LOOP('',(#4816,#4817,#4818,#4841));
#4816 = ORIENTED_EDGE('',*,*,#4457,.F.);
#4817 = ORIENTED_EDGE('',*,*,#4714,.T.);
#4818 = ORIENTED_EDGE('',*,*,#4819,.T.);
#4819 = EDGE_CURVE('',#4715,#4820,#4822,.T.);
#4820 = VERTEX_POINT('',#4821);
#4821 = CARTESIAN_POINT('',(37.5,14.5,-15.));
#4822 = SURFACE_CURVE('',#4823,(#4827,#4834),.PCURVE_S1.);
#4823 = LINE('',#4824,#4825);
#4824 = CARTESIAN_POINT('',(37.5,-17.5,-15.));
#4825 = VECTOR('',#4826,1.);
#4826 = DIRECTION('',(0.,1.,0.));
#4827 = PCURVE('',#4473,#4828);
#4828 = DEFINITIONAL_REPRESENTATION('',(#4829),#4833);
#4829 = LINE('',#4830,#4831);
#4830 = CARTESIAN_POINT('',(75.,0.));
#4831 = VECTOR('',#4832,1.);
#4832 = DIRECTION('',(0.,1.));
#4833 = ( GEOMETRIC_REPRESENTATION_CONTEXT(2) 
PARAMETRIC_REPRESENTATION_CONTEXT() REPRESENTATION_CONTEXT('2D SPACE',''
  ) );
#4834 = PCURVE('',#4655,#4835);
#4835 = DEFINITIONAL_REPRESENTATION('',(#4836),#4840);
#4836 = LINE('',#4837,#4838);
#4837 = CARTESIAN_POINT('',(0.,0.));
#4838 = VECTOR('',#4839,1.);
#4839 = DIRECTION('',(0.,-1.));
#4840 = ( GEOMETRIC_REPRESENTATION_CONTEXT(2) 
PARAMETRIC_REPRESENTATION_CONTEXT() REPRESENTATION_CONTEXT('2D SPACE',''
  ) );
#4841 = ORIENTED_EDGE('',*,*,#4842,.F.);
#4842 = EDGE_CURVE('',#4458,#4820,#4843,.T.);
#4843 = SURFACE_CURVE('',#4844,(#4848,#4855),.PCURVE_S1.);
#4844 = LINE('',#4845,#4846);
#4845 = CARTESIAN_POINT('',(-37.5,14.5,-15.));
#4846 = VECTOR('',#4847,1.);
#4847 = DIRECTION('',(1.,0.,0.));
#4848 = PCURVE('',#4473,#4849);
#4849 = DEFINITIONAL_REPRESENTATION('',(#4850),#4854);
#4850 = LINE('',#4851,#4852);
#4851 = CARTESIAN_POINT('',(0.,32.));
#4852 = VECTOR('',#4853,1.);
#4853 = DIRECTION('',(1.,0.));
#4854 = ( GEOMETRIC_REPRESENTATION_CONTEXT(2) 
PARAMETRIC_REPRESENTATION_CONTEXT() REPRESENTATION_CONTEXT('2D SPACE',''
  ) );
#4855 = PCURVE('',#4506,#4856);
#4856 = DEFINITIONAL_REPRESENTATION('',(#4857),#4861);
#4857 = LINE('',#4858,#4859);
#4858 = CARTESIAN_POINT('',(-1.570796326795,0.));
#4859 = VECTOR('',#4860,1.);
#4860 = DIRECTION('',(-0.,1.));
#4861 = ( GEOMETRIC_REPRESENTATION_CONTEXT(2) 
PARAMETRIC_REPRESENTATION_CONTEXT() REPRESENTATION_CONTEXT('2D SPACE',''
  ) );
#4862 = ADVANCED_FACE('',(#4863),#4591,.T.);
#4863 = FACE_BOUND('',#4864,.T.);
#4864 = EDGE_LOOP('',(#4865,#4866,#4867,#4890));
#4865 = ORIENTED_EDGE('',*,*,#4575,.F.);
#4866 = ORIENTED_EDGE('',*,*,#4764,.T.);
#4867 = ORIENTED_EDGE('',*,*,#4868,.T.);
#4868 = EDGE_CURVE('',#4765,#4869,#4871,.T.);
#4869 = VERTEX_POINT('',#4870);
#4870 = CARTESIAN_POINT('',(37.5,14.5,15.));
#4871 = SURFACE_CURVE('',#4872,(#4876,#4883),.PCURVE_S1.);
#4872 = LINE('',#4873,#4874);
#4873 = CARTESIAN_POINT('',(37.5,-17.5,15.));
#4874 = VECTOR('',#4875,1.);
#4875 = DIRECTION('',(0.,1.,0.));
#4876 = PCURVE('',#4591,#4877);
#4877 = DEFINITIONAL_REPRESENTATION('',(#4878),#4882);
#4878 = LINE('',#4879,#4880);
#4879 = CARTESIAN_POINT('',(75.,0.));
#4880 = VECTOR('',#4881,1.);
#4881 = DIRECTION('',(0.,1.));
#4882 = ( GEOMETRIC_REPRESENTATION_CONTEXT(2) 
PARAMETRIC_REPRESENTATION_CONTEXT() REPRESENTATION_CONTEXT('2D SPACE',''
  ) );
#4883 = PCURVE('',#4655,#4884);
#4884 = DEFINITIONAL_REPRESENTATION('',(#4885),#4889);
#4885 = LINE('',#4886,#4887);
#4886 = CARTESIAN_POINT('',(30.,0.));
#4887 = VECTOR('',#4888,1.);
#4888 = DIRECTION('',(0.,-1.));
#4889 = ( GEOMETRIC_REPRESENTATION_CONTEXT(2) 
PARAMETRIC_REPRESENTATION_CONTEXT() REPRESENTATION_CONTEXT('2D SPACE',''
  ) );
#4890 = ORIENTED_EDGE('',*,*,#4891,.F.);
#4891 = EDGE_CURVE('',#4547,#4869,#4892,.T.);
#4892 = SURFACE_CURVE('',#4893,(#4897,#4904),.PCURVE_S1.);
#4893 = LINE('',#4894,#4895);
#4894 = CARTESIAN_POINT('',(-37.5,14.5,15.));
#4895 = VECTOR('',#4896,1.);
#4896 = DIRECTION('',(1.,0.,0.));
#4897 = PCURVE('',#4591,#4898);
#4898 = DEFINITIONAL_REPRESENTATION('',(#4899),#4903);
#4899 = LINE('',#4900,#4901);
#4900 = CARTESIAN_POINT('',(0.,32.));
#4901 = VECTOR('',#4902,1.);
#4902 = DIRECTION('',(1.,0.));
#4903 = ( GEOMETRIC_REPRESENTATION_CONTEXT(2) 
PARAMETRIC_REPRESENTATION_CONTEXT() REPRESENTATION_CONTEXT('2D SPACE',''
  ) );
#4904 = PCURVE('',#4563,#4905);
#4905 = DEFINITIONAL_REPRESENTATION('',(#4906),#4910);
#4906 = LINE('',#4907,#4908);
#4907 = CARTESIAN_POINT('',(1.570796326795,0.));
#4908 = VECTOR('',#4909,1.);
#4909 = DIRECTION('',(0.,1.));
#4910 = ( GEOMETRIC_REPRESENTATION_CONTEXT(2) 
PARAMETRIC_REPRESENTATION_CONTEXT() REPRESENTATION_CONTEXT('2D SPACE',''
  ) );
#4911 = ADVANCED_FACE('',(#4912),#4506,.T.);
#4912 = FACE_BOUND('',#4913,.F.);
#4913 = EDGE_LOOP('',(#4914,#4915,#4916,#4944));
#4914 = ORIENTED_EDGE('',*,*,#4485,.T.);
#4915 = ORIENTED_EDGE('',*,*,#4842,.T.);
#4916 = ORIENTED_EDGE('',*,*,#4917,.F.);
#4917 = EDGE_CURVE('',#4918,#4820,#4920,.T.);
#4918 = VERTEX_POINT('',#4919);
#4919 = CARTESIAN_POINT('',(37.5,17.5,-12.));
#4920 = SURFACE_CURVE('',#4921,(#4926,#4933),.PCURVE_S1.);
#4921 = CIRCLE('',#4922,3.);
#4922 = AXIS2_PLACEMENT_3D('',#4923,#4924,#4925);
#4923 = CARTESIAN_POINT('',(37.5,14.5,-12.));
#4924 = DIRECTION('',(-1.,0.,-0.));
#4925 = DIRECTION('',(-0.,0.,1.));
#4926 = PCURVE('',#4506,#4927);
#4927 = DEFINITIONAL_REPRESENTATION('',(#4928),#4932);
#4928 = LINE('',#4929,#4930);
#4929 = CARTESIAN_POINT('',(1.570796326795,75.));
#4930 = VECTOR('',#4931,1.);
#4931 = DIRECTION('',(-1.,0.));
#4932 = ( GEOMETRIC_REPRESENTATION_CONTEXT(2) 
PARAMETRIC_REPRESENTATION_CONTEXT() REPRESENTATION_CONTEXT('2D SPACE',''
  ) );
#4933 = PCURVE('',#4655,#4934);
#4934 = DEFINITIONAL_REPRESENTATION('',(#4935),#4943);
#4935 = ( BOUNDED_CURVE() B_SPLINE_CURVE(2,(#4936,#4937,#4938,#4939,
#4940,#4941,#4942),.UNSPECIFIED.,.T.,.F.) B_SPLINE_CURVE_WITH_KNOTS((1,2
    ,2,2,2,1),(-2.094395102393,0.,2.094395102393,4.188790204786,
6.28318530718,8.377580409573),.UNSPECIFIED.) CURVE() 
GEOMETRIC_REPRESENTATION_ITEM() RATIONAL_B_SPLINE_CURVE((1.,0.5,1.,0.5,
1.,0.5,1.)) REPRESENTATION_ITEM('') );
#4936 = CARTESIAN_POINT('',(6.,-32.));
#4937 = CARTESIAN_POINT('',(6.,-37.1961524227));
#4938 = CARTESIAN_POINT('',(1.5,-34.59807621135));
#4939 = CARTESIAN_POINT('',(-3.,-32.));
#4940 = CARTESIAN_POINT('',(1.5,-29.40192378864));
#4941 = CARTESIAN_POINT('',(6.,-26.80384757729));
#4942 = CARTESIAN_POINT('',(6.,-32.));
#4943 = ( GEOMETRIC_REPRESENTATION_CONTEXT(2) 
PARAMETRIC_REPRESENTATION_CONTEXT() REPRESENTATION_CONTEXT('2D SPACE',''
  ) );
#4944 = ORIENTED_EDGE('',*,*,#4945,.F.);
#4945 = EDGE_CURVE('',#4486,#4918,#4946,.T.);
#4946 = SURFACE_CURVE('',#4947,(#4951,#4958),.PCURVE_S1.);
#4947 = LINE('',#4948,#4949);
#4948 = CARTESIAN_POINT('',(-37.5,17.5,-12.));
#4949 = VECTOR('',#4950,1.);
#4950 = DIRECTION('',(1.,0.,0.));
#4951 = PCURVE('',#4506,#4952);
#4952 = DEFINITIONAL_REPRESENTATION('',(#4953),#4957);
#4953 = LINE('',#4954,#4955);
#4954 = CARTESIAN_POINT('',(-0.,0.));
#4955 = VECTOR('',#4956,1.);
#4956 = DIRECTION('',(-0.,1.));
#4957 = ( GEOMETRIC_REPRESENTATION_CONTEXT(2) 
PARAMETRIC_REPRESENTATION_CONTEXT() REPRESENTATION_CONTEXT('2D SPACE',''
  ) );
#4958 = PCURVE('',#4534,#4959);
#4959 = DEFINITIONAL_REPRESENTATION('',(#4960),#4964);
#4960 = LINE('',#4961,#4962);
#4961 = CARTESIAN_POINT('',(3.,0.));
#4962 = VECTOR('',#4963,1.);
#4963 = DIRECTION('',(0.,1.));
#4964 = ( GEOMETRIC_REPRESENTATION_CONTEXT(2) 
PARAMETRIC_REPRESENTATION_CONTEXT() REPRESENTATION_CONTEXT('2D SPACE',''
  ) );
#4965 = ADVANCED_FACE('',(#4966),#4563,.T.);
#4966 = FACE_BOUND('',#4967,.T.);
#4967 = EDGE_LOOP('',(#4968,#4969,#4970,#4994));
#4968 = ORIENTED_EDGE('',*,*,#4546,.T.);
#4969 = ORIENTED_EDGE('',*,*,#4891,.T.);
#4970 = ORIENTED_EDGE('',*,*,#4971,.F.);
#4971 = EDGE_CURVE('',#4972,#4869,#4974,.T.);
#4972 = VERTEX_POINT('',#4973);
#4973 = CARTESIAN_POINT('',(37.5,17.5,12.));
#4974 = SURFACE_CURVE('',#4975,(#4980,#4987),.PCURVE_S1.);
#4975 = CIRCLE('',#4976,3.);
#4976 = AXIS2_PLACEMENT_3D('',#4977,#4978,#4979);
#4977 = CARTESIAN_POINT('',(37.5,14.5,12.));
#4978 = DIRECTION('',(1.,0.,0.));
#4979 = DIRECTION('',(-0.,0.,1.));
#4980 = PCURVE('',#4563,#4981);
#4981 = DEFINITIONAL_REPRESENTATION('',(#4982),#4986);
#4982 = LINE('',#4983,#4984);
#4983 = CARTESIAN_POINT('',(-4.712388980385,75.));
#4984 = VECTOR('',#4985,1.);
#4985 = DIRECTION('',(1.,0.));
#4986 = ( GEOMETRIC_REPRESENTATION_CONTEXT(2) 
PARAMETRIC_REPRESENTATION_CONTEXT() REPRESENTATION_CONTEXT('2D SPACE',''
  ) );
#4987 = PCURVE('',#4655,#4988);
#4988 = DEFINITIONAL_REPRESENTATION('',(#4989),#4993);
#4989 = CIRCLE('',#4990,3.);
#4990 = AXIS2_PLACEMENT_2D('',#4991,#4992);
#4991 = CARTESIAN_POINT('',(27.,-32.));
#4992 = DIRECTION('',(1.,0.));
#4993 = ( GEOMETRIC_REPRESENTATION_CONTEXT(2) 
PARAMETRIC_REPRESENTATION_CONTEXT() REPRESENTATION_CONTEXT('2D SPACE',''
  ) );
#4994 = ORIENTED_EDGE('',*,*,#4995,.F.);
#4995 = EDGE_CURVE('',#4519,#4972,#4996,.T.);
#4996 = SURFACE_CURVE('',#4997,(#5001,#5008),.PCURVE_S1.);
#4997 = LINE('',#4998,#4999);
#4998 = CARTESIAN_POINT('',(-37.5,17.5,12.));
#4999 = VECTOR('',#5000,1.);
#5000 = DIRECTION('',(1.,0.,0.));
#5001 = PCURVE('',#4563,#5002);
#5002 = DEFINITIONAL_REPRESENTATION('',(#5003),#5007);
#5003 = LINE('',#5004,#5005);
#5004 = CARTESIAN_POINT('',(0.,0.));
#5005 = VECTOR('',#5006,1.);
#5006 = DIRECTION('',(0.,1.));
#5007 = ( GEOMETRIC_REPRESENTATION_CONTEXT(2) 
PARAMETRIC_REPRESENTATION_CONTEXT() REPRESENTATION_CONTEXT('2D SPACE',''
  ) );
#5008 = PCURVE('',#4534,#5009);
#5009 = DEFINITIONAL_REPRESENTATION('',(#5010),#5014);
#5010 = LINE('',#5011,#5012);
#5011 = CARTESIAN_POINT('',(27.,0.));
#5012 = VECTOR('',#5013,1.);
#5013 = DIRECTION('',(0.,1.));
#5014 = ( GEOMETRIC_REPRESENTATION_CONTEXT(2) 
PARAMETRIC_REPRESENTATION_CONTEXT() REPRESENTATION_CONTEXT('2D SPACE',''
  ) );
#5015 = ADVANCED_FACE('',(#5016),#4534,.T.);
#5016 = FACE_BOUND('',#5017,.T.);
#5017 = EDGE_LOOP('',(#5018,#5039,#5040,#5041));
#5018 = ORIENTED_EDGE('',*,*,#5019,.F.);
#5019 = EDGE_CURVE('',#4918,#4972,#5020,.T.);
#5020 = SURFACE_CURVE('',#5021,(#5025,#5032),.PCURVE_S1.);
#5021 = LINE('',#5022,#5023);
#5022 = CARTESIAN_POINT('',(37.5,17.5,-15.));
#5023 = VECTOR('',#5024,1.);
#5024 = DIRECTION('',(0.,0.,1.));
#5025 = PCURVE('',#4534,#5026);
#5026 = DEFINITIONAL_REPRESENTATION('',(#5027),#5031);
#5027 = LINE('',#5028,#5029);
#5028 = CARTESIAN_POINT('',(0.,75.));
#5029 = VECTOR('',#5030,1.);
#5030 = DIRECTION('',(1.,0.));
#5031 = ( GEOMETRIC_REPRESENTATION_CONTEXT(2) 
PARAMETRIC_REPRESENTATION_CONTEXT() REPRESENTATION_CONTEXT('2D SPACE',''
  ) );
#5032 = PCURVE('',#4655,#5033);
#5033 = DEFINITIONAL_REPRESENTATION('',(#5034),#5038);
#5034 = LINE('',#5035,#5036);
#5035 = CARTESIAN_POINT('',(0.,-35.));
#5036 = VECTOR('',#5037,1.);
#5037 = DIRECTION('',(1.,0.));
#5038 = ( GEOMETRIC_REPRESENTATION_CONTEXT(2) 
PARAMETRIC_REPRESENTATION_CONTEXT() REPRESENTATION_CONTEXT('2D SPACE',''
  ) );
#5039 = ORIENTED_EDGE('',*,*,#4945,.F.);
#5040 = ORIENTED_EDGE('',*,*,#4518,.T.);
#5041 = ORIENTED_EDGE('',*,*,#4995,.T.);
#5042 = ADVANCED_FACE('',(#5043),#4655,.T.);
#5043 = FACE_BOUND('',#5044,.T.);
#5044 = EDGE_LOOP('',(#5045,#5046,#5047,#5048,#5049,#5050,#5051,#5052));
#5045 = ORIENTED_EDGE('',*,*,#4637,.F.);
#5046 = ORIENTED_EDGE('',*,*,#4737,.T.);
#5047 = ORIENTED_EDGE('',*,*,#4819,.T.);
#5048 = ORIENTED_EDGE('',*,*,#4917,.F.);
#5049 = ORIENTED_EDGE('',*,*,#5019,.T.);
#5050 = ORIENTED_EDGE('',*,*,#4971,.T.);
#5051 = ORIENTED_EDGE('',*,*,#4868,.F.);
#5052 = ORIENTED_EDGE('',*,*,#4787,.F.);
#5053 = ( GEOMETRIC_REPRESENTATION_CONTEXT(3) 
GLOBAL_UNCERTAINTY_ASSIGNED_CONTEXT((#5057)) 
GLOBAL_UNIT_ASSIGNED_CONTEXT((#5054,#5055,#5056)) REPRESENTATION_CONTEXT
('Context #1','3D Context with UNIT and UNCERTAINTY') );
#5054 = ( LENGTH_UNIT() NAMED_UNIT(*) SI_UNIT(.MILLI.,.METRE.) );
#5055 = ( NAMED_UNIT(*) PLANE_ANGLE_UNIT() SI_UNIT($,.RADIAN.) );
#5056 = ( NAMED_UNIT(*) SI_UNIT($,.STERADIAN.) SOLID_ANGLE_UNIT() );
#5057 = UNCERTAINTY_MEASURE_WITH_UNIT(LENGTH_MEASURE(1.E-07),#5054,
  'distance_accuracy_value','confusion accuracy');
#5058 = CONTEXT_DEPENDENT_SHAPE_REPRESENTATION(#5059,#5061);
#5059 = ( REPRESENTATION_RELATIONSHIP('','',#4386,#10) 
REPRESENTATION_RELATIONSHIP_WITH_TRANSFORMATION(#5060) 
SHAPE_REPRESENTATION_RELATIONSHIP() );
#5060 = ITEM_DEFINED_TRANSFORMATION('','',#11,#135);
#5061 = PRODUCT_DEFINITION_SHAPE('Placement','Placement of an item',
  #5062);
#5062 = NEXT_ASSEMBLY_USAGE_OCCURRENCE('66','Battery','',#5,#4381,$);
#5063 = PRODUCT_RELATED_PRODUCT_CATEGORY('part',$,(#4383));
#5064 = MECHANICAL_DESIGN_GEOMETRIC_PRESENTATION_REPRESENTATION('',(
    #5065),#5053);
#5065 = STYLED_ITEM('color',(#5066),#4387);
#5066 = PRESENTATION_STYLE_ASSIGNMENT((#5067));
#5067 = SURFACE_STYLE_USAGE(.BOTH.,#5068);
#5068 = SURFACE_SIDE_STYLE('',(#5069));
#5069 = SURFACE_STYLE_FILL_AREA(#5070);
#5070 = FILL_AREA_STYLE('',(#5071));
#5071 = FILL_AREA_STYLE_COLOUR('',#5072);
#5072 = COLOUR_RGB('',0.125490196231,0.313725504135,0.752941240391);
#5073 = MECHANICAL_DESIGN_GEOMETRIC_PRESENTATION_REPRESENTATION('',(
    #5074),#4368);
#5074 = STYLED_ITEM('color',(#5075),#4038);
#5075 = PRESENTATION_STYLE_ASSIGNMENT((#5076));
#5076 = SURFACE_STYLE_USAGE(.BOTH.,#5077);
#5077 = SURFACE_SIDE_STYLE('',(#5078));
#5078 = SURFACE_STYLE_FILL_AREA(#5079);
#5079 = FILL_AREA_STYLE('',(#5080));
#5080 = FILL_AREA_STYLE_COLOUR('',#5081);
#5081 = COLOUR_RGB('',0.941176516752,0.941176516752,0.941176516752);
#5082 = MECHANICAL_DESIGN_GEOMETRIC_PRESENTATION_REPRESENTATION('',(
    #5083),#3665);
#5083 = STYLED_ITEM('color',(#5084),#3335);
#5084 = PRESENTATION_STYLE_ASSIGNMENT((#5085));
#5085 = SURFACE_STYLE_USAGE(.BOTH.,#5086);
#5086 = SURFACE_SIDE_STYLE('',(#5087));
#5087 = SURFACE_STYLE_FILL_AREA(#5088);
#5088 = FILL_AREA_STYLE('',(#5089));
#5089 = FILL_AREA_STYLE_COLOUR('',#5090);
#5090 = COLOUR_RGB('',6.666666728316E-02,6.666666728316E-02,
  6.666666728316E-02);
#5091 = MECHANICAL_DESIGN_GEOMETRIC_PRESENTATION_REPRESENTATION('',(
    #5092),#924);
#5092 = STYLED_ITEM('color',(#5093),#594);
#5093 = PRESENTATION_STYLE_ASSIGNMENT((#5094));
#5094 = SURFACE_STYLE_USAGE(.BOTH.,#5095);
#5095 = SURFACE_SIDE_STYLE('',(#5096));
#5096 = SURFACE_STYLE_FILL_AREA(#5097);
#5097 = FILL_AREA_STYLE('',(#5098));
#5098 = FILL_AREA_STYLE_COLOUR('',#5099);
#5099 = COLOUR_RGB('',0.199999986726,0.199999986726,0.199999986726);
#5100 = MECHANICAL_DESIGN_GEOMETRIC_PRESENTATION_REPRESENTATION('',(
    #5101),#2584);
#5101 = STYLED_ITEM('color',(#5102),#2006);
#5102 = PRESENTATION_STYLE_ASSIGNMENT((#5103));
#5103 = SURFACE_STYLE_USAGE(.BOTH.,#5104);
#5104 = SURFACE_SIDE_STYLE('',(#5105));
#5105 = SURFACE_STYLE_FILL_AREA(#5106);
#5106 = FILL_AREA_STYLE('',(#5107));
#5107 = FILL_AREA_STYLE_COLOUR('',#5108);
#5108 = COLOUR_RGB('',0.752941240391,0.627451059808,0.);
#5109 = MECHANICAL_DESIGN_GEOMETRIC_PRESENTATION_REPRESENTATION('',(
    #5110),#1957);
#5110 = STYLED_ITEM('color',(#5111),#1407);
#5111 = PRESENTATION_STYLE_ASSIGNMENT((#5112));
#5112 = SURFACE_STYLE_USAGE(.BOTH.,#5113);
#5113 = SURFACE_SIDE_STYLE('',(#5114));
#5114 = SURFACE_STYLE_FILL_AREA(#5115);
#5115 = FILL_AREA_STYLE('',(#5116));
#5116 = FILL_AREA_STYLE_COLOUR('',#5117);
#5117 = COLOUR_RGB('',1.,0.478431346766,0.);
#5118 = MECHANICAL_DESIGN_GEOMETRIC_PRESENTATION_REPRESENTATION('',(
    #5119),#1388);
#5119 = STYLED_ITEM('color',(#5120),#1200);
#5120 = PRESENTATION_STYLE_ASSIGNMENT((#5121));
#5121 = SURFACE_STYLE_USAGE(.BOTH.,#5122);
#5122 = SURFACE_SIDE_STYLE('',(#5123));
#5123 = SURFACE_STYLE_FILL_AREA(#5124);
#5124 = FILL_AREA_STYLE('',(#5125));
#5125 = FILL_AREA_STYLE_COLOUR('',#5126);
#5126 = COLOUR_RGB('',0.690196128251,0.690196128251,0.690196128251);
#5127 = MECHANICAL_DESIGN_GEOMETRIC_PRESENTATION_REPRESENTATION('',(
    #5128),#575);
#5128 = STYLED_ITEM('color',(#5129),#153);
#5129 = PRESENTATION_STYLE_ASSIGNMENT((#5130));
#5130 = SURFACE_STYLE_USAGE(.BOTH.,#5131);
#5131 = SURFACE_SIDE_STYLE('',(#5132));
#5132 = SURFACE_STYLE_FILL_AREA(#5133);
#5133 = FILL_AREA_STYLE('',(#5134));
#5134 = FILL_AREA_STYLE_COLOUR('',#5135);
#5135 = COLOUR_RGB('',0.13333332778,0.13333332778,0.13333332778);
#5136 = MECHANICAL_DESIGN_GEOMETRIC_PRESENTATION_REPRESENTATION('',(
    #5137),#3316);
#5137 = STYLED_ITEM('color',(#5138),#2618);
#5138 = PRESENTATION_STYLE_ASSIGNMENT((#5139));
#5139 = SURFACE_STYLE_USAGE(.BOTH.,#5140);
#5140 = SURFACE_SIDE_STYLE('',(#5141));
#5141 = SURFACE_STYLE_FILL_AREA(#5142);
#5142 = FILL_AREA_STYLE('',(#5143));
#5143 = FILL_AREA_STYLE_COLOUR('',#5144);
#5144 = COLOUR_RGB('',0.11764704939,0.482352923845,0.235294113866);
#5145 = MECHANICAL_DESIGN_GEOMETRIC_PRESENTATION_REPRESENTATION('',(
    #5146),#1146);
#5146 = STYLED_ITEM('color',(#5147),#958);
#5147 = PRESENTATION_STYLE_ASSIGNMENT((#5148));
#5148 = SURFACE_STYLE_USAGE(.BOTH.,#5149);
#5149 = SURFACE_SIDE_STYLE('',(#5150));
#5150 = SURFACE_STYLE_FILL_AREA(#5151);
#5151 = FILL_AREA_STYLE('',(#5152));
#5152 = FILL_AREA_STYLE_COLOUR('',#5153);
#5153 = COLOUR_RGB('',0.533333402315,0.533333402315,0.533333402315);
#5154 = MECHANICAL_DESIGN_GEOMETRIC_PRESENTATION_REPRESENTATION('',(
    #5155),#4014);
#5155 = STYLED_ITEM('color',(#5156),#3684);
#5156 = PRESENTATION_STYLE_ASSIGNMENT((#5157));
#5157 = SURFACE_STYLE_USAGE(.BOTH.,#5158);
#5158 = SURFACE_SIDE_STYLE('',(#5159));
#5159 = SURFACE_STYLE_FILL_AREA(#5160);
#5160 = FILL_AREA_STYLE('',(#5161));
#5161 = FILL_AREA_STYLE_COLOUR('',#5090);
ENDSEC;
END-ISO-10303-21;
