ISO-10303-21;
HEADER;
FILE_DESCRIPTION(('Open CASCADE Model'),'2;1');
FILE_NAME('Open CASCADE Shape Model','2026-10-02T09:46:02',('Author'),(
    'Open CASCADE'),'Open CASCADE STEP processor 7.9','Open CASCADE 7.9'
  ,'Unknown');
FILE_SCHEMA(('AUTOMOTIVE_DESIGN { 1 0 10303 214 1 1 1 1 }'));
ENDSEC;
DATA;
#1 = APPLICATION_PROTOCOL_DEFINITION('international standard',
  'automotive_design',2000,#2);
#2 = APPLICATION_CONTEXT(
  'core data for automotive mechanical design processes');
#3 = SHAPE_DEFINITION_REPRESENTATION(#4,#10);
#4 = PRODUCT_DEFINITION_SHAPE('','',#5);
#5 = PRODUCT_DEFINITION('design','',#6,#9);
#6 = PRODUCT_DEFINITION_FORMATION('','',#7);
#7 = PRODUCT('Drone','Drone','',(#8));
#8 = PRODUCT_CONTEXT('',#2,'mechanical');
#9 = PRODUCT_DEFINITION_CONTEXT('part definition',#2,'design');
#10 = SHAPE_REPRESENTATION('',(#11,#15,#19,#23,#27),#31);
#11 = AXIS2_PLACEMENT_3D('',#12,#13,#14);
#12 = CARTESIAN_POINT('',(0.,0.,0.));
#13 = DIRECTION('',(0.,0.,1.));
#14 = DIRECTION('',(1.,0.,-0.));
#15 = AXIS2_PLACEMENT_3D('',#16,#17,#18);
#16 = CARTESIAN_POINT('',(0.,0.,0.));
#17 = DIRECTION('',(0.,0.,1.));
#18 = DIRECTION('',(1.,0.,0.));
#19 = AXIS2_PLACEMENT_3D('',#20,#21,#22);
#20 = CARTESIAN_POINT('',(0.,0.,0.));
#21 = DIRECTION('',(0.,0.,1.));
#22 = DIRECTION('',(1.,0.,0.));
#23 = AXIS2_PLACEMENT_3D('',#24,#25,#26);
#24 = CARTESIAN_POINT('',(0.,0.,1.5));
#25 = DIRECTION('',(0.,0.,1.));
#26 = DIRECTION('',(1.,0.,0.));
#27 = AXIS2_PLACEMENT_3D('',#28,#29,#30);
#28 = CARTESIAN_POINT('',(0.,0.,-16.5));
#29 = DIRECTION('',(0.,0.,1.));
#30 = DIRECTION('',(1.,0.,0.));
#31 = ( GEOMETRIC_REPRESENTATION_CONTEXT(3) 
GLOBAL_UNCERTAINTY_ASSIGNED_CONTEXT((#35)) GLOBAL_UNIT_ASSIGNED_CONTEXT(
(#32,#33,#34)) REPRESENTATION_CONTEXT('Context #1',
  '3D Context with UNIT and UNCERTAINTY') );
#32 = ( LENGTH_UNIT() NAMED_UNIT(*) SI_UNIT(.MILLI.,.METRE.) );
#33 = ( NAMED_UNIT(*) PLANE_ANGLE_UNIT() SI_UNIT($,.RADIAN.) );
#34 = ( NAMED_UNIT(*) SI_UNIT($,.STERADIAN.) SOLID_ANGLE_UNIT() );
#35 = UNCERTAINTY_MEASURE_WITH_UNIT(LENGTH_MEASURE(1.E-07),#32,
  'distance_accuracy_value','confusion accuracy');
#36 = PRODUCT_RELATED_PRODUCT_CATEGORY('part',$,(#7));
#37 = SHAPE_DEFINITION_REPRESENTATION(#38,#44);
#38 = PRODUCT_DEFINITION_SHAPE('','',#39);
#39 = PRODUCT_DEFINITION('design','',#40,#43);
#40 = PRODUCT_DEFINITION_FORMATION('','',#41);
#41 = PRODUCT('Frame','Frame','',(#42));
#42 = PRODUCT_CONTEXT('',#2,'mechanical');
#43 = PRODUCT_DEFINITION_CONTEXT('part definition',#2,'design');
#44 = SHAPE_REPRESENTATION('',(#11,#45,#49,#53,#57,#61,#65,#69,#73,#77,
    #81,#85,#89,#93),#97);
#45 = AXIS2_PLACEMENT_3D('',#46,#47,#48);
#46 = CARTESIAN_POINT('',(0.,0.,0.));
#47 = DIRECTION('',(0.,0.,1.));
#48 = DIRECTION('',(1.,0.,0.));
#49 = AXIS2_PLACEMENT_3D('',#50,#51,#52);
#50 = CARTESIAN_POINT('',(-14.14213562373,14.142135623731,3.5));
#51 = DIRECTION('',(0.,0.,1.));
#52 = DIRECTION('',(-0.707106781187,0.707106781187,0.));
#53 = AXIS2_PLACEMENT_3D('',#54,#55,#56);
#54 = CARTESIAN_POINT('',(14.142135623731,14.142135623731,3.5));
#55 = DIRECTION('',(0.,-0.,1.));
#56 = DIRECTION('',(0.707106781187,0.707106781187,0.));
#57 = AXIS2_PLACEMENT_3D('',#58,#59,#60);
#58 = CARTESIAN_POINT('',(-14.14213562373,-14.14213562373,3.5));
#59 = DIRECTION('',(0.,0.,1.));
#60 = DIRECTION('',(-0.707106781187,-0.707106781187,0.));
#61 = AXIS2_PLACEMENT_3D('',#62,#63,#64);
#62 = CARTESIAN_POINT('',(14.142135623731,-14.14213562373,3.5));
#63 = DIRECTION('',(-0.,0.,1.));
#64 = DIRECTION('',(0.707106781187,-0.707106781187,0.));
#65 = AXIS2_PLACEMENT_3D('',#66,#67,#68);
#66 = CARTESIAN_POINT('',(-18.38477631085,18.38477631085,5.5));
#67 = DIRECTION('',(0.,0.,1.));
#68 = DIRECTION('',(1.,0.,0.));
#69 = AXIS2_PLACEMENT_3D('',#70,#71,#72);
#70 = CARTESIAN_POINT('',(-24.04163056034,24.041630560343,5.5));
#71 = DIRECTION('',(0.,0.,1.));
#72 = DIRECTION('',(1.,0.,0.));
#73 = AXIS2_PLACEMENT_3D('',#74,#75,#76);
#74 = CARTESIAN_POINT('',(18.38477631085,18.38477631085,5.5));
#75 = DIRECTION('',(0.,0.,1.));
#76 = DIRECTION('',(1.,0.,0.));
#77 = AXIS2_PLACEMENT_3D('',#78,#79,#80);
#78 = CARTESIAN_POINT('',(24.041630560343,24.041630560343,5.5));
#79 = DIRECTION('',(0.,0.,1.));
#80 = DIRECTION('',(1.,0.,0.));
#81 = AXIS2_PLACEMENT_3D('',#82,#83,#84);
#82 = CARTESIAN_POINT('',(-18.38477631085,-18.38477631085,5.5));
#83 = DIRECTION('',(0.,0.,1.));
#84 = DIRECTION('',(1.,0.,0.));
#85 = AXIS2_PLACEMENT_3D('',#86,#87,#88);
#86 = CARTESIAN_POINT('',(-24.04163056034,-24.04163056034,5.5));
#87 = DIRECTION('',(0.,0.,1.));
#88 = DIRECTION('',(1.,0.,0.));
#89 = AXIS2_PLACEMENT_3D('',#90,#91,#92);
#90 = CARTESIAN_POINT('',(18.38477631085,-18.38477631085,5.5));
#91 = DIRECTION('',(0.,0.,1.));
#92 = DIRECTION('',(1.,0.,0.));
#93 = AXIS2_PLACEMENT_3D('',#94,#95,#96);
#94 = CARTESIAN_POINT('',(24.041630560343,-24.04163056034,5.5));
#95 = DIRECTION('',(0.,0.,1.));
#96 = DIRECTION('',(1.,0.,0.));
#97 = ( GEOMETRIC_REPRESENTATION_CONTEXT(3) 
GLOBAL_UNCERTAINTY_ASSIGNED_CONTEXT((#101)) GLOBAL_UNIT_ASSIGNED_CONTEXT
((#98,#99,#100)) REPRESENTATION_CONTEXT('Context #1',
  '3D Context with UNIT and UNCERTAINTY') );
#98 = ( LENGTH_UNIT() NAMED_UNIT(*) SI_UNIT(.MILLI.,.METRE.) );
#99 = ( NAMED_UNIT(*) PLANE_ANGLE_UNIT() SI_UNIT($,.RADIAN.) );
#100 = ( NAMED_UNIT(*) SI_UNIT($,.STERADIAN.) SOLID_ANGLE_UNIT() );
#101 = UNCERTAINTY_MEASURE_WITH_UNIT(LENGTH_MEASURE(1.E-07),#98,
  'distance_accuracy_value','confusion accuracy');
#102 = CONTEXT_DEPENDENT_SHAPE_REPRESENTATION(#103,#105);
#103 = ( REPRESENTATION_RELATIONSHIP('','',#44,#10) 
REPRESENTATION_RELATIONSHIP_WITH_TRANSFORMATION(#104) 
SHAPE_REPRESENTATION_RELATIONSHIP() );
#104 = ITEM_DEFINED_TRANSFORMATION('','',#11,#15);
#105 = PRODUCT_DEFINITION_SHAPE('Placement','Placement of an item',#106
  );
#106 = NEXT_ASSEMBLY_USAGE_OCCURRENCE('14','Frame','',#5,#39,$);
#107 = PRODUCT_RELATED_PRODUCT_CATEGORY('part',$,(#41));
#108 = SHAPE_DEFINITION_REPRESENTATION(#109,#115);
#109 = PRODUCT_DEFINITION_SHAPE('','',#110);
#110 = PRODUCT_DEFINITION('design','',#111,#114);
#111 = PRODUCT_DEFINITION_FORMATION('','',#112);
#112 = PRODUCT('CenterPlate','CenterPlate','',(#113));
#113 = PRODUCT_CONTEXT('',#2,'mechanical');
#114 = PRODUCT_DEFINITION_CONTEXT('part definition',#2,'design');
#115 = ADVANCED_BREP_SHAPE_REPRESENTATION('',(#11,#116),#538);
#116 = MANIFOLD_SOLID_BREP('',#117);
#117 = CLOSED_SHELL('',(#118,#238,#314,#398,#447,#504,#511));
#118 = ADVANCED_FACE('',(#119),#133,.F.);
#119 = FACE_BOUND('',#120,.F.);
#120 = EDGE_LOOP('',(#121,#156,#184,#212));
#121 = ORIENTED_EDGE('',*,*,#122,.F.);
#122 = EDGE_CURVE('',#123,#125,#127,.T.);
#123 = VERTEX_POINT('',#124);
#124 = CARTESIAN_POINT('',(-40.,-40.,-1.5));
#125 = VERTEX_POINT('',#126);
#126 = CARTESIAN_POINT('',(-40.,-40.,1.5));
#127 = SURFACE_CURVE('',#128,(#132,#144),.PCURVE_S1.);
#128 = LINE('',#129,#130);
#129 = CARTESIAN_POINT('',(-40.,-40.,-1.5));
#130 = VECTOR('',#131,1.);
#131 = DIRECTION('',(0.,0.,1.));
#132 = PCURVE('',#133,#138);
#133 = PLANE('',#134);
#134 = AXIS2_PLACEMENT_3D('',#135,#136,#137);
#135 = CARTESIAN_POINT('',(-40.,-40.,-1.5));
#136 = DIRECTION('',(1.,0.,0.));
#137 = DIRECTION('',(0.,0.,1.));
#138 = DEFINITIONAL_REPRESENTATION('',(#139),#143);
#139 = LINE('',#140,#141);
#140 = CARTESIAN_POINT('',(0.,0.));
#141 = VECTOR('',#142,1.);
#142 = DIRECTION('',(1.,0.));
#143 = ( GEOMETRIC_REPRESENTATION_CONTEXT(2) 
PARAMETRIC_REPRESENTATION_CONTEXT() REPRESENTATION_CONTEXT('2D SPACE',''
  ) );
#144 = PCURVE('',#145,#150);
#145 = PLANE('',#146);
#146 = AXIS2_PLACEMENT_3D('',#147,#148,#149);
#147 = CARTESIAN_POINT('',(-40.,-40.,-1.5));
#148 = DIRECTION('',(0.,1.,0.));
#149 = DIRECTION('',(0.,0.,1.));
#150 = DEFINITIONAL_REPRESENTATION('',(#151),#155);
#151 = LINE('',#152,#153);
#152 = CARTESIAN_POINT('',(0.,0.));
#153 = VECTOR('',#154,1.);
#154 = DIRECTION('',(1.,0.));
#155 = ( GEOMETRIC_REPRESENTATION_CONTEXT(2) 
PARAMETRIC_REPRESENTATION_CONTEXT() REPRESENTATION_CONTEXT('2D SPACE',''
  ) );
#156 = ORIENTED_EDGE('',*,*,#157,.T.);
#157 = EDGE_CURVE('',#123,#158,#160,.T.);
#158 = VERTEX_POINT('',#159);
#159 = CARTESIAN_POINT('',(-40.,40.,-1.5));
#160 = SURFACE_CURVE('',#161,(#165,#172),.PCURVE_S1.);
#161 = LINE('',#162,#163);
#162 = CARTESIAN_POINT('',(-40.,-40.,-1.5));
#163 = VECTOR('',#164,1.);
#164 = DIRECTION('',(0.,1.,0.));
#165 = PCURVE('',#133,#166);
#166 = DEFINITIONAL_REPRESENTATION('',(#167),#171);
#167 = LINE('',#168,#169);
#168 = CARTESIAN_POINT('',(0.,0.));
#169 = VECTOR('',#170,1.);
#170 = DIRECTION('',(0.,-1.));
#171 = ( GEOMETRIC_REPRESENTATION_CONTEXT(2) 
PARAMETRIC_REPRESENTATION_CONTEXT() REPRESENTATION_CONTEXT('2D SPACE',''
  ) );
#172 = PCURVE('',#173,#178);
#173 = PLANE('',#174);
#174 = AXIS2_PLACEMENT_3D('',#175,#176,#177);
#175 = CARTESIAN_POINT('',(-40.,-40.,-1.5));
#176 = DIRECTION('',(0.,0.,1.));
#177 = DIRECTION('',(1.,0.,0.));
#178 = DEFINITIONAL_REPRESENTATION('',(#179),#183);
#179 = LINE('',#180,#181);
#180 = CARTESIAN_POINT('',(0.,0.));
#181 = VECTOR('',#182,1.);
#182 = DIRECTION('',(0.,1.));
#183 = ( GEOMETRIC_REPRESENTATION_CONTEXT(2) 
PARAMETRIC_REPRESENTATION_CONTEXT() REPRESENTATION_CONTEXT('2D SPACE',''
  ) );
#184 = ORIENTED_EDGE('',*,*,#185,.T.);
#185 = EDGE_CURVE('',#158,#186,#188,.T.);
#186 = VERTEX_POINT('',#187);
#187 = CARTESIAN_POINT('',(-40.,40.,1.5));
#188 = SURFACE_CURVE('',#189,(#193,#200),.PCURVE_S1.);
#189 = LINE('',#190,#191);
#190 = CARTESIAN_POINT('',(-40.,40.,-1.5));
#191 = VECTOR('',#192,1.);
#192 = DIRECTION('',(0.,0.,1.));
#193 = PCURVE('',#133,#194);
#194 = DEFINITIONAL_REPRESENTATION('',(#195),#199);
#195 = LINE('',#196,#197);
#196 = CARTESIAN_POINT('',(0.,-80.));
#197 = VECTOR('',#198,1.);
#198 = DIRECTION('',(1.,0.));
#199 = ( GEOMETRIC_REPRESENTATION_CONTEXT(2) 
PARAMETRIC_REPRESENTATION_CONTEXT() REPRESENTATION_CONTEXT('2D SPACE',''
  ) );
#200 = PCURVE('',#201,#206);
#201 = PLANE('',#202);
#202 = AXIS2_PLACEMENT_3D('',#203,#204,#205);
#203 = CARTESIAN_POINT('',(-40.,40.,-1.5));
#204 = DIRECTION('',(0.,1.,0.));
#205 = DIRECTION('',(0.,0.,1.));
#206 = DEFINITIONAL_REPRESENTATION('',(#207),#211);
#207 = LINE('',#208,#209);
#208 = CARTESIAN_POINT('',(0.,0.));
#209 = VECTOR('',#210,1.);
#210 = DIRECTION('',(1.,0.));
#211 = ( GEOMETRIC_REPRESENTATION_CONTEXT(2) 
PARAMETRIC_REPRESENTATION_CONTEXT() REPRESENTATION_CONTEXT('2D SPACE',''
  ) );
#212 = ORIENTED_EDGE('',*,*,#213,.F.);
#213 = EDGE_CURVE('',#125,#186,#214,.T.);
#214 = SURFACE_CURVE('',#215,(#219,#226),.PCURVE_S1.);
#215 = LINE('',#216,#217);
#216 = CARTESIAN_POINT('',(-40.,-40.,1.5));
#217 = VECTOR('',#218,1.);
#218 = DIRECTION('',(0.,1.,0.));
#219 = PCURVE('',#133,#220);
#220 = DEFINITIONAL_REPRESENTATION('',(#221),#225);
#221 = LINE('',#222,#223);
#222 = CARTESIAN_POINT('',(3.,0.));
#223 = VECTOR('',#224,1.);
#224 = DIRECTION('',(0.,-1.));
#225 = ( GEOMETRIC_REPRESENTATION_CONTEXT(2) 
PARAMETRIC_REPRESENTATION_CONTEXT() REPRESENTATION_CONTEXT('2D SPACE',''
  ) );
#226 = PCURVE('',#227,#232);
#227 = PLANE('',#228);
#228 = AXIS2_PLACEMENT_3D('',#229,#230,#231);
#229 = CARTESIAN_POINT('',(-40.,-40.,1.5));
#230 = DIRECTION('',(0.,0.,1.));
#231 = DIRECTION('',(1.,0.,0.));
#232 = DEFINITIONAL_REPRESENTATION('',(#233),#237);
#233 = LINE('',#234,#235);
#234 = CARTESIAN_POINT('',(0.,0.));
#235 = VECTOR('',#236,1.);
#236 = DIRECTION('',(0.,1.));
#237 = ( GEOMETRIC_REPRESENTATION_CONTEXT(2) 
PARAMETRIC_REPRESENTATION_CONTEXT() REPRESENTATION_CONTEXT('2D SPACE',''
  ) );
#238 = ADVANCED_FACE('',(#239),#145,.F.);
#239 = FACE_BOUND('',#240,.F.);
#240 = EDGE_LOOP('',(#241,#264,#265,#288));
#241 = ORIENTED_EDGE('',*,*,#242,.F.);
#242 = EDGE_CURVE('',#123,#243,#245,.T.);
#243 = VERTEX_POINT('',#244);
#244 = CARTESIAN_POINT('',(40.,-40.,-1.5));
#245 = SURFACE_CURVE('',#246,(#250,#257),.PCURVE_S1.);
#246 = LINE('',#247,#248);
#247 = CARTESIAN_POINT('',(-40.,-40.,-1.5));
#248 = VECTOR('',#249,1.);
#249 = DIRECTION('',(1.,0.,0.));
#250 = PCURVE('',#145,#251);
#251 = DEFINITIONAL_REPRESENTATION('',(#252),#256);
#252 = LINE('',#253,#254);
#253 = CARTESIAN_POINT('',(0.,0.));
#254 = VECTOR('',#255,1.);
#255 = DIRECTION('',(0.,1.));
#256 = ( GEOMETRIC_REPRESENTATION_CONTEXT(2) 
PARAMETRIC_REPRESENTATION_CONTEXT() REPRESENTATION_CONTEXT('2D SPACE',''
  ) );
#257 = PCURVE('',#173,#258);
#258 = DEFINITIONAL_REPRESENTATION('',(#259),#263);
#259 = LINE('',#260,#261);
#260 = CARTESIAN_POINT('',(0.,0.));
#261 = VECTOR('',#262,1.);
#262 = DIRECTION('',(1.,0.));
#263 = ( GEOMETRIC_REPRESENTATION_CONTEXT(2) 
PARAMETRIC_REPRESENTATION_CONTEXT() REPRESENTATION_CONTEXT('2D SPACE',''
  ) );
#264 = ORIENTED_EDGE('',*,*,#122,.T.);
#265 = ORIENTED_EDGE('',*,*,#266,.T.);
#266 = EDGE_CURVE('',#125,#267,#269,.T.);
#267 = VERTEX_POINT('',#268);
#268 = CARTESIAN_POINT('',(40.,-40.,1.5));
#269 = SURFACE_CURVE('',#270,(#274,#281),.PCURVE_S1.);
#270 = LINE('',#271,#272);
#271 = CARTESIAN_POINT('',(-40.,-40.,1.5));
#272 = VECTOR('',#273,1.);
#273 = DIRECTION('',(1.,0.,0.));
#274 = PCURVE('',#145,#275);
#275 = DEFINITIONAL_REPRESENTATION('',(#276),#280);
#276 = LINE('',#277,#278);
#277 = CARTESIAN_POINT('',(3.,0.));
#278 = VECTOR('',#279,1.);
#279 = DIRECTION('',(0.,1.));
#280 = ( GEOMETRIC_REPRESENTATION_CONTEXT(2) 
PARAMETRIC_REPRESENTATION_CONTEXT() REPRESENTATION_CONTEXT('2D SPACE',''
  ) );
#281 = PCURVE('',#227,#282);
#282 = DEFINITIONAL_REPRESENTATION('',(#283),#287);
#283 = LINE('',#284,#285);
#284 = CARTESIAN_POINT('',(0.,0.));
#285 = VECTOR('',#286,1.);
#286 = DIRECTION('',(1.,0.));
#287 = ( GEOMETRIC_REPRESENTATION_CONTEXT(2) 
PARAMETRIC_REPRESENTATION_CONTEXT() REPRESENTATION_CONTEXT('2D SPACE',''
  ) );
#288 = ORIENTED_EDGE('',*,*,#289,.F.);
#289 = EDGE_CURVE('',#243,#267,#290,.T.);
#290 = SURFACE_CURVE('',#291,(#295,#302),.PCURVE_S1.);
#291 = LINE('',#292,#293);
#292 = CARTESIAN_POINT('',(40.,-40.,-1.5));
#293 = VECTOR('',#294,1.);
#294 = DIRECTION('',(0.,0.,1.));
#295 = PCURVE('',#145,#296);
#296 = DEFINITIONAL_REPRESENTATION('',(#297),#301);
#297 = LINE('',#298,#299);
#298 = CARTESIAN_POINT('',(0.,80.));
#299 = VECTOR('',#300,1.);
#300 = DIRECTION('',(1.,0.));
#301 = ( GEOMETRIC_REPRESENTATION_CONTEXT(2) 
PARAMETRIC_REPRESENTATION_CONTEXT() REPRESENTATION_CONTEXT('2D SPACE',''
  ) );
#302 = PCURVE('',#303,#308);
#303 = PLANE('',#304);
#304 = AXIS2_PLACEMENT_3D('',#305,#306,#307);
#305 = CARTESIAN_POINT('',(40.,-40.,-1.5));
#306 = DIRECTION('',(1.,0.,0.));
#307 = DIRECTION('',(0.,0.,1.));
#308 = DEFINITIONAL_REPRESENTATION('',(#309),#313);
#309 = LINE('',#310,#311);
#310 = CARTESIAN_POINT('',(0.,0.));
#311 = VECTOR('',#312,1.);
#312 = DIRECTION('',(1.,0.));
#313 = ( GEOMETRIC_REPRESENTATION_CONTEXT(2) 
PARAMETRIC_REPRESENTATION_CONTEXT() REPRESENTATION_CONTEXT('2D SPACE',''
  ) );
#314 = ADVANCED_FACE('',(#315,#363),#227,.T.);
#315 = FACE_BOUND('',#316,.T.);
#316 = EDGE_LOOP('',(#317,#318,#319,#342));
#317 = ORIENTED_EDGE('',*,*,#213,.F.);
#318 = ORIENTED_EDGE('',*,*,#266,.T.);
#319 = ORIENTED_EDGE('',*,*,#320,.T.);
#320 = EDGE_CURVE('',#267,#321,#323,.T.);
#321 = VERTEX_POINT('',#322);
#322 = CARTESIAN_POINT('',(40.,40.,1.5));
#323 = SURFACE_CURVE('',#324,(#328,#335),.PCURVE_S1.);
#324 = LINE('',#325,#326);
#325 = CARTESIAN_POINT('',(40.,-40.,1.5));
#326 = VECTOR('',#327,1.);
#327 = DIRECTION('',(0.,1.,0.));
#328 = PCURVE('',#227,#329);
#329 = DEFINITIONAL_REPRESENTATION('',(#330),#334);
#330 = LINE('',#331,#332);
#331 = CARTESIAN_POINT('',(80.,0.));
#332 = VECTOR('',#333,1.);
#333 = DIRECTION('',(0.,1.));
#334 = ( GEOMETRIC_REPRESENTATION_CONTEXT(2) 
PARAMETRIC_REPRESENTATION_CONTEXT() REPRESENTATION_CONTEXT('2D SPACE',''
  ) );
#335 = PCURVE('',#303,#336);
#336 = DEFINITIONAL_REPRESENTATION('',(#337),#341);
#337 = LINE('',#338,#339);
#338 = CARTESIAN_POINT('',(3.,0.));
#339 = VECTOR('',#340,1.);
#340 = DIRECTION('',(0.,-1.));
#341 = ( GEOMETRIC_REPRESENTATION_CONTEXT(2) 
PARAMETRIC_REPRESENTATION_CONTEXT() REPRESENTATION_CONTEXT('2D SPACE',''
  ) );
#342 = ORIENTED_EDGE('',*,*,#343,.F.);
#343 = EDGE_CURVE('',#186,#321,#344,.T.);
#344 = SURFACE_CURVE('',#345,(#349,#356),.PCURVE_S1.);
#345 = LINE('',#346,#347);
#346 = CARTESIAN_POINT('',(-40.,40.,1.5));
#347 = VECTOR('',#348,1.);
#348 = DIRECTION('',(1.,0.,0.));
#349 = PCURVE('',#227,#350);
#350 = DEFINITIONAL_REPRESENTATION('',(#351),#355);
#351 = LINE('',#352,#353);
#352 = CARTESIAN_POINT('',(0.,80.));
#353 = VECTOR('',#354,1.);
#354 = DIRECTION('',(1.,0.));
#355 = ( GEOMETRIC_REPRESENTATION_CONTEXT(2) 
PARAMETRIC_REPRESENTATION_CONTEXT() REPRESENTATION_CONTEXT('2D SPACE',''
  ) );
#356 = PCURVE('',#201,#357);
#357 = DEFINITIONAL_REPRESENTATION('',(#358),#362);
#358 = LINE('',#359,#360);
#359 = CARTESIAN_POINT('',(3.,0.));
#360 = VECTOR('',#361,1.);
#361 = DIRECTION('',(0.,1.));
#362 = ( GEOMETRIC_REPRESENTATION_CONTEXT(2) 
PARAMETRIC_REPRESENTATION_CONTEXT() REPRESENTATION_CONTEXT('2D SPACE',''
  ) );
#363 = FACE_BOUND('',#364,.T.);
#364 = EDGE_LOOP('',(#365));
#365 = ORIENTED_EDGE('',*,*,#366,.T.);
#366 = EDGE_CURVE('',#367,#367,#369,.T.);
#367 = VERTEX_POINT('',#368);
#368 = CARTESIAN_POINT('',(-10.,-2.449293598295E-15,1.5));
#369 = SURFACE_CURVE('',#370,(#375,#386),.PCURVE_S1.);
#370 = CIRCLE('',#371,10.);
#371 = AXIS2_PLACEMENT_3D('',#372,#373,#374);
#372 = CARTESIAN_POINT('',(0.,0.,1.5));
#373 = DIRECTION('',(0.,0.,-1.));
#374 = DIRECTION('',(-1.,0.,0.));
#375 = PCURVE('',#227,#376);
#376 = DEFINITIONAL_REPRESENTATION('',(#377),#385);
#377 = ( BOUNDED_CURVE() B_SPLINE_CURVE(2,(#378,#379,#380,#381,#382,#383
,#384),.UNSPECIFIED.,.T.,.F.) B_SPLINE_CURVE_WITH_KNOTS((1,2,2,2,2,1),(
    -2.094395102393,0.,2.094395102393,4.188790204786,6.28318530718,
8.377580409573),.UNSPECIFIED.) CURVE() GEOMETRIC_REPRESENTATION_ITEM() 
RATIONAL_B_SPLINE_CURVE((1.,0.5,1.,0.5,1.,0.5,1.)) REPRESENTATION_ITEM(
  '') );
#378 = CARTESIAN_POINT('',(30.,40.));
#379 = CARTESIAN_POINT('',(30.,57.320508075689));
#380 = CARTESIAN_POINT('',(45.,48.660254037844));
#381 = CARTESIAN_POINT('',(60.,40.));
#382 = CARTESIAN_POINT('',(45.,31.339745962156));
#383 = CARTESIAN_POINT('',(30.,22.679491924311));
#384 = CARTESIAN_POINT('',(30.,40.));
#385 = ( GEOMETRIC_REPRESENTATION_CONTEXT(2) 
PARAMETRIC_REPRESENTATION_CONTEXT() REPRESENTATION_CONTEXT('2D SPACE',''
  ) );
#386 = PCURVE('',#387,#392);
#387 = CYLINDRICAL_SURFACE('',#388,10.);
#388 = AXIS2_PLACEMENT_3D('',#389,#390,#391);
#389 = CARTESIAN_POINT('',(0.,0.,1.5));
#390 = DIRECTION('',(0.,0.,-1.));
#391 = DIRECTION('',(-1.,0.,0.));
#392 = DEFINITIONAL_REPRESENTATION('',(#393),#397);
#393 = LINE('',#394,#395);
#394 = CARTESIAN_POINT('',(0.,0.));
#395 = VECTOR('',#396,1.);
#396 = DIRECTION('',(1.,0.));
#397 = ( GEOMETRIC_REPRESENTATION_CONTEXT(2) 
PARAMETRIC_REPRESENTATION_CONTEXT() REPRESENTATION_CONTEXT('2D SPACE',''
  ) );
#398 = ADVANCED_FACE('',(#399),#201,.T.);
#399 = FACE_BOUND('',#400,.T.);
#400 = EDGE_LOOP('',(#401,#424,#425,#426));
#401 = ORIENTED_EDGE('',*,*,#402,.F.);
#402 = EDGE_CURVE('',#158,#403,#405,.T.);
#403 = VERTEX_POINT('',#404);
#404 = CARTESIAN_POINT('',(40.,40.,-1.5));
#405 = SURFACE_CURVE('',#406,(#410,#417),.PCURVE_S1.);
#406 = LINE('',#407,#408);
#407 = CARTESIAN_POINT('',(-40.,40.,-1.5));
#408 = VECTOR('',#409,1.);
#409 = DIRECTION('',(1.,0.,0.));
#410 = PCURVE('',#201,#411);
#411 = DEFINITIONAL_REPRESENTATION('',(#412),#416);
#412 = LINE('',#413,#414);
#413 = CARTESIAN_POINT('',(0.,0.));
#414 = VECTOR('',#415,1.);
#415 = DIRECTION('',(0.,1.));
#416 = ( GEOMETRIC_REPRESENTATION_CONTEXT(2) 
PARAMETRIC_REPRESENTATION_CONTEXT() REPRESENTATION_CONTEXT('2D SPACE',''
  ) );
#417 = PCURVE('',#173,#418);
#418 = DEFINITIONAL_REPRESENTATION('',(#419),#423);
#419 = LINE('',#420,#421);
#420 = CARTESIAN_POINT('',(0.,80.));
#421 = VECTOR('',#422,1.);
#422 = DIRECTION('',(1.,0.));
#423 = ( GEOMETRIC_REPRESENTATION_CONTEXT(2) 
PARAMETRIC_REPRESENTATION_CONTEXT() REPRESENTATION_CONTEXT('2D SPACE',''
  ) );
#424 = ORIENTED_EDGE('',*,*,#185,.T.);
#425 = ORIENTED_EDGE('',*,*,#343,.T.);
#426 = ORIENTED_EDGE('',*,*,#427,.F.);
#427 = EDGE_CURVE('',#403,#321,#428,.T.);
#428 = SURFACE_CURVE('',#429,(#433,#440),.PCURVE_S1.);
#429 = LINE('',#430,#431);
#430 = CARTESIAN_POINT('',(40.,40.,-1.5));
#431 = VECTOR('',#432,1.);
#432 = DIRECTION('',(0.,0.,1.));
#433 = PCURVE('',#201,#434);
#434 = DEFINITIONAL_REPRESENTATION('',(#435),#439);
#435 = LINE('',#436,#437);
#436 = CARTESIAN_POINT('',(0.,80.));
#437 = VECTOR('',#438,1.);
#438 = DIRECTION('',(1.,0.));
#439 = ( GEOMETRIC_REPRESENTATION_CONTEXT(2) 
PARAMETRIC_REPRESENTATION_CONTEXT() REPRESENTATION_CONTEXT('2D SPACE',''
  ) );
#440 = PCURVE('',#303,#441);
#441 = DEFINITIONAL_REPRESENTATION('',(#442),#446);
#442 = LINE('',#443,#444);
#443 = CARTESIAN_POINT('',(0.,-80.));
#444 = VECTOR('',#445,1.);
#445 = DIRECTION('',(1.,0.));
#446 = ( GEOMETRIC_REPRESENTATION_CONTEXT(2) 
PARAMETRIC_REPRESENTATION_CONTEXT() REPRESENTATION_CONTEXT('2D SPACE',''
  ) );
#447 = ADVANCED_FACE('',(#448,#474),#173,.F.);
#448 = FACE_BOUND('',#449,.F.);
#449 = EDGE_LOOP('',(#450,#451,#452,#473));
#450 = ORIENTED_EDGE('',*,*,#157,.F.);
#451 = ORIENTED_EDGE('',*,*,#242,.T.);
#452 = ORIENTED_EDGE('',*,*,#453,.T.);
#453 = EDGE_CURVE('',#243,#403,#454,.T.);
#454 = SURFACE_CURVE('',#455,(#459,#466),.PCURVE_S1.);
#455 = LINE('',#456,#457);
#456 = CARTESIAN_POINT('',(40.,-40.,-1.5));
#457 = VECTOR('',#458,1.);
#458 = DIRECTION('',(0.,1.,0.));
#459 = PCURVE('',#173,#460);
#460 = DEFINITIONAL_REPRESENTATION('',(#461),#465);
#461 = LINE('',#462,#463);
#462 = CARTESIAN_POINT('',(80.,0.));
#463 = VECTOR('',#464,1.);
#464 = DIRECTION('',(0.,1.));
#465 = ( GEOMETRIC_REPRESENTATION_CONTEXT(2) 
PARAMETRIC_REPRESENTATION_CONTEXT() REPRESENTATION_CONTEXT('2D SPACE',''
  ) );
#466 = PCURVE('',#303,#467);
#467 = DEFINITIONAL_REPRESENTATION('',(#468),#472);
#468 = LINE('',#469,#470);
#469 = CARTESIAN_POINT('',(0.,0.));
#470 = VECTOR('',#471,1.);
#471 = DIRECTION('',(0.,-1.));
#472 = ( GEOMETRIC_REPRESENTATION_CONTEXT(2) 
PARAMETRIC_REPRESENTATION_CONTEXT() REPRESENTATION_CONTEXT('2D SPACE',''
  ) );
#473 = ORIENTED_EDGE('',*,*,#402,.F.);
#474 = FACE_BOUND('',#475,.F.);
#475 = EDGE_LOOP('',(#476));
#476 = ORIENTED_EDGE('',*,*,#477,.T.);
#477 = EDGE_CURVE('',#478,#478,#480,.T.);
#478 = VERTEX_POINT('',#479);
#479 = CARTESIAN_POINT('',(-10.,-2.449293598295E-15,-1.5));
#480 = SURFACE_CURVE('',#481,(#486,#497),.PCURVE_S1.);
#481 = CIRCLE('',#482,10.);
#482 = AXIS2_PLACEMENT_3D('',#483,#484,#485);
#483 = CARTESIAN_POINT('',(0.,0.,-1.5));
#484 = DIRECTION('',(0.,0.,-1.));
#485 = DIRECTION('',(-1.,0.,0.));
#486 = PCURVE('',#173,#487);
#487 = DEFINITIONAL_REPRESENTATION('',(#488),#496);
#488 = ( BOUNDED_CURVE() B_SPLINE_CURVE(2,(#489,#490,#491,#492,#493,#494
,#495),.UNSPECIFIED.,.T.,.F.) B_SPLINE_CURVE_WITH_KNOTS((1,2,2,2,2,1),(
    -2.094395102393,0.,2.094395102393,4.188790204786,6.28318530718,
8.377580409573),.UNSPECIFIED.) CURVE() GEOMETRIC_REPRESENTATION_ITEM() 
RATIONAL_B_SPLINE_CURVE((1.,0.5,1.,0.5,1.,0.5,1.)) REPRESENTATION_ITEM(
  '') );
#489 = CARTESIAN_POINT('',(30.,40.));
#490 = CARTESIAN_POINT('',(30.,57.320508075689));
#491 = CARTESIAN_POINT('',(45.,48.660254037844));
#492 = CARTESIAN_POINT('',(60.,40.));
#493 = CARTESIAN_POINT('',(45.,31.339745962156));
#494 = CARTESIAN_POINT('',(30.,22.679491924311));
#495 = CARTESIAN_POINT('',(30.,40.));
#496 = ( GEOMETRIC_REPRESENTATION_CONTEXT(2) 
PARAMETRIC_REPRESENTATION_CONTEXT() REPRESENTATION_CONTEXT('2D SPACE',''
  ) );
#497 = PCURVE('',#387,#498);
#498 = DEFINITIONAL_REPRESENTATION('',(#499),#503);
#499 = LINE('',#500,#501);
#500 = CARTESIAN_POINT('',(0.,3.));
#501 = VECTOR('',#502,1.);
#502 = DIRECTION('',(1.,0.));
#503 = ( GEOMETRIC_REPRESENTATION_CONTEXT(2) 
PARAMETRIC_REPRESENTATION_CONTEXT() REPRESENTATION_CONTEXT('2D SPACE',''
  ) );
#504 = ADVANCED_FACE('',(#505),#303,.T.);
#505 = FACE_BOUND('',#506,.T.);
#506 = EDGE_LOOP('',(#507,#508,#509,#510));
#507 = ORIENTED_EDGE('',*,*,#289,.F.);
#508 = ORIENTED_EDGE('',*,*,#453,.T.);
#509 = ORIENTED_EDGE('',*,*,#427,.T.);
#510 = ORIENTED_EDGE('',*,*,#320,.F.);
#511 = ADVANCED_FACE('',(#512),#387,.F.);
#512 = FACE_BOUND('',#513,.F.);
#513 = EDGE_LOOP('',(#514,#515,#536,#537));
#514 = ORIENTED_EDGE('',*,*,#477,.F.);
#515 = ORIENTED_EDGE('',*,*,#516,.F.);
#516 = EDGE_CURVE('',#367,#478,#517,.T.);
#517 = SEAM_CURVE('',#518,(#522,#529),.PCURVE_S1.);
#518 = LINE('',#519,#520);
#519 = CARTESIAN_POINT('',(-10.,-2.449293598295E-15,1.5));
#520 = VECTOR('',#521,1.);
#521 = DIRECTION('',(0.,0.,-1.));
#522 = PCURVE('',#387,#523);
#523 = DEFINITIONAL_REPRESENTATION('',(#524),#528);
#524 = LINE('',#525,#526);
#525 = CARTESIAN_POINT('',(6.28318530718,-0.));
#526 = VECTOR('',#527,1.);
#527 = DIRECTION('',(0.,1.));
#528 = ( GEOMETRIC_REPRESENTATION_CONTEXT(2) 
PARAMETRIC_REPRESENTATION_CONTEXT() REPRESENTATION_CONTEXT('2D SPACE',''
  ) );
#529 = PCURVE('',#387,#530);
#530 = DEFINITIONAL_REPRESENTATION('',(#531),#535);
#531 = LINE('',#532,#533);
#532 = CARTESIAN_POINT('',(0.,-0.));
#533 = VECTOR('',#534,1.);
#534 = DIRECTION('',(0.,1.));
#535 = ( GEOMETRIC_REPRESENTATION_CONTEXT(2) 
PARAMETRIC_REPRESENTATION_CONTEXT() REPRESENTATION_CONTEXT('2D SPACE',''
  ) );
#536 = ORIENTED_EDGE('',*,*,#366,.T.);
#537 = ORIENTED_EDGE('',*,*,#516,.T.);
#538 = ( GEOMETRIC_REPRESENTATION_CONTEXT(3) 
GLOBAL_UNCERTAINTY_ASSIGNED_CONTEXT((#542)) GLOBAL_UNIT_ASSIGNED_CONTEXT
((#539,#540,#541)) REPRESENTATION_CONTEXT('Context #1',
  '3D Context with UNIT and UNCERTAINTY') );
#539 = ( LENGTH_UNIT() NAMED_UNIT(*) SI_UNIT(.MILLI.,.METRE.) );
#540 = ( NAMED_UNIT(*) PLANE_ANGLE_UNIT() SI_UNIT($,.RADIAN.) );
#541 = ( NAMED_UNIT(*) SI_UNIT($,.STERADIAN.) SOLID_ANGLE_UNIT() );
#542 = UNCERTAINTY_MEASURE_WITH_UNIT(LENGTH_MEASURE(1.E-07),#539,
  'distance_accuracy_value','confusion accuracy');
#543 = CONTEXT_DEPENDENT_SHAPE_REPRESENTATION(#544,#546);
#544 = ( REPRESENTATION_RELATIONSHIP('','',#115,#44) 
REPRESENTATION_RELATIONSHIP_WITH_TRANSFORMATION(#545) 
SHAPE_REPRESENTATION_RELATIONSHIP() );
#545 = ITEM_DEFINED_TRANSFORMATION('','',#11,#45);
#546 = PRODUCT_DEFINITION_SHAPE('Placement','Placement of an item',#547
  );
#547 = NEXT_ASSEMBLY_USAGE_OCCURRENCE('1','CenterPlate','',#39,#110,$);
#548 = PRODUCT_RELATED_PRODUCT_CATEGORY('part',$,(#112));
#549 = SHAPE_DEFINITION_REPRESENTATION(#550,#556);
#550 = PRODUCT_DEFINITION_SHAPE('','',#551);
#551 = PRODUCT_DEFINITION('design','',#552,#555);
#552 = PRODUCT_DEFINITION_FORMATION('','',#553);
#553 = PRODUCT('Arm','Arm','',(#554));
#554 = PRODUCT_CONTEXT('',#2,'mechanical');
#555 = PRODUCT_DEFINITION_CONTEXT('part definition',#2,'design');
#556 = ADVANCED_BREP_SHAPE_REPRESENTATION('',(#11,#557),#887);
#557 = MANIFOLD_SOLID_BREP('',#558);
#558 = CLOSED_SHELL('',(#559,#679,#779,#826,#873,#880));
#559 = ADVANCED_FACE('',(#560),#574,.F.);
#560 = FACE_BOUND('',#561,.F.);
#561 = EDGE_LOOP('',(#562,#597,#625,#653));
#562 = ORIENTED_EDGE('',*,*,#563,.F.);
#563 = EDGE_CURVE('',#564,#566,#568,.T.);
#564 = VERTEX_POINT('',#565);
#565 = CARTESIAN_POINT('',(0.,-8.,-2.));
#566 = VERTEX_POINT('',#567);
#567 = CARTESIAN_POINT('',(0.,-8.,2.));
#568 = SURFACE_CURVE('',#569,(#573,#585),.PCURVE_S1.);
#569 = LINE('',#570,#571);
#570 = CARTESIAN_POINT('',(0.,-8.,-2.));
#571 = VECTOR('',#572,1.);
#572 = DIRECTION('',(0.,0.,1.));
#573 = PCURVE('',#574,#579);
#574 = PLANE('',#575);
#575 = AXIS2_PLACEMENT_3D('',#576,#577,#578);
#576 = CARTESIAN_POINT('',(0.,-8.,-2.));
#577 = DIRECTION('',(1.,0.,0.));
#578 = DIRECTION('',(0.,0.,1.));
#579 = DEFINITIONAL_REPRESENTATION('',(#580),#584);
#580 = LINE('',#581,#582);
#581 = CARTESIAN_POINT('',(0.,0.));
#582 = VECTOR('',#583,1.);
#583 = DIRECTION('',(1.,0.));
#584 = ( GEOMETRIC_REPRESENTATION_CONTEXT(2) 
PARAMETRIC_REPRESENTATION_CONTEXT() REPRESENTATION_CONTEXT('2D SPACE',''
  ) );
#585 = PCURVE('',#586,#591);
#586 = PLANE('',#587);
#587 = AXIS2_PLACEMENT_3D('',#588,#589,#590);
#588 = CARTESIAN_POINT('',(0.,-8.,-2.));
#589 = DIRECTION('',(0.,1.,0.));
#590 = DIRECTION('',(0.,0.,1.));
#591 = DEFINITIONAL_REPRESENTATION('',(#592),#596);
#592 = LINE('',#593,#594);
#593 = CARTESIAN_POINT('',(0.,0.));
#594 = VECTOR('',#595,1.);
#595 = DIRECTION('',(1.,0.));
#596 = ( GEOMETRIC_REPRESENTATION_CONTEXT(2) 
PARAMETRIC_REPRESENTATION_CONTEXT() REPRESENTATION_CONTEXT('2D SPACE',''
  ) );
#597 = ORIENTED_EDGE('',*,*,#598,.T.);
#598 = EDGE_CURVE('',#564,#599,#601,.T.);
#599 = VERTEX_POINT('',#600);
#600 = CARTESIAN_POINT('',(0.,8.,-2.));
#601 = SURFACE_CURVE('',#602,(#606,#613),.PCURVE_S1.);
#602 = LINE('',#603,#604);
#603 = CARTESIAN_POINT('',(0.,-8.,-2.));
#604 = VECTOR('',#605,1.);
#605 = DIRECTION('',(0.,1.,0.));
#606 = PCURVE('',#574,#607);
#607 = DEFINITIONAL_REPRESENTATION('',(#608),#612);
#608 = LINE('',#609,#610);
#609 = CARTESIAN_POINT('',(0.,0.));
#610 = VECTOR('',#611,1.);
#611 = DIRECTION('',(0.,-1.));
#612 = ( GEOMETRIC_REPRESENTATION_CONTEXT(2) 
PARAMETRIC_REPRESENTATION_CONTEXT() REPRESENTATION_CONTEXT('2D SPACE',''
  ) );
#613 = PCURVE('',#614,#619);
#614 = PLANE('',#615);
#615 = AXIS2_PLACEMENT_3D('',#616,#617,#618);
#616 = CARTESIAN_POINT('',(0.,-8.,-2.));
#617 = DIRECTION('',(0.,0.,1.));
#618 = DIRECTION('',(1.,0.,0.));
#619 = DEFINITIONAL_REPRESENTATION('',(#620),#624);
#620 = LINE('',#621,#622);
#621 = CARTESIAN_POINT('',(0.,0.));
#622 = VECTOR('',#623,1.);
#623 = DIRECTION('',(0.,1.));
#624 = ( GEOMETRIC_REPRESENTATION_CONTEXT(2) 
PARAMETRIC_REPRESENTATION_CONTEXT() REPRESENTATION_CONTEXT('2D SPACE',''
  ) );
#625 = ORIENTED_EDGE('',*,*,#626,.T.);
#626 = EDGE_CURVE('',#599,#627,#629,.T.);
#627 = VERTEX_POINT('',#628);
#628 = CARTESIAN_POINT('',(0.,8.,2.));
#629 = SURFACE_CURVE('',#630,(#634,#641),.PCURVE_S1.);
#630 = LINE('',#631,#632);
#631 = CARTESIAN_POINT('',(0.,8.,-2.));
#632 = VECTOR('',#633,1.);
#633 = DIRECTION('',(0.,0.,1.));
#634 = PCURVE('',#574,#635);
#635 = DEFINITIONAL_REPRESENTATION('',(#636),#640);
#636 = LINE('',#637,#638);
#637 = CARTESIAN_POINT('',(0.,-16.));
#638 = VECTOR('',#639,1.);
#639 = DIRECTION('',(1.,0.));
#640 = ( GEOMETRIC_REPRESENTATION_CONTEXT(2) 
PARAMETRIC_REPRESENTATION_CONTEXT() REPRESENTATION_CONTEXT('2D SPACE',''
  ) );
#641 = PCURVE('',#642,#647);
#642 = PLANE('',#643);
#643 = AXIS2_PLACEMENT_3D('',#644,#645,#646);
#644 = CARTESIAN_POINT('',(0.,8.,-2.));
#645 = DIRECTION('',(0.,1.,0.));
#646 = DIRECTION('',(0.,0.,1.));
#647 = DEFINITIONAL_REPRESENTATION('',(#648),#652);
#648 = LINE('',#649,#650);
#649 = CARTESIAN_POINT('',(0.,0.));
#650 = VECTOR('',#651,1.);
#651 = DIRECTION('',(1.,0.));
#652 = ( GEOMETRIC_REPRESENTATION_CONTEXT(2) 
PARAMETRIC_REPRESENTATION_CONTEXT() REPRESENTATION_CONTEXT('2D SPACE',''
  ) );
#653 = ORIENTED_EDGE('',*,*,#654,.F.);
#654 = EDGE_CURVE('',#566,#627,#655,.T.);
#655 = SURFACE_CURVE('',#656,(#660,#667),.PCURVE_S1.);
#656 = LINE('',#657,#658);
#657 = CARTESIAN_POINT('',(0.,-8.,2.));
#658 = VECTOR('',#659,1.);
#659 = DIRECTION('',(0.,1.,0.));
#660 = PCURVE('',#574,#661);
#661 = DEFINITIONAL_REPRESENTATION('',(#662),#666);
#662 = LINE('',#663,#664);
#663 = CARTESIAN_POINT('',(4.,0.));
#664 = VECTOR('',#665,1.);
#665 = DIRECTION('',(0.,-1.));
#666 = ( GEOMETRIC_REPRESENTATION_CONTEXT(2) 
PARAMETRIC_REPRESENTATION_CONTEXT() REPRESENTATION_CONTEXT('2D SPACE',''
  ) );
#667 = PCURVE('',#668,#673);
#668 = PLANE('',#669);
#669 = AXIS2_PLACEMENT_3D('',#670,#671,#672);
#670 = CARTESIAN_POINT('',(0.,-8.,2.));
#671 = DIRECTION('',(0.,0.,1.));
#672 = DIRECTION('',(1.,0.,0.));
#673 = DEFINITIONAL_REPRESENTATION('',(#674),#678);
#674 = LINE('',#675,#676);
#675 = CARTESIAN_POINT('',(0.,0.));
#676 = VECTOR('',#677,1.);
#677 = DIRECTION('',(0.,1.));
#678 = ( GEOMETRIC_REPRESENTATION_CONTEXT(2) 
PARAMETRIC_REPRESENTATION_CONTEXT() REPRESENTATION_CONTEXT('2D SPACE',''
  ) );
#679 = ADVANCED_FACE('',(#680),#694,.T.);
#680 = FACE_BOUND('',#681,.T.);
#681 = EDGE_LOOP('',(#682,#712,#735,#758));
#682 = ORIENTED_EDGE('',*,*,#683,.F.);
#683 = EDGE_CURVE('',#684,#686,#688,.T.);
#684 = VERTEX_POINT('',#685);
#685 = CARTESIAN_POINT('',(100.,-8.,-2.));
#686 = VERTEX_POINT('',#687);
#687 = CARTESIAN_POINT('',(100.,-8.,2.));
#688 = SURFACE_CURVE('',#689,(#693,#705),.PCURVE_S1.);
#689 = LINE('',#690,#691);
#690 = CARTESIAN_POINT('',(100.,-8.,-2.));
#691 = VECTOR('',#692,1.);
#692 = DIRECTION('',(0.,0.,1.));
#693 = PCURVE('',#694,#699);
#694 = PLANE('',#695);
#695 = AXIS2_PLACEMENT_3D('',#696,#697,#698);
#696 = CARTESIAN_POINT('',(100.,-8.,-2.));
#697 = DIRECTION('',(1.,0.,0.));
#698 = DIRECTION('',(0.,0.,1.));
#699 = DEFINITIONAL_REPRESENTATION('',(#700),#704);
#700 = LINE('',#701,#702);
#701 = CARTESIAN_POINT('',(0.,0.));
#702 = VECTOR('',#703,1.);
#703 = DIRECTION('',(1.,0.));
#704 = ( GEOMETRIC_REPRESENTATION_CONTEXT(2) 
PARAMETRIC_REPRESENTATION_CONTEXT() REPRESENTATION_CONTEXT('2D SPACE',''
  ) );
#705 = PCURVE('',#586,#706);
#706 = DEFINITIONAL_REPRESENTATION('',(#707),#711);
#707 = LINE('',#708,#709);
#708 = CARTESIAN_POINT('',(0.,100.));
#709 = VECTOR('',#710,1.);
#710 = DIRECTION('',(1.,0.));
#711 = ( GEOMETRIC_REPRESENTATION_CONTEXT(2) 
PARAMETRIC_REPRESENTATION_CONTEXT() REPRESENTATION_CONTEXT('2D SPACE',''
  ) );
#712 = ORIENTED_EDGE('',*,*,#713,.T.);
#713 = EDGE_CURVE('',#684,#714,#716,.T.);
#714 = VERTEX_POINT('',#715);
#715 = CARTESIAN_POINT('',(100.,8.,-2.));
#716 = SURFACE_CURVE('',#717,(#721,#728),.PCURVE_S1.);
#717 = LINE('',#718,#719);
#718 = CARTESIAN_POINT('',(100.,-8.,-2.));
#719 = VECTOR('',#720,1.);
#720 = DIRECTION('',(0.,1.,0.));
#721 = PCURVE('',#694,#722);
#722 = DEFINITIONAL_REPRESENTATION('',(#723),#727);
#723 = LINE('',#724,#725);
#724 = CARTESIAN_POINT('',(0.,0.));
#725 = VECTOR('',#726,1.);
#726 = DIRECTION('',(0.,-1.));
#727 = ( GEOMETRIC_REPRESENTATION_CONTEXT(2) 
PARAMETRIC_REPRESENTATION_CONTEXT() REPRESENTATION_CONTEXT('2D SPACE',''
  ) );
#728 = PCURVE('',#614,#729);
#729 = DEFINITIONAL_REPRESENTATION('',(#730),#734);
#730 = LINE('',#731,#732);
#731 = CARTESIAN_POINT('',(100.,0.));
#732 = VECTOR('',#733,1.);
#733 = DIRECTION('',(0.,1.));
#734 = ( GEOMETRIC_REPRESENTATION_CONTEXT(2) 
PARAMETRIC_REPRESENTATION_CONTEXT() REPRESENTATION_CONTEXT('2D SPACE',''
  ) );
#735 = ORIENTED_EDGE('',*,*,#736,.T.);
#736 = EDGE_CURVE('',#714,#737,#739,.T.);
#737 = VERTEX_POINT('',#738);
#738 = CARTESIAN_POINT('',(100.,8.,2.));
#739 = SURFACE_CURVE('',#740,(#744,#751),.PCURVE_S1.);
#740 = LINE('',#741,#742);
#741 = CARTESIAN_POINT('',(100.,8.,-2.));
#742 = VECTOR('',#743,1.);
#743 = DIRECTION('',(0.,0.,1.));
#744 = PCURVE('',#694,#745);
#745 = DEFINITIONAL_REPRESENTATION('',(#746),#750);
#746 = LINE('',#747,#748);
#747 = CARTESIAN_POINT('',(0.,-16.));
#748 = VECTOR('',#749,1.);
#749 = DIRECTION('',(1.,0.));
#750 = ( GEOMETRIC_REPRESENTATION_CONTEXT(2) 
PARAMETRIC_REPRESENTATION_CONTEXT() REPRESENTATION_CONTEXT('2D SPACE',''
  ) );
#751 = PCURVE('',#642,#752);
#752 = DEFINITIONAL_REPRESENTATION('',(#753),#757);
#753 = LINE('',#754,#755);
#754 = CARTESIAN_POINT('',(0.,100.));
#755 = VECTOR('',#756,1.);
#756 = DIRECTION('',(1.,0.));
#757 = ( GEOMETRIC_REPRESENTATION_CONTEXT(2) 
PARAMETRIC_REPRESENTATION_CONTEXT() REPRESENTATION_CONTEXT('2D SPACE',''
  ) );
#758 = ORIENTED_EDGE('',*,*,#759,.F.);
#759 = EDGE_CURVE('',#686,#737,#760,.T.);
#760 = SURFACE_CURVE('',#761,(#765,#772),.PCURVE_S1.);
#761 = LINE('',#762,#763);
#762 = CARTESIAN_POINT('',(100.,-8.,2.));
#763 = VECTOR('',#764,1.);
#764 = DIRECTION('',(0.,1.,0.));
#765 = PCURVE('',#694,#766);
#766 = DEFINITIONAL_REPRESENTATION('',(#767),#771);
#767 = LINE('',#768,#769);
#768 = CARTESIAN_POINT('',(4.,0.));
#769 = VECTOR('',#770,1.);
#770 = DIRECTION('',(0.,-1.));
#771 = ( GEOMETRIC_REPRESENTATION_CONTEXT(2) 
PARAMETRIC_REPRESENTATION_CONTEXT() REPRESENTATION_CONTEXT('2D SPACE',''
  ) );
#772 = PCURVE('',#668,#773);
#773 = DEFINITIONAL_REPRESENTATION('',(#774),#778);
#774 = LINE('',#775,#776);
#775 = CARTESIAN_POINT('',(100.,0.));
#776 = VECTOR('',#777,1.);
#777 = DIRECTION('',(0.,1.));
#778 = ( GEOMETRIC_REPRESENTATION_CONTEXT(2) 
PARAMETRIC_REPRESENTATION_CONTEXT() REPRESENTATION_CONTEXT('2D SPACE',''
  ) );
#779 = ADVANCED_FACE('',(#780),#586,.F.);
#780 = FACE_BOUND('',#781,.F.);
#781 = EDGE_LOOP('',(#782,#803,#804,#825));
#782 = ORIENTED_EDGE('',*,*,#783,.F.);
#783 = EDGE_CURVE('',#564,#684,#784,.T.);
#784 = SURFACE_CURVE('',#785,(#789,#796),.PCURVE_S1.);
#785 = LINE('',#786,#787);
#786 = CARTESIAN_POINT('',(0.,-8.,-2.));
#787 = VECTOR('',#788,1.);
#788 = DIRECTION('',(1.,0.,0.));
#789 = PCURVE('',#586,#790);
#790 = DEFINITIONAL_REPRESENTATION('',(#791),#795);
#791 = LINE('',#792,#793);
#792 = CARTESIAN_POINT('',(0.,0.));
#793 = VECTOR('',#794,1.);
#794 = DIRECTION('',(0.,1.));
#795 = ( GEOMETRIC_REPRESENTATION_CONTEXT(2) 
PARAMETRIC_REPRESENTATION_CONTEXT() REPRESENTATION_CONTEXT('2D SPACE',''
  ) );
#796 = PCURVE('',#614,#797);
#797 = DEFINITIONAL_REPRESENTATION('',(#798),#802);
#798 = LINE('',#799,#800);
#799 = CARTESIAN_POINT('',(0.,0.));
#800 = VECTOR('',#801,1.);
#801 = DIRECTION('',(1.,0.));
#802 = ( GEOMETRIC_REPRESENTATION_CONTEXT(2) 
PARAMETRIC_REPRESENTATION_CONTEXT() REPRESENTATION_CONTEXT('2D SPACE',''
  ) );
#803 = ORIENTED_EDGE('',*,*,#563,.T.);
#804 = ORIENTED_EDGE('',*,*,#805,.T.);
#805 = EDGE_CURVE('',#566,#686,#806,.T.);
#806 = SURFACE_CURVE('',#807,(#811,#818),.PCURVE_S1.);
#807 = LINE('',#808,#809);
#808 = CARTESIAN_POINT('',(0.,-8.,2.));
#809 = VECTOR('',#810,1.);
#810 = DIRECTION('',(1.,0.,0.));
#811 = PCURVE('',#586,#812);
#812 = DEFINITIONAL_REPRESENTATION('',(#813),#817);
#813 = LINE('',#814,#815);
#814 = CARTESIAN_POINT('',(4.,0.));
#815 = VECTOR('',#816,1.);
#816 = DIRECTION('',(0.,1.));
#817 = ( GEOMETRIC_REPRESENTATION_CONTEXT(2) 
PARAMETRIC_REPRESENTATION_CONTEXT() REPRESENTATION_CONTEXT('2D SPACE',''
  ) );
#818 = PCURVE('',#668,#819);
#819 = DEFINITIONAL_REPRESENTATION('',(#820),#824);
#820 = LINE('',#821,#822);
#821 = CARTESIAN_POINT('',(0.,0.));
#822 = VECTOR('',#823,1.);
#823 = DIRECTION('',(1.,0.));
#824 = ( GEOMETRIC_REPRESENTATION_CONTEXT(2) 
PARAMETRIC_REPRESENTATION_CONTEXT() REPRESENTATION_CONTEXT('2D SPACE',''
  ) );
#825 = ORIENTED_EDGE('',*,*,#683,.F.);
#826 = ADVANCED_FACE('',(#827),#642,.T.);
#827 = FACE_BOUND('',#828,.T.);
#828 = EDGE_LOOP('',(#829,#850,#851,#872));
#829 = ORIENTED_EDGE('',*,*,#830,.F.);
#830 = EDGE_CURVE('',#599,#714,#831,.T.);
#831 = SURFACE_CURVE('',#832,(#836,#843),.PCURVE_S1.);
#832 = LINE('',#833,#834);
#833 = CARTESIAN_POINT('',(0.,8.,-2.));
#834 = VECTOR('',#835,1.);
#835 = DIRECTION('',(1.,0.,0.));
#836 = PCURVE('',#642,#837);
#837 = DEFINITIONAL_REPRESENTATION('',(#838),#842);
#838 = LINE('',#839,#840);
#839 = CARTESIAN_POINT('',(0.,0.));
#840 = VECTOR('',#841,1.);
#841 = DIRECTION('',(0.,1.));
#842 = ( GEOMETRIC_REPRESENTATION_CONTEXT(2) 
PARAMETRIC_REPRESENTATION_CONTEXT() REPRESENTATION_CONTEXT('2D SPACE',''
  ) );
#843 = PCURVE('',#614,#844);
#844 = DEFINITIONAL_REPRESENTATION('',(#845),#849);
#845 = LINE('',#846,#847);
#846 = CARTESIAN_POINT('',(0.,16.));
#847 = VECTOR('',#848,1.);
#848 = DIRECTION('',(1.,0.));
#849 = ( GEOMETRIC_REPRESENTATION_CONTEXT(2) 
PARAMETRIC_REPRESENTATION_CONTEXT() REPRESENTATION_CONTEXT('2D SPACE',''
  ) );
#850 = ORIENTED_EDGE('',*,*,#626,.T.);
#851 = ORIENTED_EDGE('',*,*,#852,.T.);
#852 = EDGE_CURVE('',#627,#737,#853,.T.);
#853 = SURFACE_CURVE('',#854,(#858,#865),.PCURVE_S1.);
#854 = LINE('',#855,#856);
#855 = CARTESIAN_POINT('',(0.,8.,2.));
#856 = VECTOR('',#857,1.);
#857 = DIRECTION('',(1.,0.,0.));
#858 = PCURVE('',#642,#859);
#859 = DEFINITIONAL_REPRESENTATION('',(#860),#864);
#860 = LINE('',#861,#862);
#861 = CARTESIAN_POINT('',(4.,0.));
#862 = VECTOR('',#863,1.);
#863 = DIRECTION('',(0.,1.));
#864 = ( GEOMETRIC_REPRESENTATION_CONTEXT(2) 
PARAMETRIC_REPRESENTATION_CONTEXT() REPRESENTATION_CONTEXT('2D SPACE',''
  ) );
#865 = PCURVE('',#668,#866);
#866 = DEFINITIONAL_REPRESENTATION('',(#867),#871);
#867 = LINE('',#868,#869);
#868 = CARTESIAN_POINT('',(0.,16.));
#869 = VECTOR('',#870,1.);
#870 = DIRECTION('',(1.,0.));
#871 = ( GEOMETRIC_REPRESENTATION_CONTEXT(2) 
PARAMETRIC_REPRESENTATION_CONTEXT() REPRESENTATION_CONTEXT('2D SPACE',''
  ) );
#872 = ORIENTED_EDGE('',*,*,#736,.F.);
#873 = ADVANCED_FACE('',(#874),#614,.F.);
#874 = FACE_BOUND('',#875,.F.);
#875 = EDGE_LOOP('',(#876,#877,#878,#879));
#876 = ORIENTED_EDGE('',*,*,#598,.F.);
#877 = ORIENTED_EDGE('',*,*,#783,.T.);
#878 = ORIENTED_EDGE('',*,*,#713,.T.);
#879 = ORIENTED_EDGE('',*,*,#830,.F.);
#880 = ADVANCED_FACE('',(#881),#668,.T.);
#881 = FACE_BOUND('',#882,.T.);
#882 = EDGE_LOOP('',(#883,#884,#885,#886));
#883 = ORIENTED_EDGE('',*,*,#654,.F.);
#884 = ORIENTED_EDGE('',*,*,#805,.T.);
#885 = ORIENTED_EDGE('',*,*,#759,.T.);
#886 = ORIENTED_EDGE('',*,*,#852,.F.);
#887 = ( GEOMETRIC_REPRESENTATION_CONTEXT(3) 
GLOBAL_UNCERTAINTY_ASSIGNED_CONTEXT((#891)) GLOBAL_UNIT_ASSIGNED_CONTEXT
((#888,#889,#890)) REPRESENTATION_CONTEXT('Context #1',
  '3D Context with UNIT and UNCERTAINTY') );
#888 = ( LENGTH_UNIT() NAMED_UNIT(*) SI_UNIT(.MILLI.,.METRE.) );
#889 = ( NAMED_UNIT(*) PLANE_ANGLE_UNIT() SI_UNIT($,.RADIAN.) );
#890 = ( NAMED_UNIT(*) SI_UNIT($,.STERADIAN.) SOLID_ANGLE_UNIT() );
#891 = UNCERTAINTY_MEASURE_WITH_UNIT(LENGTH_MEASURE(1.E-07),#888,
  'distance_accuracy_value','confusion accuracy');
#892 = CONTEXT_DEPENDENT_SHAPE_REPRESENTATION(#893,#895);
#893 = ( REPRESENTATION_RELATIONSHIP('','',#556,#44) 
REPRESENTATION_RELATIONSHIP_WITH_TRANSFORMATION(#894) 
SHAPE_REPRESENTATION_RELATIONSHIP() );
#894 = ITEM_DEFINED_TRANSFORMATION('','',#11,#49);
#895 = PRODUCT_DEFINITION_SHAPE('Placement','Placement of an item',#896
  );
#896 = NEXT_ASSEMBLY_USAGE_OCCURRENCE('2','Arm_FL','',#39,#551,$);
#897 = PRODUCT_RELATED_PRODUCT_CATEGORY('part',$,(#553));
#898 = CONTEXT_DEPENDENT_SHAPE_REPRESENTATION(#899,#901);
#899 = ( REPRESENTATION_RELATIONSHIP('','',#556,#44) 
REPRESENTATION_RELATIONSHIP_WITH_TRANSFORMATION(#900) 
SHAPE_REPRESENTATION_RELATIONSHIP() );
#900 = ITEM_DEFINED_TRANSFORMATION('','',#11,#53);
#901 = PRODUCT_DEFINITION_SHAPE('Placement','Placement of an item',#902
  );
#902 = NEXT_ASSEMBLY_USAGE_OCCURRENCE('3','Arm_FR','',#39,#551,$);
#903 = CONTEXT_DEPENDENT_SHAPE_REPRESENTATION(#904,#906);
#904 = ( REPRESENTATION_RELATIONSHIP('','',#556,#44) 
REPRESENTATION_RELATIONSHIP_WITH_TRANSFORMATION(#905) 
SHAPE_REPRESENTATION_RELATIONSHIP() );
#905 = ITEM_DEFINED_TRANSFORMATION('','',#11,#57);
#906 = PRODUCT_DEFINITION_SHAPE('Placement','Placement of an item',#907
  );
#907 = NEXT_ASSEMBLY_USAGE_OCCURRENCE('4','Arm_BL','',#39,#551,$);
#908 = CONTEXT_DEPENDENT_SHAPE_REPRESENTATION(#909,#911);
#909 = ( REPRESENTATION_RELATIONSHIP('','',#556,#44) 
REPRESENTATION_RELATIONSHIP_WITH_TRANSFORMATION(#910) 
SHAPE_REPRESENTATION_RELATIONSHIP() );
#910 = ITEM_DEFINED_TRANSFORMATION('','',#11,#61);
#911 = PRODUCT_DEFINITION_SHAPE('Placement','Placement of an item',#912
  );
#912 = NEXT_ASSEMBLY_USAGE_OCCURRENCE('5','Arm_BR','',#39,#551,$);
#913 = SHAPE_DEFINITION_REPRESENTATION(#914,#920);
#914 = PRODUCT_DEFINITION_SHAPE('','',#915);
#915 = PRODUCT_DEFINITION('design','',#916,#919);
#916 = PRODUCT_DEFINITION_FORMATION('','',#917);
#917 = PRODUCT('Screw','Screw','',(#918));
#918 = PRODUCT_CONTEXT('',#2,'mechanical');
#919 = PRODUCT_DEFINITION_CONTEXT('part definition',#2,'design');
#920 = ADVANCED_BREP_SHAPE_REPRESENTATION('',(#11,#921),#1109);
#921 = MANIFOLD_SOLID_BREP('',#922);
#922 = CLOSED_SHELL('',(#923,#1011,#1046,#1050,#1105));
#923 = ADVANCED_FACE('',(#924),#938,.T.);
#924 = FACE_BOUND('',#925,.F.);
#925 = EDGE_LOOP('',(#926,#956,#983,#984));
#926 = ORIENTED_EDGE('',*,*,#927,.T.);
#927 = EDGE_CURVE('',#928,#930,#932,.T.);
#928 = VERTEX_POINT('',#929);
#929 = CARTESIAN_POINT('',(2.75,0.,0.));
#930 = VERTEX_POINT('',#931);
#931 = CARTESIAN_POINT('',(2.75,0.,3.));
#932 = SEAM_CURVE('',#933,(#937,#949),.PCURVE_S1.);
#933 = LINE('',#934,#935);
#934 = CARTESIAN_POINT('',(2.75,0.,0.));
#935 = VECTOR('',#936,1.);
#936 = DIRECTION('',(0.,0.,1.));
#937 = PCURVE('',#938,#943);
#938 = CYLINDRICAL_SURFACE('',#939,2.75);
#939 = AXIS2_PLACEMENT_3D('',#940,#941,#942);
#940 = CARTESIAN_POINT('',(0.,0.,0.));
#941 = DIRECTION('',(-0.,-0.,-1.));
#942 = DIRECTION('',(1.,0.,0.));
#943 = DEFINITIONAL_REPRESENTATION('',(#944),#948);
#944 = LINE('',#945,#946);
#945 = CARTESIAN_POINT('',(-0.,0.));
#946 = VECTOR('',#947,1.);
#947 = DIRECTION('',(-0.,-1.));
#948 = ( GEOMETRIC_REPRESENTATION_CONTEXT(2) 
PARAMETRIC_REPRESENTATION_CONTEXT() REPRESENTATION_CONTEXT('2D SPACE',''
  ) );
#949 = PCURVE('',#938,#950);
#950 = DEFINITIONAL_REPRESENTATION('',(#951),#955);
#951 = LINE('',#952,#953);
#952 = CARTESIAN_POINT('',(-6.28318530718,0.));
#953 = VECTOR('',#954,1.);
#954 = DIRECTION('',(-0.,-1.));
#955 = ( GEOMETRIC_REPRESENTATION_CONTEXT(2) 
PARAMETRIC_REPRESENTATION_CONTEXT() REPRESENTATION_CONTEXT('2D SPACE',''
  ) );
#956 = ORIENTED_EDGE('',*,*,#957,.T.);
#957 = EDGE_CURVE('',#930,#930,#958,.T.);
#958 = SURFACE_CURVE('',#959,(#964,#971),.PCURVE_S1.);
#959 = CIRCLE('',#960,2.75);
#960 = AXIS2_PLACEMENT_3D('',#961,#962,#963);
#961 = CARTESIAN_POINT('',(0.,0.,3.));
#962 = DIRECTION('',(0.,0.,1.));
#963 = DIRECTION('',(1.,0.,0.));
#964 = PCURVE('',#938,#965);
#965 = DEFINITIONAL_REPRESENTATION('',(#966),#970);
#966 = LINE('',#967,#968);
#967 = CARTESIAN_POINT('',(-0.,-3.));
#968 = VECTOR('',#969,1.);
#969 = DIRECTION('',(-1.,0.));
#970 = ( GEOMETRIC_REPRESENTATION_CONTEXT(2) 
PARAMETRIC_REPRESENTATION_CONTEXT() REPRESENTATION_CONTEXT('2D SPACE',''
  ) );
#971 = PCURVE('',#972,#977);
#972 = PLANE('',#973);
#973 = AXIS2_PLACEMENT_3D('',#974,#975,#976);
#974 = CARTESIAN_POINT('',(-1.864691089826E-16,-1.122592899218E-16,3.));
#975 = DIRECTION('',(0.,0.,1.));
#976 = DIRECTION('',(1.,0.,-0.));
#977 = DEFINITIONAL_REPRESENTATION('',(#978),#982);
#978 = CIRCLE('',#979,2.75);
#979 = AXIS2_PLACEMENT_2D('',#980,#981);
#980 = CARTESIAN_POINT('',(1.864691089826E-16,1.122592899218E-16));
#981 = DIRECTION('',(1.,0.));
#982 = ( GEOMETRIC_REPRESENTATION_CONTEXT(2) 
PARAMETRIC_REPRESENTATION_CONTEXT() REPRESENTATION_CONTEXT('2D SPACE',''
  ) );
#983 = ORIENTED_EDGE('',*,*,#927,.F.);
#984 = ORIENTED_EDGE('',*,*,#985,.F.);
#985 = EDGE_CURVE('',#928,#928,#986,.T.);
#986 = SURFACE_CURVE('',#987,(#992,#999),.PCURVE_S1.);
#987 = CIRCLE('',#988,2.75);
#988 = AXIS2_PLACEMENT_3D('',#989,#990,#991);
#989 = CARTESIAN_POINT('',(0.,0.,0.));
#990 = DIRECTION('',(0.,0.,1.));
#991 = DIRECTION('',(1.,0.,0.));
#992 = PCURVE('',#938,#993);
#993 = DEFINITIONAL_REPRESENTATION('',(#994),#998);
#994 = LINE('',#995,#996);
#995 = CARTESIAN_POINT('',(-0.,0.));
#996 = VECTOR('',#997,1.);
#997 = DIRECTION('',(-1.,0.));
#998 = ( GEOMETRIC_REPRESENTATION_CONTEXT(2) 
PARAMETRIC_REPRESENTATION_CONTEXT() REPRESENTATION_CONTEXT('2D SPACE',''
  ) );
#999 = PCURVE('',#1000,#1005);
#1000 = PLANE('',#1001);
#1001 = AXIS2_PLACEMENT_3D('',#1002,#1003,#1004);
#1002 = CARTESIAN_POINT('',(-1.864691089826E-16,-1.122592899218E-16,0.)
  );
#1003 = DIRECTION('',(0.,0.,1.));
#1004 = DIRECTION('',(1.,0.,-0.));
#1005 = DEFINITIONAL_REPRESENTATION('',(#1006),#1010);
#1006 = CIRCLE('',#1007,2.75);
#1007 = AXIS2_PLACEMENT_2D('',#1008,#1009);
#1008 = CARTESIAN_POINT('',(1.864691089826E-16,1.122592899218E-16));
#1009 = DIRECTION('',(1.,0.));
#1010 = ( GEOMETRIC_REPRESENTATION_CONTEXT(2) 
PARAMETRIC_REPRESENTATION_CONTEXT() REPRESENTATION_CONTEXT('2D SPACE',''
  ) );
#1011 = ADVANCED_FACE('',(#1012,#1015),#1000,.F.);
#1012 = FACE_BOUND('',#1013,.F.);
#1013 = EDGE_LOOP('',(#1014));
#1014 = ORIENTED_EDGE('',*,*,#985,.T.);
#1015 = FACE_BOUND('',#1016,.F.);
#1016 = EDGE_LOOP('',(#1017));
#1017 = ORIENTED_EDGE('',*,*,#1018,.F.);
#1018 = EDGE_CURVE('',#1019,#1019,#1021,.T.);
#1019 = VERTEX_POINT('',#1020);
#1020 = CARTESIAN_POINT('',(1.5,0.,0.));
#1021 = SURFACE_CURVE('',#1022,(#1027,#1034),.PCURVE_S1.);
#1022 = CIRCLE('',#1023,1.5);
#1023 = AXIS2_PLACEMENT_3D('',#1024,#1025,#1026);
#1024 = CARTESIAN_POINT('',(0.,0.,0.));
#1025 = DIRECTION('',(0.,0.,1.));
#1026 = DIRECTION('',(1.,0.,0.));
#1027 = PCURVE('',#1000,#1028);
#1028 = DEFINITIONAL_REPRESENTATION('',(#1029),#1033);
#1029 = CIRCLE('',#1030,1.5);
#1030 = AXIS2_PLACEMENT_2D('',#1031,#1032);
#1031 = CARTESIAN_POINT('',(1.864691089826E-16,1.122592899218E-16));
#1032 = DIRECTION('',(1.,0.));
#1033 = ( GEOMETRIC_REPRESENTATION_CONTEXT(2) 
PARAMETRIC_REPRESENTATION_CONTEXT() REPRESENTATION_CONTEXT('2D SPACE',''
  ) );
#1034 = PCURVE('',#1035,#1040);
#1035 = CYLINDRICAL_SURFACE('',#1036,1.5);
#1036 = AXIS2_PLACEMENT_3D('',#1037,#1038,#1039);
#1037 = CARTESIAN_POINT('',(0.,0.,0.));
#1038 = DIRECTION('',(0.,0.,1.));
#1039 = DIRECTION('',(1.,0.,0.));
#1040 = DEFINITIONAL_REPRESENTATION('',(#1041),#1045);
#1041 = LINE('',#1042,#1043);
#1042 = CARTESIAN_POINT('',(0.,0.));
#1043 = VECTOR('',#1044,1.);
#1044 = DIRECTION('',(1.,0.));
#1045 = ( GEOMETRIC_REPRESENTATION_CONTEXT(2) 
PARAMETRIC_REPRESENTATION_CONTEXT() REPRESENTATION_CONTEXT('2D SPACE',''
  ) );
#1046 = ADVANCED_FACE('',(#1047),#972,.T.);
#1047 = FACE_BOUND('',#1048,.T.);
#1048 = EDGE_LOOP('',(#1049));
#1049 = ORIENTED_EDGE('',*,*,#957,.T.);
#1050 = ADVANCED_FACE('',(#1051),#1035,.T.);
#1051 = FACE_BOUND('',#1052,.T.);
#1052 = EDGE_LOOP('',(#1053,#1076,#1103,#1104));
#1053 = ORIENTED_EDGE('',*,*,#1054,.T.);
#1054 = EDGE_CURVE('',#1019,#1055,#1057,.T.);
#1055 = VERTEX_POINT('',#1056);
#1056 = CARTESIAN_POINT('',(1.5,0.,-8.));
#1057 = SEAM_CURVE('',#1058,(#1062,#1069),.PCURVE_S1.);
#1058 = LINE('',#1059,#1060);
#1059 = CARTESIAN_POINT('',(1.5,0.,0.));
#1060 = VECTOR('',#1061,1.);
#1061 = DIRECTION('',(-0.,-0.,-1.));
#1062 = PCURVE('',#1035,#1063);
#1063 = DEFINITIONAL_REPRESENTATION('',(#1064),#1068);
#1064 = LINE('',#1065,#1066);
#1065 = CARTESIAN_POINT('',(0.,0.));
#1066 = VECTOR('',#1067,1.);
#1067 = DIRECTION('',(0.,-1.));
#1068 = ( GEOMETRIC_REPRESENTATION_CONTEXT(2) 
PARAMETRIC_REPRESENTATION_CONTEXT() REPRESENTATION_CONTEXT('2D SPACE',''
  ) );
#1069 = PCURVE('',#1035,#1070);
#1070 = DEFINITIONAL_REPRESENTATION('',(#1071),#1075);
#1071 = LINE('',#1072,#1073);
#1072 = CARTESIAN_POINT('',(6.28318530718,0.));
#1073 = VECTOR('',#1074,1.);
#1074 = DIRECTION('',(0.,-1.));
#1075 = ( GEOMETRIC_REPRESENTATION_CONTEXT(2) 
PARAMETRIC_REPRESENTATION_CONTEXT() REPRESENTATION_CONTEXT('2D SPACE',''
  ) );
#1076 = ORIENTED_EDGE('',*,*,#1077,.T.);
#1077 = EDGE_CURVE('',#1055,#1055,#1078,.T.);
#1078 = SURFACE_CURVE('',#1079,(#1084,#1091),.PCURVE_S1.);
#1079 = CIRCLE('',#1080,1.5);
#1080 = AXIS2_PLACEMENT_3D('',#1081,#1082,#1083);
#1081 = CARTESIAN_POINT('',(0.,0.,-8.));
#1082 = DIRECTION('',(0.,0.,1.));
#1083 = DIRECTION('',(1.,0.,0.));
#1084 = PCURVE('',#1035,#1085);
#1085 = DEFINITIONAL_REPRESENTATION('',(#1086),#1090);
#1086 = LINE('',#1087,#1088);
#1087 = CARTESIAN_POINT('',(0.,-8.));
#1088 = VECTOR('',#1089,1.);
#1089 = DIRECTION('',(1.,0.));
#1090 = ( GEOMETRIC_REPRESENTATION_CONTEXT(2) 
PARAMETRIC_REPRESENTATION_CONTEXT() REPRESENTATION_CONTEXT('2D SPACE',''
  ) );
#1091 = PCURVE('',#1092,#1097);
#1092 = PLANE('',#1093);
#1093 = AXIS2_PLACEMENT_3D('',#1094,#1095,#1096);
#1094 = CARTESIAN_POINT('',(-8.546500828371E-17,-4.255667768225E-18,-8.)
  );
#1095 = DIRECTION('',(0.,0.,1.));
#1096 = DIRECTION('',(1.,0.,-0.));
#1097 = DEFINITIONAL_REPRESENTATION('',(#1098),#1102);
#1098 = CIRCLE('',#1099,1.5);
#1099 = AXIS2_PLACEMENT_2D('',#1100,#1101);
#1100 = CARTESIAN_POINT('',(8.546500828371E-17,4.255667768225E-18));
#1101 = DIRECTION('',(1.,0.));
#1102 = ( GEOMETRIC_REPRESENTATION_CONTEXT(2) 
PARAMETRIC_REPRESENTATION_CONTEXT() REPRESENTATION_CONTEXT('2D SPACE',''
  ) );
#1103 = ORIENTED_EDGE('',*,*,#1054,.F.);
#1104 = ORIENTED_EDGE('',*,*,#1018,.F.);
#1105 = ADVANCED_FACE('',(#1106),#1092,.F.);
#1106 = FACE_BOUND('',#1107,.F.);
#1107 = EDGE_LOOP('',(#1108));
#1108 = ORIENTED_EDGE('',*,*,#1077,.T.);
#1109 = ( GEOMETRIC_REPRESENTATION_CONTEXT(3) 
GLOBAL_UNCERTAINTY_ASSIGNED_CONTEXT((#1113)) 
GLOBAL_UNIT_ASSIGNED_CONTEXT((#1110,#1111,#1112)) REPRESENTATION_CONTEXT
('Context #1','3D Context with UNIT and UNCERTAINTY') );
#1110 = ( LENGTH_UNIT() NAMED_UNIT(*) SI_UNIT(.MILLI.,.METRE.) );
#1111 = ( NAMED_UNIT(*) PLANE_ANGLE_UNIT() SI_UNIT($,.RADIAN.) );
#1112 = ( NAMED_UNIT(*) SI_UNIT($,.STERADIAN.) SOLID_ANGLE_UNIT() );
#1113 = UNCERTAINTY_MEASURE_WITH_UNIT(LENGTH_MEASURE(1.E-07),#1110,
  'distance_accuracy_value','confusion accuracy');
#1114 = CONTEXT_DEPENDENT_SHAPE_REPRESENTATION(#1115,#1117);
#1115 = ( REPRESENTATION_RELATIONSHIP('','',#920,#44) 
REPRESENTATION_RELATIONSHIP_WITH_TRANSFORMATION(#1116) 
SHAPE_REPRESENTATION_RELATIONSHIP() );
#1116 = ITEM_DEFINED_TRANSFORMATION('','',#11,#65);
#1117 = PRODUCT_DEFINITION_SHAPE('Placement','Placement of an item',
  #1118);
#1118 = NEXT_ASSEMBLY_USAGE_OCCURRENCE('6','Screw_1','',#39,#915,$);
#1119 = PRODUCT_RELATED_PRODUCT_CATEGORY('part',$,(#917));
#1120 = CONTEXT_DEPENDENT_SHAPE_REPRESENTATION(#1121,#1123);
#1121 = ( REPRESENTATION_RELATIONSHIP('','',#920,#44) 
REPRESENTATION_RELATIONSHIP_WITH_TRANSFORMATION(#1122) 
SHAPE_REPRESENTATION_RELATIONSHIP() );
#1122 = ITEM_DEFINED_TRANSFORMATION('','',#11,#69);
#1123 = PRODUCT_DEFINITION_SHAPE('Placement','Placement of an item',
  #1124);
#1124 = NEXT_ASSEMBLY_USAGE_OCCURRENCE('7','Screw_2','',#39,#915,$);
#1125 = CONTEXT_DEPENDENT_SHAPE_REPRESENTATION(#1126,#1128);
#1126 = ( REPRESENTATION_RELATIONSHIP('','',#920,#44) 
REPRESENTATION_RELATIONSHIP_WITH_TRANSFORMATION(#1127) 
SHAPE_REPRESENTATION_RELATIONSHIP() );
#1127 = ITEM_DEFINED_TRANSFORMATION('','',#11,#73);
#1128 = PRODUCT_DEFINITION_SHAPE('Placement','Placement of an item',
  #1129);
#1129 = NEXT_ASSEMBLY_USAGE_OCCURRENCE('8','Screw_3','',#39,#915,$);
#1130 = CONTEXT_DEPENDENT_SHAPE_REPRESENTATION(#1131,#1133);
#1131 = ( REPRESENTATION_RELATIONSHIP('','',#920,#44) 
REPRESENTATION_RELATIONSHIP_WITH_TRANSFORMATION(#1132) 
SHAPE_REPRESENTATION_RELATIONSHIP() );
#1132 = ITEM_DEFINED_TRANSFORMATION('','',#11,#77);
#1133 = PRODUCT_DEFINITION_SHAPE('Placement','Placement of an item',
  #1134);
#1134 = NEXT_ASSEMBLY_USAGE_OCCURRENCE('9','Screw_4','',#39,#915,$);
#1135 = CONTEXT_DEPENDENT_SHAPE_REPRESENTATION(#1136,#1138);
#1136 = ( REPRESENTATION_RELATIONSHIP('','',#920,#44) 
REPRESENTATION_RELATIONSHIP_WITH_TRANSFORMATION(#1137) 
SHAPE_REPRESENTATION_RELATIONSHIP() );
#1137 = ITEM_DEFINED_TRANSFORMATION('','',#11,#81);
#1138 = PRODUCT_DEFINITION_SHAPE('Placement','Placement of an item',
  #1139);
#1139 = NEXT_ASSEMBLY_USAGE_OCCURRENCE('10','Screw_5','',#39,#915,$);
#1140 = CONTEXT_DEPENDENT_SHAPE_REPRESENTATION(#1141,#1143);
#1141 = ( REPRESENTATION_RELATIONSHIP('','',#920,#44) 
REPRESENTATION_RELATIONSHIP_WITH_TRANSFORMATION(#1142) 
SHAPE_REPRESENTATION_RELATIONSHIP() );
#1142 = ITEM_DEFINED_TRANSFORMATION('','',#11,#85);
#1143 = PRODUCT_DEFINITION_SHAPE('Placement','Placement of an item',
  #1144);
#1144 = NEXT_ASSEMBLY_USAGE_OCCURRENCE('11','Screw_6','',#39,#915,$);
#1145 = CONTEXT_DEPENDENT_SHAPE_REPRESENTATION(#1146,#1148);
#1146 = ( REPRESENTATION_RELATIONSHIP('','',#920,#44) 
REPRESENTATION_RELATIONSHIP_WITH_TRANSFORMATION(#1147) 
SHAPE_REPRESENTATION_RELATIONSHIP() );
#1147 = ITEM_DEFINED_TRANSFORMATION('','',#11,#89);
#1148 = PRODUCT_DEFINITION_SHAPE('Placement','Placement of an item',
  #1149);
#1149 = NEXT_ASSEMBLY_USAGE_OCCURRENCE('12','Screw_7','',#39,#915,$);
#1150 = CONTEXT_DEPENDENT_SHAPE_REPRESENTATION(#1151,#1153);
#1151 = ( REPRESENTATION_RELATIONSHIP('','',#920,#44) 
REPRESENTATION_RELATIONSHIP_WITH_TRANSFORMATION(#1152) 
SHAPE_REPRESENTATION_RELATIONSHIP() );
#1152 = ITEM_DEFINED_TRANSFORMATION('','',#11,#93);
#1153 = PRODUCT_DEFINITION_SHAPE('Placement','Placement of an item',
  #1154);
#1154 = NEXT_ASSEMBLY_USAGE_OCCURRENCE('13','Screw_8','',#39,#915,$);
#1155 = SHAPE_DEFINITION_REPRESENTATION(#1156,#1162);
#1156 = PRODUCT_DEFINITION_SHAPE('','',#1157);
#1157 = PRODUCT_DEFINITION('design','',#1158,#1161);
#1158 = PRODUCT_DEFINITION_FORMATION('','',#1159);
#1159 = PRODUCT('Propulsion','Propulsion','',(#1160));
#1160 = PRODUCT_CONTEXT('',#2,'mechanical');
#1161 = PRODUCT_DEFINITION_CONTEXT('part definition',#2,'design');
#1162 = SHAPE_REPRESENTATION('',(#11,#1163,#1167,#1171,#1175,#1179,#1183
    ,#1187,#1191),#1195);
#1163 = AXIS2_PLACEMENT_3D('',#1164,#1165,#1166);
#1164 = CARTESIAN_POINT('',(-77.78174593052,77.78174593052,5.5));
#1165 = DIRECTION('',(0.,0.,1.));
#1166 = DIRECTION('',(1.,0.,0.));
#1167 = AXIS2_PLACEMENT_3D('',#1168,#1169,#1170);
#1168 = CARTESIAN_POINT('',(-77.78174593052,77.78174593052,26.5));
#1169 = DIRECTION('',(0.,0.,1.));
#1170 = DIRECTION('',(-0.707106781187,0.707106781187,0.));
#1171 = AXIS2_PLACEMENT_3D('',#1172,#1173,#1174);
#1172 = CARTESIAN_POINT('',(77.78174593052,77.78174593052,5.5));
#1173 = DIRECTION('',(0.,0.,1.));
#1174 = DIRECTION('',(1.,0.,0.));
#1175 = AXIS2_PLACEMENT_3D('',#1176,#1177,#1178);
#1176 = CARTESIAN_POINT('',(77.78174593052,77.78174593052,26.5));
#1177 = DIRECTION('',(0.,-0.,1.));
#1178 = DIRECTION('',(0.707106781187,0.707106781187,0.));
#1179 = AXIS2_PLACEMENT_3D('',#1180,#1181,#1182);
#1180 = CARTESIAN_POINT('',(-77.78174593052,-77.78174593052,5.5));
#1181 = DIRECTION('',(0.,0.,1.));
#1182 = DIRECTION('',(1.,0.,0.));
#1183 = AXIS2_PLACEMENT_3D('',#1184,#1185,#1186);
#1184 = CARTESIAN_POINT('',(-77.78174593052,-77.78174593052,26.5));
#1185 = DIRECTION('',(0.,0.,1.));
#1186 = DIRECTION('',(-0.707106781187,-0.707106781187,0.));
#1187 = AXIS2_PLACEMENT_3D('',#1188,#1189,#1190);
#1188 = CARTESIAN_POINT('',(77.78174593052,-77.78174593052,5.5));
#1189 = DIRECTION('',(0.,0.,1.));
#1190 = DIRECTION('',(1.,0.,0.));
#1191 = AXIS2_PLACEMENT_3D('',#1192,#1193,#1194);
#1192 = CARTESIAN_POINT('',(77.78174593052,-77.78174593052,26.5));
#1193 = DIRECTION('',(-0.,0.,1.));
#1194 = DIRECTION('',(0.707106781187,-0.707106781187,0.));
#1195 = ( GEOMETRIC_REPRESENTATION_CONTEXT(3) 
GLOBAL_UNCERTAINTY_ASSIGNED_CONTEXT((#1199)) 
GLOBAL_UNIT_ASSIGNED_CONTEXT((#1196,#1197,#1198)) REPRESENTATION_CONTEXT
('Context #1','3D Context with UNIT and UNCERTAINTY') );
#1196 = ( LENGTH_UNIT() NAMED_UNIT(*) SI_UNIT(.MILLI.,.METRE.) );
#1197 = ( NAMED_UNIT(*) PLANE_ANGLE_UNIT() SI_UNIT($,.RADIAN.) );
#1198 = ( NAMED_UNIT(*) SI_UNIT($,.STERADIAN.) SOLID_ANGLE_UNIT() );
#1199 = UNCERTAINTY_MEASURE_WITH_UNIT(LENGTH_MEASURE(1.E-07),#1196,
  'distance_accuracy_value','confusion accuracy');
#1200 = CONTEXT_DEPENDENT_SHAPE_REPRESENTATION(#1201,#1203);
#1201 = ( REPRESENTATION_RELATIONSHIP('','',#1162,#10) 
REPRESENTATION_RELATIONSHIP_WITH_TRANSFORMATION(#1202) 
SHAPE_REPRESENTATION_RELATIONSHIP() );
#1202 = ITEM_DEFINED_TRANSFORMATION('','',#11,#19);
#1203 = PRODUCT_DEFINITION_SHAPE('Placement','Placement of an item',
  #1204);
#1204 = NEXT_ASSEMBLY_USAGE_OCCURRENCE('23','Propulsion','',#5,#1157,$);
#1205 = PRODUCT_RELATED_PRODUCT_CATEGORY('part',$,(#1159));
#1206 = SHAPE_DEFINITION_REPRESENTATION(#1207,#1213);
#1207 = PRODUCT_DEFINITION_SHAPE('','',#1208);
#1208 = PRODUCT_DEFINITION('design','',#1209,#1212);
#1209 = PRODUCT_DEFINITION_FORMATION('','',#1210);
#1210 = PRODUCT('Motor','Motor','',(#1211));
#1211 = PRODUCT_CONTEXT('',#2,'mechanical');
#1212 = PRODUCT_DEFINITION_CONTEXT('part definition',#2,'design');
#1213 = ADVANCED_BREP_SHAPE_REPRESENTATION('',(#11,#1214),#1402);
#1214 = MANIFOLD_SOLID_BREP('',#1215);
#1215 = CLOSED_SHELL('',(#1216,#1304,#1308,#1343,#1398));
#1216 = ADVANCED_FACE('',(#1217),#1231,.T.);
#1217 = FACE_BOUND('',#1218,.F.);
#1218 = EDGE_LOOP('',(#1219,#1249,#1276,#1277));
#1219 = ORIENTED_EDGE('',*,*,#1220,.T.);
#1220 = EDGE_CURVE('',#1221,#1223,#1225,.T.);
#1221 = VERTEX_POINT('',#1222);
#1222 = CARTESIAN_POINT('',(14.,0.,0.));
#1223 = VERTEX_POINT('',#1224);
#1224 = CARTESIAN_POINT('',(14.,0.,15.));
#1225 = SEAM_CURVE('',#1226,(#1230,#1242),.PCURVE_S1.);
#1226 = LINE('',#1227,#1228);
#1227 = CARTESIAN_POINT('',(14.,0.,0.));
#1228 = VECTOR('',#1229,1.);
#1229 = DIRECTION('',(0.,0.,1.));
#1230 = PCURVE('',#1231,#1236);
#1231 = CYLINDRICAL_SURFACE('',#1232,14.);
#1232 = AXIS2_PLACEMENT_3D('',#1233,#1234,#1235);
#1233 = CARTESIAN_POINT('',(0.,0.,0.));
#1234 = DIRECTION('',(-0.,-0.,-1.));
#1235 = DIRECTION('',(1.,0.,0.));
#1236 = DEFINITIONAL_REPRESENTATION('',(#1237),#1241);
#1237 = LINE('',#1238,#1239);
#1238 = CARTESIAN_POINT('',(-0.,0.));
#1239 = VECTOR('',#1240,1.);
#1240 = DIRECTION('',(-0.,-1.));
#1241 = ( GEOMETRIC_REPRESENTATION_CONTEXT(2) 
PARAMETRIC_REPRESENTATION_CONTEXT() REPRESENTATION_CONTEXT('2D SPACE',''
  ) );
#1242 = PCURVE('',#1231,#1243);
#1243 = DEFINITIONAL_REPRESENTATION('',(#1244),#1248);
#1244 = LINE('',#1245,#1246);
#1245 = CARTESIAN_POINT('',(-6.28318530718,0.));
#1246 = VECTOR('',#1247,1.);
#1247 = DIRECTION('',(-0.,-1.));
#1248 = ( GEOMETRIC_REPRESENTATION_CONTEXT(2) 
PARAMETRIC_REPRESENTATION_CONTEXT() REPRESENTATION_CONTEXT('2D SPACE',''
  ) );
#1249 = ORIENTED_EDGE('',*,*,#1250,.T.);
#1250 = EDGE_CURVE('',#1223,#1223,#1251,.T.);
#1251 = SURFACE_CURVE('',#1252,(#1257,#1264),.PCURVE_S1.);
#1252 = CIRCLE('',#1253,14.);
#1253 = AXIS2_PLACEMENT_3D('',#1254,#1255,#1256);
#1254 = CARTESIAN_POINT('',(0.,0.,15.));
#1255 = DIRECTION('',(0.,0.,1.));
#1256 = DIRECTION('',(1.,0.,0.));
#1257 = PCURVE('',#1231,#1258);
#1258 = DEFINITIONAL_REPRESENTATION('',(#1259),#1263);
#1259 = LINE('',#1260,#1261);
#1260 = CARTESIAN_POINT('',(-0.,-15.));
#1261 = VECTOR('',#1262,1.);
#1262 = DIRECTION('',(-1.,0.));
#1263 = ( GEOMETRIC_REPRESENTATION_CONTEXT(2) 
PARAMETRIC_REPRESENTATION_CONTEXT() REPRESENTATION_CONTEXT('2D SPACE',''
  ) );
#1264 = PCURVE('',#1265,#1270);
#1265 = PLANE('',#1266);
#1266 = AXIS2_PLACEMENT_3D('',#1267,#1268,#1269);
#1267 = CARTESIAN_POINT('',(-3.906971807255E-16,9.912868833001E-16,15.)
  );
#1268 = DIRECTION('',(0.,0.,1.));
#1269 = DIRECTION('',(1.,0.,-0.));
#1270 = DEFINITIONAL_REPRESENTATION('',(#1271),#1275);
#1271 = CIRCLE('',#1272,14.);
#1272 = AXIS2_PLACEMENT_2D('',#1273,#1274);
#1273 = CARTESIAN_POINT('',(3.906971807255E-16,-9.912868833001E-16));
#1274 = DIRECTION('',(1.,0.));
#1275 = ( GEOMETRIC_REPRESENTATION_CONTEXT(2) 
PARAMETRIC_REPRESENTATION_CONTEXT() REPRESENTATION_CONTEXT('2D SPACE',''
  ) );
#1276 = ORIENTED_EDGE('',*,*,#1220,.F.);
#1277 = ORIENTED_EDGE('',*,*,#1278,.F.);
#1278 = EDGE_CURVE('',#1221,#1221,#1279,.T.);
#1279 = SURFACE_CURVE('',#1280,(#1285,#1292),.PCURVE_S1.);
#1280 = CIRCLE('',#1281,14.);
#1281 = AXIS2_PLACEMENT_3D('',#1282,#1283,#1284);
#1282 = CARTESIAN_POINT('',(0.,0.,0.));
#1283 = DIRECTION('',(0.,0.,1.));
#1284 = DIRECTION('',(1.,0.,0.));
#1285 = PCURVE('',#1231,#1286);
#1286 = DEFINITIONAL_REPRESENTATION('',(#1287),#1291);
#1287 = LINE('',#1288,#1289);
#1288 = CARTESIAN_POINT('',(-0.,0.));
#1289 = VECTOR('',#1290,1.);
#1290 = DIRECTION('',(-1.,0.));
#1291 = ( GEOMETRIC_REPRESENTATION_CONTEXT(2) 
PARAMETRIC_REPRESENTATION_CONTEXT() REPRESENTATION_CONTEXT('2D SPACE',''
  ) );
#1292 = PCURVE('',#1293,#1298);
#1293 = PLANE('',#1294);
#1294 = AXIS2_PLACEMENT_3D('',#1295,#1296,#1297);
#1295 = CARTESIAN_POINT('',(-3.906971807255E-16,9.912868833001E-16,0.));
#1296 = DIRECTION('',(0.,0.,1.));
#1297 = DIRECTION('',(1.,0.,-0.));
#1298 = DEFINITIONAL_REPRESENTATION('',(#1299),#1303);
#1299 = CIRCLE('',#1300,14.);
#1300 = AXIS2_PLACEMENT_2D('',#1301,#1302);
#1301 = CARTESIAN_POINT('',(3.906971807255E-16,-9.912868833001E-16));
#1302 = DIRECTION('',(1.,0.));
#1303 = ( GEOMETRIC_REPRESENTATION_CONTEXT(2) 
PARAMETRIC_REPRESENTATION_CONTEXT() REPRESENTATION_CONTEXT('2D SPACE',''
  ) );
#1304 = ADVANCED_FACE('',(#1305),#1293,.F.);
#1305 = FACE_BOUND('',#1306,.F.);
#1306 = EDGE_LOOP('',(#1307));
#1307 = ORIENTED_EDGE('',*,*,#1278,.T.);
#1308 = ADVANCED_FACE('',(#1309,#1312),#1265,.T.);
#1309 = FACE_BOUND('',#1310,.T.);
#1310 = EDGE_LOOP('',(#1311));
#1311 = ORIENTED_EDGE('',*,*,#1250,.T.);
#1312 = FACE_BOUND('',#1313,.T.);
#1313 = EDGE_LOOP('',(#1314));
#1314 = ORIENTED_EDGE('',*,*,#1315,.F.);
#1315 = EDGE_CURVE('',#1316,#1316,#1318,.T.);
#1316 = VERTEX_POINT('',#1317);
#1317 = CARTESIAN_POINT('',(2.5,0.,15.));
#1318 = SURFACE_CURVE('',#1319,(#1324,#1331),.PCURVE_S1.);
#1319 = CIRCLE('',#1320,2.5);
#1320 = AXIS2_PLACEMENT_3D('',#1321,#1322,#1323);
#1321 = CARTESIAN_POINT('',(0.,0.,15.));
#1322 = DIRECTION('',(0.,0.,1.));
#1323 = DIRECTION('',(1.,0.,0.));
#1324 = PCURVE('',#1265,#1325);
#1325 = DEFINITIONAL_REPRESENTATION('',(#1326),#1330);
#1326 = CIRCLE('',#1327,2.5);
#1327 = AXIS2_PLACEMENT_2D('',#1328,#1329);
#1328 = CARTESIAN_POINT('',(3.906971807255E-16,-9.912868833001E-16));
#1329 = DIRECTION('',(1.,0.));
#1330 = ( GEOMETRIC_REPRESENTATION_CONTEXT(2) 
PARAMETRIC_REPRESENTATION_CONTEXT() REPRESENTATION_CONTEXT('2D SPACE',''
  ) );
#1331 = PCURVE('',#1332,#1337);
#1332 = CYLINDRICAL_SURFACE('',#1333,2.5);
#1333 = AXIS2_PLACEMENT_3D('',#1334,#1335,#1336);
#1334 = CARTESIAN_POINT('',(0.,0.,15.));
#1335 = DIRECTION('',(-0.,-0.,-1.));
#1336 = DIRECTION('',(1.,0.,0.));
#1337 = DEFINITIONAL_REPRESENTATION('',(#1338),#1342);
#1338 = LINE('',#1339,#1340);
#1339 = CARTESIAN_POINT('',(-0.,0.));
#1340 = VECTOR('',#1341,1.);
#1341 = DIRECTION('',(-1.,0.));
#1342 = ( GEOMETRIC_REPRESENTATION_CONTEXT(2) 
PARAMETRIC_REPRESENTATION_CONTEXT() REPRESENTATION_CONTEXT('2D SPACE',''
  ) );
#1343 = ADVANCED_FACE('',(#1344),#1332,.T.);
#1344 = FACE_BOUND('',#1345,.F.);
#1345 = EDGE_LOOP('',(#1346,#1369,#1396,#1397));
#1346 = ORIENTED_EDGE('',*,*,#1347,.T.);
#1347 = EDGE_CURVE('',#1316,#1348,#1350,.T.);
#1348 = VERTEX_POINT('',#1349);
#1349 = CARTESIAN_POINT('',(2.5,0.,21.));
#1350 = SEAM_CURVE('',#1351,(#1355,#1362),.PCURVE_S1.);
#1351 = LINE('',#1352,#1353);
#1352 = CARTESIAN_POINT('',(2.5,0.,15.));
#1353 = VECTOR('',#1354,1.);
#1354 = DIRECTION('',(0.,0.,1.));
#1355 = PCURVE('',#1332,#1356);
#1356 = DEFINITIONAL_REPRESENTATION('',(#1357),#1361);
#1357 = LINE('',#1358,#1359);
#1358 = CARTESIAN_POINT('',(-0.,0.));
#1359 = VECTOR('',#1360,1.);
#1360 = DIRECTION('',(-0.,-1.));
#1361 = ( GEOMETRIC_REPRESENTATION_CONTEXT(2) 
PARAMETRIC_REPRESENTATION_CONTEXT() REPRESENTATION_CONTEXT('2D SPACE',''
  ) );
#1362 = PCURVE('',#1332,#1363);
#1363 = DEFINITIONAL_REPRESENTATION('',(#1364),#1368);
#1364 = LINE('',#1365,#1366);
#1365 = CARTESIAN_POINT('',(-6.28318530718,0.));
#1366 = VECTOR('',#1367,1.);
#1367 = DIRECTION('',(-0.,-1.));
#1368 = ( GEOMETRIC_REPRESENTATION_CONTEXT(2) 
PARAMETRIC_REPRESENTATION_CONTEXT() REPRESENTATION_CONTEXT('2D SPACE',''
  ) );
#1369 = ORIENTED_EDGE('',*,*,#1370,.T.);
#1370 = EDGE_CURVE('',#1348,#1348,#1371,.T.);
#1371 = SURFACE_CURVE('',#1372,(#1377,#1384),.PCURVE_S1.);
#1372 = CIRCLE('',#1373,2.5);
#1373 = AXIS2_PLACEMENT_3D('',#1374,#1375,#1376);
#1374 = CARTESIAN_POINT('',(0.,0.,21.));
#1375 = DIRECTION('',(0.,0.,1.));
#1376 = DIRECTION('',(1.,0.,0.));
#1377 = PCURVE('',#1332,#1378);
#1378 = DEFINITIONAL_REPRESENTATION('',(#1379),#1383);
#1379 = LINE('',#1380,#1381);
#1380 = CARTESIAN_POINT('',(-0.,-6.));
#1381 = VECTOR('',#1382,1.);
#1382 = DIRECTION('',(-1.,0.));
#1383 = ( GEOMETRIC_REPRESENTATION_CONTEXT(2) 
PARAMETRIC_REPRESENTATION_CONTEXT() REPRESENTATION_CONTEXT('2D SPACE',''
  ) );
#1384 = PCURVE('',#1385,#1390);
#1385 = PLANE('',#1386);
#1386 = AXIS2_PLACEMENT_3D('',#1387,#1388,#1389);
#1387 = CARTESIAN_POINT('',(-1.367440132539E-16,1.714341265789E-16,21.)
  );
#1388 = DIRECTION('',(0.,0.,1.));
#1389 = DIRECTION('',(1.,0.,-0.));
#1390 = DEFINITIONAL_REPRESENTATION('',(#1391),#1395);
#1391 = CIRCLE('',#1392,2.5);
#1392 = AXIS2_PLACEMENT_2D('',#1393,#1394);
#1393 = CARTESIAN_POINT('',(1.367440132539E-16,-1.714341265789E-16));
#1394 = DIRECTION('',(1.,0.));
#1395 = ( GEOMETRIC_REPRESENTATION_CONTEXT(2) 
PARAMETRIC_REPRESENTATION_CONTEXT() REPRESENTATION_CONTEXT('2D SPACE',''
  ) );
#1396 = ORIENTED_EDGE('',*,*,#1347,.F.);
#1397 = ORIENTED_EDGE('',*,*,#1315,.F.);
#1398 = ADVANCED_FACE('',(#1399),#1385,.T.);
#1399 = FACE_BOUND('',#1400,.T.);
#1400 = EDGE_LOOP('',(#1401));
#1401 = ORIENTED_EDGE('',*,*,#1370,.T.);
#1402 = ( GEOMETRIC_REPRESENTATION_CONTEXT(3) 
GLOBAL_UNCERTAINTY_ASSIGNED_CONTEXT((#1406)) 
GLOBAL_UNIT_ASSIGNED_CONTEXT((#1403,#1404,#1405)) REPRESENTATION_CONTEXT
('Context #1','3D Context with UNIT and UNCERTAINTY') );
#1403 = ( LENGTH_UNIT() NAMED_UNIT(*) SI_UNIT(.MILLI.,.METRE.) );
#1404 = ( NAMED_UNIT(*) PLANE_ANGLE_UNIT() SI_UNIT($,.RADIAN.) );
#1405 = ( NAMED_UNIT(*) SI_UNIT($,.STERADIAN.) SOLID_ANGLE_UNIT() );
#1406 = UNCERTAINTY_MEASURE_WITH_UNIT(LENGTH_MEASURE(1.E-07),#1403,
  'distance_accuracy_value','confusion accuracy');
#1407 = CONTEXT_DEPENDENT_SHAPE_REPRESENTATION(#1408,#1410);
#1408 = ( REPRESENTATION_RELATIONSHIP('','',#1213,#1162) 
REPRESENTATION_RELATIONSHIP_WITH_TRANSFORMATION(#1409) 
SHAPE_REPRESENTATION_RELATIONSHIP() );
#1409 = ITEM_DEFINED_TRANSFORMATION('','',#11,#1163);
#1410 = PRODUCT_DEFINITION_SHAPE('Placement','Placement of an item',
  #1411);
#1411 = NEXT_ASSEMBLY_USAGE_OCCURRENCE('15','Motor_FL','',#1157,#1208,$
  );
#1412 = PRODUCT_RELATED_PRODUCT_CATEGORY('part',$,(#1210));
#1413 = SHAPE_DEFINITION_REPRESENTATION(#1414,#1420);
#1414 = PRODUCT_DEFINITION_SHAPE('','',#1415);
#1415 = PRODUCT_DEFINITION('design','',#1416,#1419);
#1416 = PRODUCT_DEFINITION_FORMATION('','',#1417);
#1417 = PRODUCT('Propeller','Propeller','',(#1418));
#1418 = PRODUCT_CONTEXT('',#2,'mechanical');
#1419 = PRODUCT_DEFINITION_CONTEXT('part definition',#2,'design');
#1420 = ADVANCED_BREP_SHAPE_REPRESENTATION('',(#11,#1421),#1971);
#1421 = MANIFOLD_SOLID_BREP('',#1422);
#1422 = CLOSED_SHELL('',(#1423,#1531,#1535,#1653,#1729,#1778,#1827,#1854
    ,#1912,#1967));
#1423 = ADVANCED_FACE('',(#1424),#1437,.T.);
#1424 = FACE_BOUND('',#1425,.F.);
#1425 = EDGE_LOOP('',(#1426,#1460,#1483,#1530));
#1426 = ORIENTED_EDGE('',*,*,#1427,.F.);
#1427 = EDGE_CURVE('',#1428,#1428,#1430,.T.);
#1428 = VERTEX_POINT('',#1429);
#1429 = CARTESIAN_POINT('',(4.,0.,0.));
#1430 = SURFACE_CURVE('',#1431,(#1436,#1448),.PCURVE_S1.);
#1431 = CIRCLE('',#1432,4.);
#1432 = AXIS2_PLACEMENT_3D('',#1433,#1434,#1435);
#1433 = CARTESIAN_POINT('',(0.,0.,0.));
#1434 = DIRECTION('',(0.,0.,1.));
#1435 = DIRECTION('',(1.,0.,0.));
#1436 = PCURVE('',#1437,#1442);
#1437 = CYLINDRICAL_SURFACE('',#1438,4.);
#1438 = AXIS2_PLACEMENT_3D('',#1439,#1440,#1441);
#1439 = CARTESIAN_POINT('',(0.,0.,0.));
#1440 = DIRECTION('',(-0.,-0.,-1.));
#1441 = DIRECTION('',(1.,0.,0.));
#1442 = DEFINITIONAL_REPRESENTATION('',(#1443),#1447);
#1443 = LINE('',#1444,#1445);
#1444 = CARTESIAN_POINT('',(-0.,0.));
#1445 = VECTOR('',#1446,1.);
#1446 = DIRECTION('',(-1.,0.));
#1447 = ( GEOMETRIC_REPRESENTATION_CONTEXT(2) 
PARAMETRIC_REPRESENTATION_CONTEXT() REPRESENTATION_CONTEXT('2D SPACE',''
  ) );
#1448 = PCURVE('',#1449,#1454);
#1449 = PLANE('',#1450);
#1450 = AXIS2_PLACEMENT_3D('',#1451,#1452,#1453);
#1451 = CARTESIAN_POINT('',(-2.563950248511E-16,3.49503809816E-16,0.));
#1452 = DIRECTION('',(0.,0.,1.));
#1453 = DIRECTION('',(1.,0.,-0.));
#1454 = DEFINITIONAL_REPRESENTATION('',(#1455),#1459);
#1455 = CIRCLE('',#1456,4.);
#1456 = AXIS2_PLACEMENT_2D('',#1457,#1458);
#1457 = CARTESIAN_POINT('',(2.563950248511E-16,-3.49503809816E-16));
#1458 = DIRECTION('',(1.,0.));
#1459 = ( GEOMETRIC_REPRESENTATION_CONTEXT(2) 
PARAMETRIC_REPRESENTATION_CONTEXT() REPRESENTATION_CONTEXT('2D SPACE',''
  ) );
#1460 = ORIENTED_EDGE('',*,*,#1461,.T.);
#1461 = EDGE_CURVE('',#1428,#1462,#1464,.T.);
#1462 = VERTEX_POINT('',#1463);
#1463 = CARTESIAN_POINT('',(4.,0.,2.284709876743));
#1464 = SEAM_CURVE('',#1465,(#1469,#1476),.PCURVE_S1.);
#1465 = LINE('',#1466,#1467);
#1466 = CARTESIAN_POINT('',(4.,0.,0.));
#1467 = VECTOR('',#1468,1.);
#1468 = DIRECTION('',(0.,0.,1.));
#1469 = PCURVE('',#1437,#1470);
#1470 = DEFINITIONAL_REPRESENTATION('',(#1471),#1475);
#1471 = LINE('',#1472,#1473);
#1472 = CARTESIAN_POINT('',(-6.28318530718,0.));
#1473 = VECTOR('',#1474,1.);
#1474 = DIRECTION('',(-0.,-1.));
#1475 = ( GEOMETRIC_REPRESENTATION_CONTEXT(2) 
PARAMETRIC_REPRESENTATION_CONTEXT() REPRESENTATION_CONTEXT('2D SPACE',''
  ) );
#1476 = PCURVE('',#1437,#1477);
#1477 = DEFINITIONAL_REPRESENTATION('',(#1478),#1482);
#1478 = LINE('',#1479,#1480);
#1479 = CARTESIAN_POINT('',(-0.,0.));
#1480 = VECTOR('',#1481,1.);
#1481 = DIRECTION('',(-0.,-1.));
#1482 = ( GEOMETRIC_REPRESENTATION_CONTEXT(2) 
PARAMETRIC_REPRESENTATION_CONTEXT() REPRESENTATION_CONTEXT('2D SPACE',''
  ) );
#1483 = ORIENTED_EDGE('',*,*,#1484,.T.);
#1484 = EDGE_CURVE('',#1462,#1462,#1485,.T.);
#1485 = SURFACE_CURVE('',#1486,(#1491,#1518),.PCURVE_S1.);
#1486 = ELLIPSE('',#1487,4.061706447543,4.);
#1487 = AXIS2_PLACEMENT_3D('',#1488,#1489,#1490);
#1488 = CARTESIAN_POINT('',(0.,0.,2.284709876743));
#1489 = DIRECTION('',(0.,-0.173648177667,0.984807753012));
#1490 = DIRECTION('',(0.,-0.984807753012,-0.173648177667));
#1491 = PCURVE('',#1437,#1492);
#1492 = DEFINITIONAL_REPRESENTATION('',(#1493),#1517);
#1493 = B_SPLINE_CURVE_WITH_KNOTS('',8,(#1494,#1495,#1496,#1497,#1498,
    #1499,#1500,#1501,#1502,#1503,#1504,#1505,#1506,#1507,#1508,#1509,
    #1510,#1511,#1512,#1513,#1514,#1515,#1516),.UNSPECIFIED.,.F.,.F.,(9,
    7,7,9),(1.570796326795,3.14159265359,5.497787143782,7.853981633974),
  .UNSPECIFIED.);
#1494 = CARTESIAN_POINT('',(0.,-2.284709876743));
#1495 = CARTESIAN_POINT('',(-0.196349540849,-2.423196763549));
#1496 = CARTESIAN_POINT('',(-0.392699081699,-2.56168316835));
#1497 = CARTESIAN_POINT('',(-0.589048622548,-2.692036508867));
#1498 = CARTESIAN_POINT('',(-0.785398163398,-2.8061120491));
#1499 = CARTESIAN_POINT('',(-0.981747704248,-2.896790771866));
#1500 = CARTESIAN_POINT('',(-1.178097245096,-2.958940871391));
#1501 = CARTESIAN_POINT('',(-1.374446785946,-2.990017799577));
#1502 = CARTESIAN_POINT('',(-1.865320638069,-2.990017799577));
#1503 = CARTESIAN_POINT('',(-2.159844949333,-2.92009445211));
#1504 = CARTESIAN_POINT('',(-2.45436926061,-2.780261006236));
#1505 = CARTESIAN_POINT('',(-2.748893571855,-2.583401026548));
#1506 = CARTESIAN_POINT('',(-3.043417883183,-2.355545533255));
#1507 = CARTESIAN_POINT('',(-3.337942194427,-2.129200717417));
#1508 = CARTESIAN_POINT('',(-3.632466505713,-1.932869386831));
#1509 = CARTESIAN_POINT('',(-4.221515128261,-1.639094336534));
#1510 = CARTESIAN_POINT('',(-4.516039439523,-1.541649552265));
#1511 = CARTESIAN_POINT('',(-4.810563750809,-1.513059092024));
#1512 = CARTESIAN_POINT('',(-5.105088062058,-1.563605651972));
#1513 = CARTESIAN_POINT('',(-5.399612373342,-1.688982001081));
#1514 = CARTESIAN_POINT('',(-5.694136684625,-1.869248463571));
#1515 = CARTESIAN_POINT('',(-5.988660995906,-2.076979546534));
#1516 = CARTESIAN_POINT('',(-6.28318530718,-2.284709876743));
#1517 = ( GEOMETRIC_REPRESENTATION_CONTEXT(2) 
PARAMETRIC_REPRESENTATION_CONTEXT() REPRESENTATION_CONTEXT('2D SPACE',''
  ) );
#1518 = PCURVE('',#1519,#1524);
#1519 = PLANE('',#1520);
#1520 = AXIS2_PLACEMENT_3D('',#1521,#1522,#1523);
#1521 = CARTESIAN_POINT('',(-63.5,-6.299554917824,1.173928378276));
#1522 = DIRECTION('',(0.,-0.173648177667,0.984807753012));
#1523 = DIRECTION('',(1.,0.,0.));
#1524 = DEFINITIONAL_REPRESENTATION('',(#1525),#1529);
#1525 = ELLIPSE('',#1526,4.061706447543,4.);
#1526 = AXIS2_PLACEMENT_2D('',#1527,#1528);
#1527 = CARTESIAN_POINT('',(63.5,6.396735706594));
#1528 = DIRECTION('',(0.,-1.));
#1529 = ( GEOMETRIC_REPRESENTATION_CONTEXT(2) 
PARAMETRIC_REPRESENTATION_CONTEXT() REPRESENTATION_CONTEXT('2D SPACE',''
  ) );
#1530 = ORIENTED_EDGE('',*,*,#1461,.F.);
#1531 = ADVANCED_FACE('',(#1532),#1449,.F.);
#1532 = FACE_BOUND('',#1533,.F.);
#1533 = EDGE_LOOP('',(#1534));
#1534 = ORIENTED_EDGE('',*,*,#1427,.T.);
#1535 = ADVANCED_FACE('',(#1536,#1650),#1519,.F.);
#1536 = FACE_BOUND('',#1537,.F.);
#1537 = EDGE_LOOP('',(#1538,#1568,#1596,#1624));
#1538 = ORIENTED_EDGE('',*,*,#1539,.F.);
#1539 = EDGE_CURVE('',#1540,#1542,#1544,.T.);
#1540 = VERTEX_POINT('',#1541);
#1541 = CARTESIAN_POINT('',(-63.5,-6.299554917824,1.173928378276));
#1542 = VERTEX_POINT('',#1543);
#1543 = CARTESIAN_POINT('',(-63.5,5.518138118323,3.257706510279));
#1544 = SURFACE_CURVE('',#1545,(#1549,#1556),.PCURVE_S1.);
#1545 = LINE('',#1546,#1547);
#1546 = CARTESIAN_POINT('',(-63.5,-6.299554917824,1.173928378276));
#1547 = VECTOR('',#1548,1.);
#1548 = DIRECTION('',(0.,0.984807753012,0.173648177667));
#1549 = PCURVE('',#1519,#1550);
#1550 = DEFINITIONAL_REPRESENTATION('',(#1551),#1555);
#1551 = LINE('',#1552,#1553);
#1552 = CARTESIAN_POINT('',(0.,0.));
#1553 = VECTOR('',#1554,1.);
#1554 = DIRECTION('',(0.,1.));
#1555 = ( GEOMETRIC_REPRESENTATION_CONTEXT(2) 
PARAMETRIC_REPRESENTATION_CONTEXT() REPRESENTATION_CONTEXT('2D SPACE',''
  ) );
#1556 = PCURVE('',#1557,#1562);
#1557 = PLANE('',#1558);
#1558 = AXIS2_PLACEMENT_3D('',#1559,#1560,#1561);
#1559 = CARTESIAN_POINT('',(-63.5,-6.299554917824,1.173928378276));
#1560 = DIRECTION('',(1.,0.,0.));
#1561 = DIRECTION('',(0.,-0.173648177667,0.984807753012));
#1562 = DEFINITIONAL_REPRESENTATION('',(#1563),#1567);
#1563 = LINE('',#1564,#1565);
#1564 = CARTESIAN_POINT('',(0.,0.));
#1565 = VECTOR('',#1566,1.);
#1566 = DIRECTION('',(0.,-1.));
#1567 = ( GEOMETRIC_REPRESENTATION_CONTEXT(2) 
PARAMETRIC_REPRESENTATION_CONTEXT() REPRESENTATION_CONTEXT('2D SPACE',''
  ) );
#1568 = ORIENTED_EDGE('',*,*,#1569,.T.);
#1569 = EDGE_CURVE('',#1540,#1570,#1572,.T.);
#1570 = VERTEX_POINT('',#1571);
#1571 = CARTESIAN_POINT('',(63.5,-6.299554917824,1.173928378276));
#1572 = SURFACE_CURVE('',#1573,(#1577,#1584),.PCURVE_S1.);
#1573 = LINE('',#1574,#1575);
#1574 = CARTESIAN_POINT('',(-63.5,-6.299554917824,1.173928378276));
#1575 = VECTOR('',#1576,1.);
#1576 = DIRECTION('',(1.,0.,0.));
#1577 = PCURVE('',#1519,#1578);
#1578 = DEFINITIONAL_REPRESENTATION('',(#1579),#1583);
#1579 = LINE('',#1580,#1581);
#1580 = CARTESIAN_POINT('',(0.,0.));
#1581 = VECTOR('',#1582,1.);
#1582 = DIRECTION('',(1.,0.));
#1583 = ( GEOMETRIC_REPRESENTATION_CONTEXT(2) 
PARAMETRIC_REPRESENTATION_CONTEXT() REPRESENTATION_CONTEXT('2D SPACE',''
  ) );
#1584 = PCURVE('',#1585,#1590);
#1585 = PLANE('',#1586);
#1586 = AXIS2_PLACEMENT_3D('',#1587,#1588,#1589);
#1587 = CARTESIAN_POINT('',(-63.5,-6.299554917824,1.173928378276));
#1588 = DIRECTION('',(0.,0.984807753012,0.173648177667));
#1589 = DIRECTION('',(0.,-0.173648177667,0.984807753012));
#1590 = DEFINITIONAL_REPRESENTATION('',(#1591),#1595);
#1591 = LINE('',#1592,#1593);
#1592 = CARTESIAN_POINT('',(0.,0.));
#1593 = VECTOR('',#1594,1.);
#1594 = DIRECTION('',(0.,1.));
#1595 = ( GEOMETRIC_REPRESENTATION_CONTEXT(2) 
PARAMETRIC_REPRESENTATION_CONTEXT() REPRESENTATION_CONTEXT('2D SPACE',''
  ) );
#1596 = ORIENTED_EDGE('',*,*,#1597,.T.);
#1597 = EDGE_CURVE('',#1570,#1598,#1600,.T.);
#1598 = VERTEX_POINT('',#1599);
#1599 = CARTESIAN_POINT('',(63.5,5.518138118323,3.257706510279));
#1600 = SURFACE_CURVE('',#1601,(#1605,#1612),.PCURVE_S1.);
#1601 = LINE('',#1602,#1603);
#1602 = CARTESIAN_POINT('',(63.5,-6.299554917824,1.173928378276));
#1603 = VECTOR('',#1604,1.);
#1604 = DIRECTION('',(0.,0.984807753012,0.173648177667));
#1605 = PCURVE('',#1519,#1606);
#1606 = DEFINITIONAL_REPRESENTATION('',(#1607),#1611);
#1607 = LINE('',#1608,#1609);
#1608 = CARTESIAN_POINT('',(127.,0.));
#1609 = VECTOR('',#1610,1.);
#1610 = DIRECTION('',(0.,1.));
#1611 = ( GEOMETRIC_REPRESENTATION_CONTEXT(2) 
PARAMETRIC_REPRESENTATION_CONTEXT() REPRESENTATION_CONTEXT('2D SPACE',''
  ) );
#1612 = PCURVE('',#1613,#1618);
#1613 = PLANE('',#1614);
#1614 = AXIS2_PLACEMENT_3D('',#1615,#1616,#1617);
#1615 = CARTESIAN_POINT('',(63.5,-6.299554917824,1.173928378276));
#1616 = DIRECTION('',(1.,0.,0.));
#1617 = DIRECTION('',(0.,-0.173648177667,0.984807753012));
#1618 = DEFINITIONAL_REPRESENTATION('',(#1619),#1623);
#1619 = LINE('',#1620,#1621);
#1620 = CARTESIAN_POINT('',(0.,0.));
#1621 = VECTOR('',#1622,1.);
#1622 = DIRECTION('',(0.,-1.));
#1623 = ( GEOMETRIC_REPRESENTATION_CONTEXT(2) 
PARAMETRIC_REPRESENTATION_CONTEXT() REPRESENTATION_CONTEXT('2D SPACE',''
  ) );
#1624 = ORIENTED_EDGE('',*,*,#1625,.F.);
#1625 = EDGE_CURVE('',#1542,#1598,#1626,.T.);
#1626 = SURFACE_CURVE('',#1627,(#1631,#1638),.PCURVE_S1.);
#1627 = LINE('',#1628,#1629);
#1628 = CARTESIAN_POINT('',(-63.5,5.518138118323,3.257706510279));
#1629 = VECTOR('',#1630,1.);
#1630 = DIRECTION('',(1.,0.,0.));
#1631 = PCURVE('',#1519,#1632);
#1632 = DEFINITIONAL_REPRESENTATION('',(#1633),#1637);
#1633 = LINE('',#1634,#1635);
#1634 = CARTESIAN_POINT('',(0.,12.));
#1635 = VECTOR('',#1636,1.);
#1636 = DIRECTION('',(1.,0.));
#1637 = ( GEOMETRIC_REPRESENTATION_CONTEXT(2) 
PARAMETRIC_REPRESENTATION_CONTEXT() REPRESENTATION_CONTEXT('2D SPACE',''
  ) );
#1638 = PCURVE('',#1639,#1644);
#1639 = PLANE('',#1640);
#1640 = AXIS2_PLACEMENT_3D('',#1641,#1642,#1643);
#1641 = CARTESIAN_POINT('',(-63.5,5.518138118323,3.257706510279));
#1642 = DIRECTION('',(0.,0.984807753012,0.173648177667));
#1643 = DIRECTION('',(0.,-0.173648177667,0.984807753012));
#1644 = DEFINITIONAL_REPRESENTATION('',(#1645),#1649);
#1645 = LINE('',#1646,#1647);
#1646 = CARTESIAN_POINT('',(0.,0.));
#1647 = VECTOR('',#1648,1.);
#1648 = DIRECTION('',(0.,1.));
#1649 = ( GEOMETRIC_REPRESENTATION_CONTEXT(2) 
PARAMETRIC_REPRESENTATION_CONTEXT() REPRESENTATION_CONTEXT('2D SPACE',''
  ) );
#1650 = FACE_BOUND('',#1651,.F.);
#1651 = EDGE_LOOP('',(#1652));
#1652 = ORIENTED_EDGE('',*,*,#1484,.F.);
#1653 = ADVANCED_FACE('',(#1654),#1557,.F.);
#1654 = FACE_BOUND('',#1655,.F.);
#1655 = EDGE_LOOP('',(#1656,#1679,#1680,#1703));
#1656 = ORIENTED_EDGE('',*,*,#1657,.F.);
#1657 = EDGE_CURVE('',#1540,#1658,#1660,.T.);
#1658 = VERTEX_POINT('',#1659);
#1659 = CARTESIAN_POINT('',(-63.5,-6.560027184324,2.651140007794));
#1660 = SURFACE_CURVE('',#1661,(#1665,#1672),.PCURVE_S1.);
#1661 = LINE('',#1662,#1663);
#1662 = CARTESIAN_POINT('',(-63.5,-6.299554917824,1.173928378276));
#1663 = VECTOR('',#1664,1.);
#1664 = DIRECTION('',(0.,-0.173648177667,0.984807753012));
#1665 = PCURVE('',#1557,#1666);
#1666 = DEFINITIONAL_REPRESENTATION('',(#1667),#1671);
#1667 = LINE('',#1668,#1669);
#1668 = CARTESIAN_POINT('',(0.,0.));
#1669 = VECTOR('',#1670,1.);
#1670 = DIRECTION('',(1.,0.));
#1671 = ( GEOMETRIC_REPRESENTATION_CONTEXT(2) 
PARAMETRIC_REPRESENTATION_CONTEXT() REPRESENTATION_CONTEXT('2D SPACE',''
  ) );
#1672 = PCURVE('',#1585,#1673);
#1673 = DEFINITIONAL_REPRESENTATION('',(#1674),#1678);
#1674 = LINE('',#1675,#1676);
#1675 = CARTESIAN_POINT('',(0.,0.));
#1676 = VECTOR('',#1677,1.);
#1677 = DIRECTION('',(1.,0.));
#1678 = ( GEOMETRIC_REPRESENTATION_CONTEXT(2) 
PARAMETRIC_REPRESENTATION_CONTEXT() REPRESENTATION_CONTEXT('2D SPACE',''
  ) );
#1679 = ORIENTED_EDGE('',*,*,#1539,.T.);
#1680 = ORIENTED_EDGE('',*,*,#1681,.T.);
#1681 = EDGE_CURVE('',#1542,#1682,#1684,.T.);
#1682 = VERTEX_POINT('',#1683);
#1683 = CARTESIAN_POINT('',(-63.5,5.257665851822,4.734918139797));
#1684 = SURFACE_CURVE('',#1685,(#1689,#1696),.PCURVE_S1.);
#1685 = LINE('',#1686,#1687);
#1686 = CARTESIAN_POINT('',(-63.5,5.518138118323,3.257706510279));
#1687 = VECTOR('',#1688,1.);
#1688 = DIRECTION('',(0.,-0.173648177667,0.984807753012));
#1689 = PCURVE('',#1557,#1690);
#1690 = DEFINITIONAL_REPRESENTATION('',(#1691),#1695);
#1691 = LINE('',#1692,#1693);
#1692 = CARTESIAN_POINT('',(-4.440892098501E-16,-12.));
#1693 = VECTOR('',#1694,1.);
#1694 = DIRECTION('',(1.,0.));
#1695 = ( GEOMETRIC_REPRESENTATION_CONTEXT(2) 
PARAMETRIC_REPRESENTATION_CONTEXT() REPRESENTATION_CONTEXT('2D SPACE',''
  ) );
#1696 = PCURVE('',#1639,#1697);
#1697 = DEFINITIONAL_REPRESENTATION('',(#1698),#1702);
#1698 = LINE('',#1699,#1700);
#1699 = CARTESIAN_POINT('',(0.,0.));
#1700 = VECTOR('',#1701,1.);
#1701 = DIRECTION('',(1.,0.));
#1702 = ( GEOMETRIC_REPRESENTATION_CONTEXT(2) 
PARAMETRIC_REPRESENTATION_CONTEXT() REPRESENTATION_CONTEXT('2D SPACE',''
  ) );
#1703 = ORIENTED_EDGE('',*,*,#1704,.F.);
#1704 = EDGE_CURVE('',#1658,#1682,#1705,.T.);
#1705 = SURFACE_CURVE('',#1706,(#1710,#1717),.PCURVE_S1.);
#1706 = LINE('',#1707,#1708);
#1707 = CARTESIAN_POINT('',(-63.5,-6.560027184324,2.651140007794));
#1708 = VECTOR('',#1709,1.);
#1709 = DIRECTION('',(0.,0.984807753012,0.173648177667));
#1710 = PCURVE('',#1557,#1711);
#1711 = DEFINITIONAL_REPRESENTATION('',(#1712),#1716);
#1712 = LINE('',#1713,#1714);
#1713 = CARTESIAN_POINT('',(1.5,-3.885780586188E-16));
#1714 = VECTOR('',#1715,1.);
#1715 = DIRECTION('',(0.,-1.));
#1716 = ( GEOMETRIC_REPRESENTATION_CONTEXT(2) 
PARAMETRIC_REPRESENTATION_CONTEXT() REPRESENTATION_CONTEXT('2D SPACE',''
  ) );
#1717 = PCURVE('',#1718,#1723);
#1718 = PLANE('',#1719);
#1719 = AXIS2_PLACEMENT_3D('',#1720,#1721,#1722);
#1720 = CARTESIAN_POINT('',(-63.5,-6.560027184324,2.651140007794));
#1721 = DIRECTION('',(0.,-0.173648177667,0.984807753012));
#1722 = DIRECTION('',(1.,0.,0.));
#1723 = DEFINITIONAL_REPRESENTATION('',(#1724),#1728);
#1724 = LINE('',#1725,#1726);
#1725 = CARTESIAN_POINT('',(0.,0.));
#1726 = VECTOR('',#1727,1.);
#1727 = DIRECTION('',(0.,1.));
#1728 = ( GEOMETRIC_REPRESENTATION_CONTEXT(2) 
PARAMETRIC_REPRESENTATION_CONTEXT() REPRESENTATION_CONTEXT('2D SPACE',''
  ) );
#1729 = ADVANCED_FACE('',(#1730),#1639,.T.);
#1730 = FACE_BOUND('',#1731,.T.);
#1731 = EDGE_LOOP('',(#1732,#1733,#1734,#1757));
#1732 = ORIENTED_EDGE('',*,*,#1625,.F.);
#1733 = ORIENTED_EDGE('',*,*,#1681,.T.);
#1734 = ORIENTED_EDGE('',*,*,#1735,.T.);
#1735 = EDGE_CURVE('',#1682,#1736,#1738,.T.);
#1736 = VERTEX_POINT('',#1737);
#1737 = CARTESIAN_POINT('',(63.5,5.257665851822,4.734918139797));
#1738 = SURFACE_CURVE('',#1739,(#1743,#1750),.PCURVE_S1.);
#1739 = LINE('',#1740,#1741);
#1740 = CARTESIAN_POINT('',(-63.5,5.257665851822,4.734918139797));
#1741 = VECTOR('',#1742,1.);
#1742 = DIRECTION('',(1.,0.,0.));
#1743 = PCURVE('',#1639,#1744);
#1744 = DEFINITIONAL_REPRESENTATION('',(#1745),#1749);
#1745 = LINE('',#1746,#1747);
#1746 = CARTESIAN_POINT('',(1.5,0.));
#1747 = VECTOR('',#1748,1.);
#1748 = DIRECTION('',(0.,1.));
#1749 = ( GEOMETRIC_REPRESENTATION_CONTEXT(2) 
PARAMETRIC_REPRESENTATION_CONTEXT() REPRESENTATION_CONTEXT('2D SPACE',''
  ) );
#1750 = PCURVE('',#1718,#1751);
#1751 = DEFINITIONAL_REPRESENTATION('',(#1752),#1756);
#1752 = LINE('',#1753,#1754);
#1753 = CARTESIAN_POINT('',(0.,12.));
#1754 = VECTOR('',#1755,1.);
#1755 = DIRECTION('',(1.,0.));
#1756 = ( GEOMETRIC_REPRESENTATION_CONTEXT(2) 
PARAMETRIC_REPRESENTATION_CONTEXT() REPRESENTATION_CONTEXT('2D SPACE',''
  ) );
#1757 = ORIENTED_EDGE('',*,*,#1758,.F.);
#1758 = EDGE_CURVE('',#1598,#1736,#1759,.T.);
#1759 = SURFACE_CURVE('',#1760,(#1764,#1771),.PCURVE_S1.);
#1760 = LINE('',#1761,#1762);
#1761 = CARTESIAN_POINT('',(63.5,5.518138118323,3.257706510279));
#1762 = VECTOR('',#1763,1.);
#1763 = DIRECTION('',(0.,-0.173648177667,0.984807753012));
#1764 = PCURVE('',#1639,#1765);
#1765 = DEFINITIONAL_REPRESENTATION('',(#1766),#1770);
#1766 = LINE('',#1767,#1768);
#1767 = CARTESIAN_POINT('',(0.,127.));
#1768 = VECTOR('',#1769,1.);
#1769 = DIRECTION('',(1.,0.));
#1770 = ( GEOMETRIC_REPRESENTATION_CONTEXT(2) 
PARAMETRIC_REPRESENTATION_CONTEXT() REPRESENTATION_CONTEXT('2D SPACE',''
  ) );
#1771 = PCURVE('',#1613,#1772);
#1772 = DEFINITIONAL_REPRESENTATION('',(#1773),#1777);
#1773 = LINE('',#1774,#1775);
#1774 = CARTESIAN_POINT('',(-4.440892098501E-16,-12.));
#1775 = VECTOR('',#1776,1.);
#1776 = DIRECTION('',(1.,0.));
#1777 = ( GEOMETRIC_REPRESENTATION_CONTEXT(2) 
PARAMETRIC_REPRESENTATION_CONTEXT() REPRESENTATION_CONTEXT('2D SPACE',''
  ) );
#1778 = ADVANCED_FACE('',(#1779),#1585,.F.);
#1779 = FACE_BOUND('',#1780,.F.);
#1780 = EDGE_LOOP('',(#1781,#1782,#1783,#1806));
#1781 = ORIENTED_EDGE('',*,*,#1569,.F.);
#1782 = ORIENTED_EDGE('',*,*,#1657,.T.);
#1783 = ORIENTED_EDGE('',*,*,#1784,.T.);
#1784 = EDGE_CURVE('',#1658,#1785,#1787,.T.);
#1785 = VERTEX_POINT('',#1786);
#1786 = CARTESIAN_POINT('',(63.5,-6.560027184324,2.651140007794));
#1787 = SURFACE_CURVE('',#1788,(#1792,#1799),.PCURVE_S1.);
#1788 = LINE('',#1789,#1790);
#1789 = CARTESIAN_POINT('',(-63.5,-6.560027184324,2.651140007794));
#1790 = VECTOR('',#1791,1.);
#1791 = DIRECTION('',(1.,0.,0.));
#1792 = PCURVE('',#1585,#1793);
#1793 = DEFINITIONAL_REPRESENTATION('',(#1794),#1798);
#1794 = LINE('',#1795,#1796);
#1795 = CARTESIAN_POINT('',(1.5,0.));
#1796 = VECTOR('',#1797,1.);
#1797 = DIRECTION('',(0.,1.));
#1798 = ( GEOMETRIC_REPRESENTATION_CONTEXT(2) 
PARAMETRIC_REPRESENTATION_CONTEXT() REPRESENTATION_CONTEXT('2D SPACE',''
  ) );
#1799 = PCURVE('',#1718,#1800);
#1800 = DEFINITIONAL_REPRESENTATION('',(#1801),#1805);
#1801 = LINE('',#1802,#1803);
#1802 = CARTESIAN_POINT('',(0.,0.));
#1803 = VECTOR('',#1804,1.);
#1804 = DIRECTION('',(1.,0.));
#1805 = ( GEOMETRIC_REPRESENTATION_CONTEXT(2) 
PARAMETRIC_REPRESENTATION_CONTEXT() REPRESENTATION_CONTEXT('2D SPACE',''
  ) );
#1806 = ORIENTED_EDGE('',*,*,#1807,.F.);
#1807 = EDGE_CURVE('',#1570,#1785,#1808,.T.);
#1808 = SURFACE_CURVE('',#1809,(#1813,#1820),.PCURVE_S1.);
#1809 = LINE('',#1810,#1811);
#1810 = CARTESIAN_POINT('',(63.5,-6.299554917824,1.173928378276));
#1811 = VECTOR('',#1812,1.);
#1812 = DIRECTION('',(0.,-0.173648177667,0.984807753012));
#1813 = PCURVE('',#1585,#1814);
#1814 = DEFINITIONAL_REPRESENTATION('',(#1815),#1819);
#1815 = LINE('',#1816,#1817);
#1816 = CARTESIAN_POINT('',(0.,127.));
#1817 = VECTOR('',#1818,1.);
#1818 = DIRECTION('',(1.,0.));
#1819 = ( GEOMETRIC_REPRESENTATION_CONTEXT(2) 
PARAMETRIC_REPRESENTATION_CONTEXT() REPRESENTATION_CONTEXT('2D SPACE',''
  ) );
#1820 = PCURVE('',#1613,#1821);
#1821 = DEFINITIONAL_REPRESENTATION('',(#1822),#1826);
#1822 = LINE('',#1823,#1824);
#1823 = CARTESIAN_POINT('',(0.,0.));
#1824 = VECTOR('',#1825,1.);
#1825 = DIRECTION('',(1.,0.));
#1826 = ( GEOMETRIC_REPRESENTATION_CONTEXT(2) 
PARAMETRIC_REPRESENTATION_CONTEXT() REPRESENTATION_CONTEXT('2D SPACE',''
  ) );
#1827 = ADVANCED_FACE('',(#1828),#1613,.T.);
#1828 = FACE_BOUND('',#1829,.T.);
#1829 = EDGE_LOOP('',(#1830,#1831,#1832,#1833));
#1830 = ORIENTED_EDGE('',*,*,#1807,.F.);
#1831 = ORIENTED_EDGE('',*,*,#1597,.T.);
#1832 = ORIENTED_EDGE('',*,*,#1758,.T.);
#1833 = ORIENTED_EDGE('',*,*,#1834,.F.);
#1834 = EDGE_CURVE('',#1785,#1736,#1835,.T.);
#1835 = SURFACE_CURVE('',#1836,(#1840,#1847),.PCURVE_S1.);
#1836 = LINE('',#1837,#1838);
#1837 = CARTESIAN_POINT('',(63.5,-6.560027184324,2.651140007794));
#1838 = VECTOR('',#1839,1.);
#1839 = DIRECTION('',(0.,0.984807753012,0.173648177667));
#1840 = PCURVE('',#1613,#1841);
#1841 = DEFINITIONAL_REPRESENTATION('',(#1842),#1846);
#1842 = LINE('',#1843,#1844);
#1843 = CARTESIAN_POINT('',(1.5,-3.885780586188E-16));
#1844 = VECTOR('',#1845,1.);
#1845 = DIRECTION('',(0.,-1.));
#1846 = ( GEOMETRIC_REPRESENTATION_CONTEXT(2) 
PARAMETRIC_REPRESENTATION_CONTEXT() REPRESENTATION_CONTEXT('2D SPACE',''
  ) );
#1847 = PCURVE('',#1718,#1848);
#1848 = DEFINITIONAL_REPRESENTATION('',(#1849),#1853);
#1849 = LINE('',#1850,#1851);
#1850 = CARTESIAN_POINT('',(127.,0.));
#1851 = VECTOR('',#1852,1.);
#1852 = DIRECTION('',(0.,1.));
#1853 = ( GEOMETRIC_REPRESENTATION_CONTEXT(2) 
PARAMETRIC_REPRESENTATION_CONTEXT() REPRESENTATION_CONTEXT('2D SPACE',''
  ) );
#1854 = ADVANCED_FACE('',(#1855,#1861),#1718,.T.);
#1855 = FACE_BOUND('',#1856,.T.);
#1856 = EDGE_LOOP('',(#1857,#1858,#1859,#1860));
#1857 = ORIENTED_EDGE('',*,*,#1704,.F.);
#1858 = ORIENTED_EDGE('',*,*,#1784,.T.);
#1859 = ORIENTED_EDGE('',*,*,#1834,.T.);
#1860 = ORIENTED_EDGE('',*,*,#1735,.F.);
#1861 = FACE_BOUND('',#1862,.T.);
#1862 = EDGE_LOOP('',(#1863));
#1863 = ORIENTED_EDGE('',*,*,#1864,.F.);
#1864 = EDGE_CURVE('',#1865,#1865,#1867,.T.);
#1865 = VERTEX_POINT('',#1866);
#1866 = CARTESIAN_POINT('',(4.,0.,3.807849794572));
#1867 = SURFACE_CURVE('',#1868,(#1873,#1880),.PCURVE_S1.);
#1868 = ELLIPSE('',#1869,4.061706447543,4.);
#1869 = AXIS2_PLACEMENT_3D('',#1870,#1871,#1872);
#1870 = CARTESIAN_POINT('',(0.,0.,3.807849794572));
#1871 = DIRECTION('',(0.,-0.173648177667,0.984807753012));
#1872 = DIRECTION('',(0.,-0.984807753012,-0.173648177667));
#1873 = PCURVE('',#1718,#1874);
#1874 = DEFINITIONAL_REPRESENTATION('',(#1875),#1879);
#1875 = ELLIPSE('',#1876,4.061706447543,4.);
#1876 = AXIS2_PLACEMENT_2D('',#1877,#1878);
#1877 = CARTESIAN_POINT('',(63.5,6.661226177657));
#1878 = DIRECTION('',(0.,-1.));
#1879 = ( GEOMETRIC_REPRESENTATION_CONTEXT(2) 
PARAMETRIC_REPRESENTATION_CONTEXT() REPRESENTATION_CONTEXT('2D SPACE',''
  ) );
#1880 = PCURVE('',#1881,#1886);
#1881 = CYLINDRICAL_SURFACE('',#1882,4.);
#1882 = AXIS2_PLACEMENT_3D('',#1883,#1884,#1885);
#1883 = CARTESIAN_POINT('',(0.,0.,0.));
#1884 = DIRECTION('',(-0.,-0.,-1.));
#1885 = DIRECTION('',(1.,0.,0.));
#1886 = DEFINITIONAL_REPRESENTATION('',(#1887),#1911);
#1887 = B_SPLINE_CURVE_WITH_KNOTS('',8,(#1888,#1889,#1890,#1891,#1892,
    #1893,#1894,#1895,#1896,#1897,#1898,#1899,#1900,#1901,#1902,#1903,
    #1904,#1905,#1906,#1907,#1908,#1909,#1910),.UNSPECIFIED.,.F.,.F.,(9,
    7,7,9),(1.570796326795,3.14159265359,5.497787143782,7.853981633974),
  .UNSPECIFIED.);
#1888 = CARTESIAN_POINT('',(0.,-3.807849794572));
#1889 = CARTESIAN_POINT('',(-0.196349540849,-3.946336681377));
#1890 = CARTESIAN_POINT('',(-0.392699081699,-4.084823086179));
#1891 = CARTESIAN_POINT('',(-0.589048622548,-4.215176426696));
#1892 = CARTESIAN_POINT('',(-0.785398163398,-4.32925196693));
#1893 = CARTESIAN_POINT('',(-0.981747704248,-4.419930689697));
#1894 = CARTESIAN_POINT('',(-1.178097245096,-4.482080789219));
#1895 = CARTESIAN_POINT('',(-1.374446785946,-4.513157717405));
#1896 = CARTESIAN_POINT('',(-1.865320638069,-4.513157717405));
#1897 = CARTESIAN_POINT('',(-2.159844949333,-4.44323436993));
#1898 = CARTESIAN_POINT('',(-2.45436926061,-4.303400924091));
#1899 = CARTESIAN_POINT('',(-2.748893571855,-4.106540944322));
#1900 = CARTESIAN_POINT('',(-3.043417883183,-3.878685451107));
#1901 = CARTESIAN_POINT('',(-3.337942194427,-3.652340635238));
#1902 = CARTESIAN_POINT('',(-3.632466505713,-3.45600930466));
#1903 = CARTESIAN_POINT('',(-4.221515128261,-3.162234254362));
#1904 = CARTESIAN_POINT('',(-4.516039439523,-3.064789470092));
#1905 = CARTESIAN_POINT('',(-4.810563750809,-3.036199009844));
#1906 = CARTESIAN_POINT('',(-5.105088062058,-3.08674556981));
#1907 = CARTESIAN_POINT('',(-5.399612373342,-3.212121918901));
#1908 = CARTESIAN_POINT('',(-5.694136684625,-3.392388381399));
#1909 = CARTESIAN_POINT('',(-5.988660995906,-3.600119464363));
#1910 = CARTESIAN_POINT('',(-6.28318530718,-3.807849794572));
#1911 = ( GEOMETRIC_REPRESENTATION_CONTEXT(2) 
PARAMETRIC_REPRESENTATION_CONTEXT() REPRESENTATION_CONTEXT('2D SPACE',''
  ) );
#1912 = ADVANCED_FACE('',(#1913),#1881,.T.);
#1913 = FACE_BOUND('',#1914,.F.);
#1914 = EDGE_LOOP('',(#1915,#1916,#1939,#1966));
#1915 = ORIENTED_EDGE('',*,*,#1864,.F.);
#1916 = ORIENTED_EDGE('',*,*,#1917,.T.);
#1917 = EDGE_CURVE('',#1865,#1918,#1920,.T.);
#1918 = VERTEX_POINT('',#1919);
#1919 = CARTESIAN_POINT('',(4.,0.,6.));
#1920 = SEAM_CURVE('',#1921,(#1925,#1932),.PCURVE_S1.);
#1921 = LINE('',#1922,#1923);
#1922 = CARTESIAN_POINT('',(4.,0.,0.));
#1923 = VECTOR('',#1924,1.);
#1924 = DIRECTION('',(0.,0.,1.));
#1925 = PCURVE('',#1881,#1926);
#1926 = DEFINITIONAL_REPRESENTATION('',(#1927),#1931);
#1927 = LINE('',#1928,#1929);
#1928 = CARTESIAN_POINT('',(-6.28318530718,0.));
#1929 = VECTOR('',#1930,1.);
#1930 = DIRECTION('',(-0.,-1.));
#1931 = ( GEOMETRIC_REPRESENTATION_CONTEXT(2) 
PARAMETRIC_REPRESENTATION_CONTEXT() REPRESENTATION_CONTEXT('2D SPACE',''
  ) );
#1932 = PCURVE('',#1881,#1933);
#1933 = DEFINITIONAL_REPRESENTATION('',(#1934),#1938);
#1934 = LINE('',#1935,#1936);
#1935 = CARTESIAN_POINT('',(-0.,0.));
#1936 = VECTOR('',#1937,1.);
#1937 = DIRECTION('',(-0.,-1.));
#1938 = ( GEOMETRIC_REPRESENTATION_CONTEXT(2) 
PARAMETRIC_REPRESENTATION_CONTEXT() REPRESENTATION_CONTEXT('2D SPACE',''
  ) );
#1939 = ORIENTED_EDGE('',*,*,#1940,.T.);
#1940 = EDGE_CURVE('',#1918,#1918,#1941,.T.);
#1941 = SURFACE_CURVE('',#1942,(#1947,#1954),.PCURVE_S1.);
#1942 = CIRCLE('',#1943,4.);
#1943 = AXIS2_PLACEMENT_3D('',#1944,#1945,#1946);
#1944 = CARTESIAN_POINT('',(0.,0.,6.));
#1945 = DIRECTION('',(0.,0.,1.));
#1946 = DIRECTION('',(1.,0.,0.));
#1947 = PCURVE('',#1881,#1948);
#1948 = DEFINITIONAL_REPRESENTATION('',(#1949),#1953);
#1949 = LINE('',#1950,#1951);
#1950 = CARTESIAN_POINT('',(-0.,-6.));
#1951 = VECTOR('',#1952,1.);
#1952 = DIRECTION('',(-1.,0.));
#1953 = ( GEOMETRIC_REPRESENTATION_CONTEXT(2) 
PARAMETRIC_REPRESENTATION_CONTEXT() REPRESENTATION_CONTEXT('2D SPACE',''
  ) );
#1954 = PCURVE('',#1955,#1960);
#1955 = PLANE('',#1956);
#1956 = AXIS2_PLACEMENT_3D('',#1957,#1958,#1959);
#1957 = CARTESIAN_POINT('',(-2.563950248511E-16,3.49503809816E-16,6.));
#1958 = DIRECTION('',(0.,0.,1.));
#1959 = DIRECTION('',(1.,0.,-0.));
#1960 = DEFINITIONAL_REPRESENTATION('',(#1961),#1965);
#1961 = CIRCLE('',#1962,4.);
#1962 = AXIS2_PLACEMENT_2D('',#1963,#1964);
#1963 = CARTESIAN_POINT('',(2.563950248511E-16,-3.49503809816E-16));
#1964 = DIRECTION('',(1.,0.));
#1965 = ( GEOMETRIC_REPRESENTATION_CONTEXT(2) 
PARAMETRIC_REPRESENTATION_CONTEXT() REPRESENTATION_CONTEXT('2D SPACE',''
  ) );
#1966 = ORIENTED_EDGE('',*,*,#1917,.F.);
#1967 = ADVANCED_FACE('',(#1968),#1955,.T.);
#1968 = FACE_BOUND('',#1969,.T.);
#1969 = EDGE_LOOP('',(#1970));
#1970 = ORIENTED_EDGE('',*,*,#1940,.T.);
#1971 = ( GEOMETRIC_REPRESENTATION_CONTEXT(3) 
GLOBAL_UNCERTAINTY_ASSIGNED_CONTEXT((#1975)) 
GLOBAL_UNIT_ASSIGNED_CONTEXT((#1972,#1973,#1974)) REPRESENTATION_CONTEXT
('Context #1','3D Context with UNIT and UNCERTAINTY') );
#1972 = ( LENGTH_UNIT() NAMED_UNIT(*) SI_UNIT(.MILLI.,.METRE.) );
#1973 = ( NAMED_UNIT(*) PLANE_ANGLE_UNIT() SI_UNIT($,.RADIAN.) );
#1974 = ( NAMED_UNIT(*) SI_UNIT($,.STERADIAN.) SOLID_ANGLE_UNIT() );
#1975 = UNCERTAINTY_MEASURE_WITH_UNIT(LENGTH_MEASURE(1.E-07),#1972,
  'distance_accuracy_value','confusion accuracy');
#1976 = CONTEXT_DEPENDENT_SHAPE_REPRESENTATION(#1977,#1979);
#1977 = ( REPRESENTATION_RELATIONSHIP('','',#1420,#1162) 
REPRESENTATION_RELATIONSHIP_WITH_TRANSFORMATION(#1978) 
SHAPE_REPRESENTATION_RELATIONSHIP() );
#1978 = ITEM_DEFINED_TRANSFORMATION('','',#11,#1167);
#1979 = PRODUCT_DEFINITION_SHAPE('Placement','Placement of an item',
  #1980);
#1980 = NEXT_ASSEMBLY_USAGE_OCCURRENCE('16','Prop_FL','',#1157,#1415,$);
#1981 = PRODUCT_RELATED_PRODUCT_CATEGORY('part',$,(#1417));
#1982 = CONTEXT_DEPENDENT_SHAPE_REPRESENTATION(#1983,#1985);
#1983 = ( REPRESENTATION_RELATIONSHIP('','',#1213,#1162) 
REPRESENTATION_RELATIONSHIP_WITH_TRANSFORMATION(#1984) 
SHAPE_REPRESENTATION_RELATIONSHIP() );
#1984 = ITEM_DEFINED_TRANSFORMATION('','',#11,#1171);
#1985 = PRODUCT_DEFINITION_SHAPE('Placement','Placement of an item',
  #1986);
#1986 = NEXT_ASSEMBLY_USAGE_OCCURRENCE('17','Motor_FR','',#1157,#1208,$
  );
#1987 = CONTEXT_DEPENDENT_SHAPE_REPRESENTATION(#1988,#1990);
#1988 = ( REPRESENTATION_RELATIONSHIP('','',#1420,#1162) 
REPRESENTATION_RELATIONSHIP_WITH_TRANSFORMATION(#1989) 
SHAPE_REPRESENTATION_RELATIONSHIP() );
#1989 = ITEM_DEFINED_TRANSFORMATION('','',#11,#1175);
#1990 = PRODUCT_DEFINITION_SHAPE('Placement','Placement of an item',
  #1991);
#1991 = NEXT_ASSEMBLY_USAGE_OCCURRENCE('18','Prop_FR','',#1157,#1415,$);
#1992 = CONTEXT_DEPENDENT_SHAPE_REPRESENTATION(#1993,#1995);
#1993 = ( REPRESENTATION_RELATIONSHIP('','',#1213,#1162) 
REPRESENTATION_RELATIONSHIP_WITH_TRANSFORMATION(#1994) 
SHAPE_REPRESENTATION_RELATIONSHIP() );
#1994 = ITEM_DEFINED_TRANSFORMATION('','',#11,#1179);
#1995 = PRODUCT_DEFINITION_SHAPE('Placement','Placement of an item',
  #1996);
#1996 = NEXT_ASSEMBLY_USAGE_OCCURRENCE('19','Motor_BL','',#1157,#1208,$
  );
#1997 = CONTEXT_DEPENDENT_SHAPE_REPRESENTATION(#1998,#2000);
#1998 = ( REPRESENTATION_RELATIONSHIP('','',#1420,#1162) 
REPRESENTATION_RELATIONSHIP_WITH_TRANSFORMATION(#1999) 
SHAPE_REPRESENTATION_RELATIONSHIP() );
#1999 = ITEM_DEFINED_TRANSFORMATION('','',#11,#1183);
#2000 = PRODUCT_DEFINITION_SHAPE('Placement','Placement of an item',
  #2001);
#2001 = NEXT_ASSEMBLY_USAGE_OCCURRENCE('20','Prop_BL','',#1157,#1415,$);
#2002 = CONTEXT_DEPENDENT_SHAPE_REPRESENTATION(#2003,#2005);
#2003 = ( REPRESENTATION_RELATIONSHIP('','',#1213,#1162) 
REPRESENTATION_RELATIONSHIP_WITH_TRANSFORMATION(#2004) 
SHAPE_REPRESENTATION_RELATIONSHIP() );
#2004 = ITEM_DEFINED_TRANSFORMATION('','',#11,#1187);
#2005 = PRODUCT_DEFINITION_SHAPE('Placement','Placement of an item',
  #2006);
#2006 = NEXT_ASSEMBLY_USAGE_OCCURRENCE('21','Motor_BR','',#1157,#1208,$
  );
#2007 = CONTEXT_DEPENDENT_SHAPE_REPRESENTATION(#2008,#2010);
#2008 = ( REPRESENTATION_RELATIONSHIP('','',#1420,#1162) 
REPRESENTATION_RELATIONSHIP_WITH_TRANSFORMATION(#2009) 
SHAPE_REPRESENTATION_RELATIONSHIP() );
#2009 = ITEM_DEFINED_TRANSFORMATION('','',#11,#1191);
#2010 = PRODUCT_DEFINITION_SHAPE('Placement','Placement of an item',
  #2011);
#2011 = NEXT_ASSEMBLY_USAGE_OCCURRENCE('22','Prop_BR','',#1157,#1415,$);
#2012 = SHAPE_DEFINITION_REPRESENTATION(#2013,#2019);
#2013 = PRODUCT_DEFINITION_SHAPE('','',#2014);
#2014 = PRODUCT_DEFINITION('design','',#2015,#2018);
#2015 = PRODUCT_DEFINITION_FORMATION('','',#2016);
#2016 = PRODUCT('Electronics','Electronics','',(#2017));
#2017 = PRODUCT_CONTEXT('',#2,'mechanical');
#2018 = PRODUCT_DEFINITION_CONTEXT('part definition',#2,'design');
#2019 = SHAPE_REPRESENTATION('',(#11,#2020,#2024,#2028,#2032,#2036),
  #2040);
#2020 = AXIS2_PLACEMENT_3D('',#2021,#2022,#2023);
#2021 = CARTESIAN_POINT('',(15.25,15.25,0.));
#2022 = DIRECTION('',(0.,0.,1.));
#2023 = DIRECTION('',(1.,0.,0.));
#2024 = AXIS2_PLACEMENT_3D('',#2025,#2026,#2027);
#2025 = CARTESIAN_POINT('',(-15.25,15.25,0.));
#2026 = DIRECTION('',(0.,0.,1.));
#2027 = DIRECTION('',(1.,0.,0.));
#2028 = AXIS2_PLACEMENT_3D('',#2029,#2030,#2031);
#2029 = CARTESIAN_POINT('',(-15.25,-15.25,0.));
#2030 = DIRECTION('',(0.,0.,1.));
#2031 = DIRECTION('',(1.,0.,0.));
#2032 = AXIS2_PLACEMENT_3D('',#2033,#2034,#2035);
#2033 = CARTESIAN_POINT('',(15.25,-15.25,0.));
#2034 = DIRECTION('',(0.,0.,1.));
#2035 = DIRECTION('',(1.,0.,0.));
#2036 = AXIS2_PLACEMENT_3D('',#2037,#2038,#2039);
#2037 = CARTESIAN_POINT('',(0.,0.,20.8));
#2038 = DIRECTION('',(0.,0.,1.));
#2039 = DIRECTION('',(1.,0.,0.));
#2040 = ( GEOMETRIC_REPRESENTATION_CONTEXT(3) 
GLOBAL_UNCERTAINTY_ASSIGNED_CONTEXT((#2044)) 
GLOBAL_UNIT_ASSIGNED_CONTEXT((#2041,#2042,#2043)) REPRESENTATION_CONTEXT
('Context #1','3D Context with UNIT and UNCERTAINTY') );
#2041 = ( LENGTH_UNIT() NAMED_UNIT(*) SI_UNIT(.MILLI.,.METRE.) );
#2042 = ( NAMED_UNIT(*) PLANE_ANGLE_UNIT() SI_UNIT($,.RADIAN.) );
#2043 = ( NAMED_UNIT(*) SI_UNIT($,.STERADIAN.) SOLID_ANGLE_UNIT() );
#2044 = UNCERTAINTY_MEASURE_WITH_UNIT(LENGTH_MEASURE(1.E-07),#2041,
  'distance_accuracy_value','confusion accuracy');
#2045 = CONTEXT_DEPENDENT_SHAPE_REPRESENTATION(#2046,#2048);
#2046 = ( REPRESENTATION_RELATIONSHIP('','',#2019,#10) 
REPRESENTATION_RELATIONSHIP_WITH_TRANSFORMATION(#2047) 
SHAPE_REPRESENTATION_RELATIONSHIP() );
#2047 = ITEM_DEFINED_TRANSFORMATION('','',#11,#23);
#2048 = PRODUCT_DEFINITION_SHAPE('Placement','Placement of an item',
  #2049);
#2049 = NEXT_ASSEMBLY_USAGE_OCCURRENCE('34','Electronics','',#5,#2014,$
  );
#2050 = PRODUCT_RELATED_PRODUCT_CATEGORY('part',$,(#2016));
#2051 = SHAPE_DEFINITION_REPRESENTATION(#2052,#2058);
#2052 = PRODUCT_DEFINITION_SHAPE('','',#2053);
#2053 = PRODUCT_DEFINITION('design','',#2054,#2057);
#2054 = PRODUCT_DEFINITION_FORMATION('','',#2055);
#2055 = PRODUCT('Part37','Part37','',(#2056));
#2056 = PRODUCT_CONTEXT('',#2,'mechanical');
#2057 = PRODUCT_DEFINITION_CONTEXT('part definition',#2,'design');
#2058 = ADVANCED_BREP_SHAPE_REPRESENTATION('',(#11,#2059),#2637);
#2059 = MANIFOLD_SOLID_BREP('',#2060);
#2060 = CLOSED_SHELL('',(#2061,#2181,#2257,#2333,#2446,#2549,#2576,#2603
    ,#2610));
#2061 = ADVANCED_FACE('',(#2062),#2076,.F.);
#2062 = FACE_BOUND('',#2063,.F.);
#2063 = EDGE_LOOP('',(#2064,#2099,#2127,#2155));
#2064 = ORIENTED_EDGE('',*,*,#2065,.T.);
#2065 = EDGE_CURVE('',#2066,#2068,#2070,.T.);
#2066 = VERTEX_POINT('',#2067);
#2067 = CARTESIAN_POINT('',(2.75,0.,0.));
#2068 = VERTEX_POINT('',#2069);
#2069 = CARTESIAN_POINT('',(2.75,0.,20.));
#2070 = SURFACE_CURVE('',#2071,(#2075,#2087),.PCURVE_S1.);
#2071 = LINE('',#2072,#2073);
#2072 = CARTESIAN_POINT('',(2.75,0.,0.));
#2073 = VECTOR('',#2074,1.);
#2074 = DIRECTION('',(0.,0.,1.));
#2075 = PCURVE('',#2076,#2081);
#2076 = PLANE('',#2077);
#2077 = AXIS2_PLACEMENT_3D('',#2078,#2079,#2080);
#2078 = CARTESIAN_POINT('',(2.75,0.,0.));
#2079 = DIRECTION('',(-0.866025403784,-0.5,0.));
#2080 = DIRECTION('',(-0.5,0.866025403784,0.));
#2081 = DEFINITIONAL_REPRESENTATION('',(#2082),#2086);
#2082 = LINE('',#2083,#2084);
#2083 = CARTESIAN_POINT('',(0.,0.));
#2084 = VECTOR('',#2085,1.);
#2085 = DIRECTION('',(0.,-1.));
#2086 = ( GEOMETRIC_REPRESENTATION_CONTEXT(2) 
PARAMETRIC_REPRESENTATION_CONTEXT() REPRESENTATION_CONTEXT('2D SPACE',''
  ) );
#2087 = PCURVE('',#2088,#2093);
#2088 = PLANE('',#2089);
#2089 = AXIS2_PLACEMENT_3D('',#2090,#2091,#2092);
#2090 = CARTESIAN_POINT('',(1.375,-2.381569860407,0.));
#2091 = DIRECTION('',(-0.866025403784,0.5,0.));
#2092 = DIRECTION('',(0.5,0.866025403784,0.));
#2093 = DEFINITIONAL_REPRESENTATION('',(#2094),#2098);
#2094 = LINE('',#2095,#2096);
#2095 = CARTESIAN_POINT('',(2.75,0.));
#2096 = VECTOR('',#2097,1.);
#2097 = DIRECTION('',(0.,-1.));
#2098 = ( GEOMETRIC_REPRESENTATION_CONTEXT(2) 
PARAMETRIC_REPRESENTATION_CONTEXT() REPRESENTATION_CONTEXT('2D SPACE',''
  ) );
#2099 = ORIENTED_EDGE('',*,*,#2100,.T.);
#2100 = EDGE_CURVE('',#2068,#2101,#2103,.T.);
#2101 = VERTEX_POINT('',#2102);
#2102 = CARTESIAN_POINT('',(1.375,2.381569860407,20.));
#2103 = SURFACE_CURVE('',#2104,(#2108,#2115),.PCURVE_S1.);
#2104 = LINE('',#2105,#2106);
#2105 = CARTESIAN_POINT('',(2.75,0.,20.));
#2106 = VECTOR('',#2107,1.);
#2107 = DIRECTION('',(-0.5,0.866025403784,0.));
#2108 = PCURVE('',#2076,#2109);
#2109 = DEFINITIONAL_REPRESENTATION('',(#2110),#2114);
#2110 = LINE('',#2111,#2112);
#2111 = CARTESIAN_POINT('',(0.,-20.));
#2112 = VECTOR('',#2113,1.);
#2113 = DIRECTION('',(1.,0.));
#2114 = ( GEOMETRIC_REPRESENTATION_CONTEXT(2) 
PARAMETRIC_REPRESENTATION_CONTEXT() REPRESENTATION_CONTEXT('2D SPACE',''
  ) );
#2115 = PCURVE('',#2116,#2121);
#2116 = PLANE('',#2117);
#2117 = AXIS2_PLACEMENT_3D('',#2118,#2119,#2120);
#2118 = CARTESIAN_POINT('',(-1.884014829667E-16,-1.076579902667E-16,20.)
  );
#2119 = DIRECTION('',(0.,0.,1.));
#2120 = DIRECTION('',(1.,0.,-0.));
#2121 = DEFINITIONAL_REPRESENTATION('',(#2122),#2126);
#2122 = LINE('',#2123,#2124);
#2123 = CARTESIAN_POINT('',(2.75,1.076579902667E-16));
#2124 = VECTOR('',#2125,1.);
#2125 = DIRECTION('',(-0.5,0.866025403784));
#2126 = ( GEOMETRIC_REPRESENTATION_CONTEXT(2) 
PARAMETRIC_REPRESENTATION_CONTEXT() REPRESENTATION_CONTEXT('2D SPACE',''
  ) );
#2127 = ORIENTED_EDGE('',*,*,#2128,.F.);
#2128 = EDGE_CURVE('',#2129,#2101,#2131,.T.);
#2129 = VERTEX_POINT('',#2130);
#2130 = CARTESIAN_POINT('',(1.375,2.381569860407,0.));
#2131 = SURFACE_CURVE('',#2132,(#2136,#2143),.PCURVE_S1.);
#2132 = LINE('',#2133,#2134);
#2133 = CARTESIAN_POINT('',(1.375,2.381569860407,0.));
#2134 = VECTOR('',#2135,1.);
#2135 = DIRECTION('',(0.,0.,1.));
#2136 = PCURVE('',#2076,#2137);
#2137 = DEFINITIONAL_REPRESENTATION('',(#2138),#2142);
#2138 = LINE('',#2139,#2140);
#2139 = CARTESIAN_POINT('',(2.75,0.));
#2140 = VECTOR('',#2141,1.);
#2141 = DIRECTION('',(0.,-1.));
#2142 = ( GEOMETRIC_REPRESENTATION_CONTEXT(2) 
PARAMETRIC_REPRESENTATION_CONTEXT() REPRESENTATION_CONTEXT('2D SPACE',''
  ) );
#2143 = PCURVE('',#2144,#2149);
#2144 = PLANE('',#2145);
#2145 = AXIS2_PLACEMENT_3D('',#2146,#2147,#2148);
#2146 = CARTESIAN_POINT('',(1.375,2.381569860407,0.));
#2147 = DIRECTION('',(-1.614869854E-16,-1.,0.));
#2148 = DIRECTION('',(-1.,1.614869854E-16,0.));
#2149 = DEFINITIONAL_REPRESENTATION('',(#2150),#2154);
#2150 = LINE('',#2151,#2152);
#2151 = CARTESIAN_POINT('',(0.,0.));
#2152 = VECTOR('',#2153,1.);
#2153 = DIRECTION('',(0.,-1.));
#2154 = ( GEOMETRIC_REPRESENTATION_CONTEXT(2) 
PARAMETRIC_REPRESENTATION_CONTEXT() REPRESENTATION_CONTEXT('2D SPACE',''
  ) );
#2155 = ORIENTED_EDGE('',*,*,#2156,.F.);
#2156 = EDGE_CURVE('',#2066,#2129,#2157,.T.);
#2157 = SURFACE_CURVE('',#2158,(#2162,#2169),.PCURVE_S1.);
#2158 = LINE('',#2159,#2160);
#2159 = CARTESIAN_POINT('',(2.75,0.,0.));
#2160 = VECTOR('',#2161,1.);
#2161 = DIRECTION('',(-0.5,0.866025403784,0.));
#2162 = PCURVE('',#2076,#2163);
#2163 = DEFINITIONAL_REPRESENTATION('',(#2164),#2168);
#2164 = LINE('',#2165,#2166);
#2165 = CARTESIAN_POINT('',(0.,0.));
#2166 = VECTOR('',#2167,1.);
#2167 = DIRECTION('',(1.,0.));
#2168 = ( GEOMETRIC_REPRESENTATION_CONTEXT(2) 
PARAMETRIC_REPRESENTATION_CONTEXT() REPRESENTATION_CONTEXT('2D SPACE',''
  ) );
#2169 = PCURVE('',#2170,#2175);
#2170 = PLANE('',#2171);
#2171 = AXIS2_PLACEMENT_3D('',#2172,#2173,#2174);
#2172 = CARTESIAN_POINT('',(-1.884014829667E-16,-1.076579902667E-16,0.)
  );
#2173 = DIRECTION('',(0.,0.,1.));
#2174 = DIRECTION('',(1.,0.,-0.));
#2175 = DEFINITIONAL_REPRESENTATION('',(#2176),#2180);
#2176 = LINE('',#2177,#2178);
#2177 = CARTESIAN_POINT('',(2.75,1.076579902667E-16));
#2178 = VECTOR('',#2179,1.);
#2179 = DIRECTION('',(-0.5,0.866025403784));
#2180 = ( GEOMETRIC_REPRESENTATION_CONTEXT(2) 
PARAMETRIC_REPRESENTATION_CONTEXT() REPRESENTATION_CONTEXT('2D SPACE',''
  ) );
#2181 = ADVANCED_FACE('',(#2182),#2088,.F.);
#2182 = FACE_BOUND('',#2183,.F.);
#2183 = EDGE_LOOP('',(#2184,#2214,#2235,#2236));
#2184 = ORIENTED_EDGE('',*,*,#2185,.T.);
#2185 = EDGE_CURVE('',#2186,#2188,#2190,.T.);
#2186 = VERTEX_POINT('',#2187);
#2187 = CARTESIAN_POINT('',(1.375,-2.381569860407,0.));
#2188 = VERTEX_POINT('',#2189);
#2189 = CARTESIAN_POINT('',(1.375,-2.381569860407,20.));
#2190 = SURFACE_CURVE('',#2191,(#2195,#2202),.PCURVE_S1.);
#2191 = LINE('',#2192,#2193);
#2192 = CARTESIAN_POINT('',(1.375,-2.381569860407,0.));
#2193 = VECTOR('',#2194,1.);
#2194 = DIRECTION('',(0.,0.,1.));
#2195 = PCURVE('',#2088,#2196);
#2196 = DEFINITIONAL_REPRESENTATION('',(#2197),#2201);
#2197 = LINE('',#2198,#2199);
#2198 = CARTESIAN_POINT('',(0.,0.));
#2199 = VECTOR('',#2200,1.);
#2200 = DIRECTION('',(0.,-1.));
#2201 = ( GEOMETRIC_REPRESENTATION_CONTEXT(2) 
PARAMETRIC_REPRESENTATION_CONTEXT() REPRESENTATION_CONTEXT('2D SPACE',''
  ) );
#2202 = PCURVE('',#2203,#2208);
#2203 = PLANE('',#2204);
#2204 = AXIS2_PLACEMENT_3D('',#2205,#2206,#2207);
#2205 = CARTESIAN_POINT('',(-1.375,-2.381569860407,0.));
#2206 = DIRECTION('',(6.459479416001E-16,1.,-0.));
#2207 = DIRECTION('',(1.,-6.459479416001E-16,0.));
#2208 = DEFINITIONAL_REPRESENTATION('',(#2209),#2213);
#2209 = LINE('',#2210,#2211);
#2210 = CARTESIAN_POINT('',(2.75,0.));
#2211 = VECTOR('',#2212,1.);
#2212 = DIRECTION('',(0.,-1.));
#2213 = ( GEOMETRIC_REPRESENTATION_CONTEXT(2) 
PARAMETRIC_REPRESENTATION_CONTEXT() REPRESENTATION_CONTEXT('2D SPACE',''
  ) );
#2214 = ORIENTED_EDGE('',*,*,#2215,.T.);
#2215 = EDGE_CURVE('',#2188,#2068,#2216,.T.);
#2216 = SURFACE_CURVE('',#2217,(#2221,#2228),.PCURVE_S1.);
#2217 = LINE('',#2218,#2219);
#2218 = CARTESIAN_POINT('',(1.375,-2.381569860407,20.));
#2219 = VECTOR('',#2220,1.);
#2220 = DIRECTION('',(0.5,0.866025403784,0.));
#2221 = PCURVE('',#2088,#2222);
#2222 = DEFINITIONAL_REPRESENTATION('',(#2223),#2227);
#2223 = LINE('',#2224,#2225);
#2224 = CARTESIAN_POINT('',(0.,-20.));
#2225 = VECTOR('',#2226,1.);
#2226 = DIRECTION('',(1.,0.));
#2227 = ( GEOMETRIC_REPRESENTATION_CONTEXT(2) 
PARAMETRIC_REPRESENTATION_CONTEXT() REPRESENTATION_CONTEXT('2D SPACE',''
  ) );
#2228 = PCURVE('',#2116,#2229);
#2229 = DEFINITIONAL_REPRESENTATION('',(#2230),#2234);
#2230 = LINE('',#2231,#2232);
#2231 = CARTESIAN_POINT('',(1.375,-2.381569860407));
#2232 = VECTOR('',#2233,1.);
#2233 = DIRECTION('',(0.5,0.866025403784));
#2234 = ( GEOMETRIC_REPRESENTATION_CONTEXT(2) 
PARAMETRIC_REPRESENTATION_CONTEXT() REPRESENTATION_CONTEXT('2D SPACE',''
  ) );
#2235 = ORIENTED_EDGE('',*,*,#2065,.F.);
#2236 = ORIENTED_EDGE('',*,*,#2237,.F.);
#2237 = EDGE_CURVE('',#2186,#2066,#2238,.T.);
#2238 = SURFACE_CURVE('',#2239,(#2243,#2250),.PCURVE_S1.);
#2239 = LINE('',#2240,#2241);
#2240 = CARTESIAN_POINT('',(1.375,-2.381569860407,0.));
#2241 = VECTOR('',#2242,1.);
#2242 = DIRECTION('',(0.5,0.866025403784,0.));
#2243 = PCURVE('',#2088,#2244);
#2244 = DEFINITIONAL_REPRESENTATION('',(#2245),#2249);
#2245 = LINE('',#2246,#2247);
#2246 = CARTESIAN_POINT('',(0.,0.));
#2247 = VECTOR('',#2248,1.);
#2248 = DIRECTION('',(1.,0.));
#2249 = ( GEOMETRIC_REPRESENTATION_CONTEXT(2) 
PARAMETRIC_REPRESENTATION_CONTEXT() REPRESENTATION_CONTEXT('2D SPACE',''
  ) );
#2250 = PCURVE('',#2170,#2251);
#2251 = DEFINITIONAL_REPRESENTATION('',(#2252),#2256);
#2252 = LINE('',#2253,#2254);
#2253 = CARTESIAN_POINT('',(1.375,-2.381569860407));
#2254 = VECTOR('',#2255,1.);
#2255 = DIRECTION('',(0.5,0.866025403784));
#2256 = ( GEOMETRIC_REPRESENTATION_CONTEXT(2) 
PARAMETRIC_REPRESENTATION_CONTEXT() REPRESENTATION_CONTEXT('2D SPACE',''
  ) );
#2257 = ADVANCED_FACE('',(#2258),#2144,.F.);
#2258 = FACE_BOUND('',#2259,.F.);
#2259 = EDGE_LOOP('',(#2260,#2261,#2284,#2312));
#2260 = ORIENTED_EDGE('',*,*,#2128,.T.);
#2261 = ORIENTED_EDGE('',*,*,#2262,.T.);
#2262 = EDGE_CURVE('',#2101,#2263,#2265,.T.);
#2263 = VERTEX_POINT('',#2264);
#2264 = CARTESIAN_POINT('',(-1.375,2.381569860407,20.));
#2265 = SURFACE_CURVE('',#2266,(#2270,#2277),.PCURVE_S1.);
#2266 = LINE('',#2267,#2268);
#2267 = CARTESIAN_POINT('',(1.375,2.381569860407,20.));
#2268 = VECTOR('',#2269,1.);
#2269 = DIRECTION('',(-1.,1.614869854E-16,0.));
#2270 = PCURVE('',#2144,#2271);
#2271 = DEFINITIONAL_REPRESENTATION('',(#2272),#2276);
#2272 = LINE('',#2273,#2274);
#2273 = CARTESIAN_POINT('',(0.,-20.));
#2274 = VECTOR('',#2275,1.);
#2275 = DIRECTION('',(1.,0.));
#2276 = ( GEOMETRIC_REPRESENTATION_CONTEXT(2) 
PARAMETRIC_REPRESENTATION_CONTEXT() REPRESENTATION_CONTEXT('2D SPACE',''
  ) );
#2277 = PCURVE('',#2116,#2278);
#2278 = DEFINITIONAL_REPRESENTATION('',(#2279),#2283);
#2279 = LINE('',#2280,#2281);
#2280 = CARTESIAN_POINT('',(1.375,2.381569860407));
#2281 = VECTOR('',#2282,1.);
#2282 = DIRECTION('',(-1.,1.614869854E-16));
#2283 = ( GEOMETRIC_REPRESENTATION_CONTEXT(2) 
PARAMETRIC_REPRESENTATION_CONTEXT() REPRESENTATION_CONTEXT('2D SPACE',''
  ) );
#2284 = ORIENTED_EDGE('',*,*,#2285,.F.);
#2285 = EDGE_CURVE('',#2286,#2263,#2288,.T.);
#2286 = VERTEX_POINT('',#2287);
#2287 = CARTESIAN_POINT('',(-1.375,2.381569860407,0.));
#2288 = SURFACE_CURVE('',#2289,(#2293,#2300),.PCURVE_S1.);
#2289 = LINE('',#2290,#2291);
#2290 = CARTESIAN_POINT('',(-1.375,2.381569860407,0.));
#2291 = VECTOR('',#2292,1.);
#2292 = DIRECTION('',(0.,0.,1.));
#2293 = PCURVE('',#2144,#2294);
#2294 = DEFINITIONAL_REPRESENTATION('',(#2295),#2299);
#2295 = LINE('',#2296,#2297);
#2296 = CARTESIAN_POINT('',(2.75,0.));
#2297 = VECTOR('',#2298,1.);
#2298 = DIRECTION('',(0.,-1.));
#2299 = ( GEOMETRIC_REPRESENTATION_CONTEXT(2) 
PARAMETRIC_REPRESENTATION_CONTEXT() REPRESENTATION_CONTEXT('2D SPACE',''
  ) );
#2300 = PCURVE('',#2301,#2306);
#2301 = PLANE('',#2302);
#2302 = AXIS2_PLACEMENT_3D('',#2303,#2304,#2305);
#2303 = CARTESIAN_POINT('',(-1.375,2.381569860407,0.));
#2304 = DIRECTION('',(0.866025403784,-0.5,0.));
#2305 = DIRECTION('',(-0.5,-0.866025403784,0.));
#2306 = DEFINITIONAL_REPRESENTATION('',(#2307),#2311);
#2307 = LINE('',#2308,#2309);
#2308 = CARTESIAN_POINT('',(0.,0.));
#2309 = VECTOR('',#2310,1.);
#2310 = DIRECTION('',(0.,-1.));
#2311 = ( GEOMETRIC_REPRESENTATION_CONTEXT(2) 
PARAMETRIC_REPRESENTATION_CONTEXT() REPRESENTATION_CONTEXT('2D SPACE',''
  ) );
#2312 = ORIENTED_EDGE('',*,*,#2313,.F.);
#2313 = EDGE_CURVE('',#2129,#2286,#2314,.T.);
#2314 = SURFACE_CURVE('',#2315,(#2319,#2326),.PCURVE_S1.);
#2315 = LINE('',#2316,#2317);
#2316 = CARTESIAN_POINT('',(1.375,2.381569860407,0.));
#2317 = VECTOR('',#2318,1.);
#2318 = DIRECTION('',(-1.,1.614869854E-16,0.));
#2319 = PCURVE('',#2144,#2320);
#2320 = DEFINITIONAL_REPRESENTATION('',(#2321),#2325);
#2321 = LINE('',#2322,#2323);
#2322 = CARTESIAN_POINT('',(0.,0.));
#2323 = VECTOR('',#2324,1.);
#2324 = DIRECTION('',(1.,0.));
#2325 = ( GEOMETRIC_REPRESENTATION_CONTEXT(2) 
PARAMETRIC_REPRESENTATION_CONTEXT() REPRESENTATION_CONTEXT('2D SPACE',''
  ) );
#2326 = PCURVE('',#2170,#2327);
#2327 = DEFINITIONAL_REPRESENTATION('',(#2328),#2332);
#2328 = LINE('',#2329,#2330);
#2329 = CARTESIAN_POINT('',(1.375,2.381569860407));
#2330 = VECTOR('',#2331,1.);
#2331 = DIRECTION('',(-1.,1.614869854E-16));
#2332 = ( GEOMETRIC_REPRESENTATION_CONTEXT(2) 
PARAMETRIC_REPRESENTATION_CONTEXT() REPRESENTATION_CONTEXT('2D SPACE',''
  ) );
#2333 = ADVANCED_FACE('',(#2334,#2411),#2170,.F.);
#2334 = FACE_BOUND('',#2335,.F.);
#2335 = EDGE_LOOP('',(#2336,#2337,#2338,#2361,#2389,#2410));
#2336 = ORIENTED_EDGE('',*,*,#2156,.T.);
#2337 = ORIENTED_EDGE('',*,*,#2313,.T.);
#2338 = ORIENTED_EDGE('',*,*,#2339,.T.);
#2339 = EDGE_CURVE('',#2286,#2340,#2342,.T.);
#2340 = VERTEX_POINT('',#2341);
#2341 = CARTESIAN_POINT('',(-2.75,3.367778697655E-16,0.));
#2342 = SURFACE_CURVE('',#2343,(#2347,#2354),.PCURVE_S1.);
#2343 = LINE('',#2344,#2345);
#2344 = CARTESIAN_POINT('',(-1.375,2.381569860407,0.));
#2345 = VECTOR('',#2346,1.);
#2346 = DIRECTION('',(-0.5,-0.866025403784,0.));
#2347 = PCURVE('',#2170,#2348);
#2348 = DEFINITIONAL_REPRESENTATION('',(#2349),#2353);
#2349 = LINE('',#2350,#2351);
#2350 = CARTESIAN_POINT('',(-1.375,2.381569860407));
#2351 = VECTOR('',#2352,1.);
#2352 = DIRECTION('',(-0.5,-0.866025403784));
#2353 = ( GEOMETRIC_REPRESENTATION_CONTEXT(2) 
PARAMETRIC_REPRESENTATION_CONTEXT() REPRESENTATION_CONTEXT('2D SPACE',''
  ) );
#2354 = PCURVE('',#2301,#2355);
#2355 = DEFINITIONAL_REPRESENTATION('',(#2356),#2360);
#2356 = LINE('',#2357,#2358);
#2357 = CARTESIAN_POINT('',(0.,0.));
#2358 = VECTOR('',#2359,1.);
#2359 = DIRECTION('',(1.,0.));
#2360 = ( GEOMETRIC_REPRESENTATION_CONTEXT(2) 
PARAMETRIC_REPRESENTATION_CONTEXT() REPRESENTATION_CONTEXT('2D SPACE',''
  ) );
#2361 = ORIENTED_EDGE('',*,*,#2362,.T.);
#2362 = EDGE_CURVE('',#2340,#2363,#2365,.T.);
#2363 = VERTEX_POINT('',#2364);
#2364 = CARTESIAN_POINT('',(-1.375,-2.381569860407,0.));
#2365 = SURFACE_CURVE('',#2366,(#2370,#2377),.PCURVE_S1.);
#2366 = LINE('',#2367,#2368);
#2367 = CARTESIAN_POINT('',(-2.75,3.367778697655E-16,0.));
#2368 = VECTOR('',#2369,1.);
#2369 = DIRECTION('',(0.5,-0.866025403784,0.));
#2370 = PCURVE('',#2170,#2371);
#2371 = DEFINITIONAL_REPRESENTATION('',(#2372),#2376);
#2372 = LINE('',#2373,#2374);
#2373 = CARTESIAN_POINT('',(-2.75,4.444358600322E-16));
#2374 = VECTOR('',#2375,1.);
#2375 = DIRECTION('',(0.5,-0.866025403784));
#2376 = ( GEOMETRIC_REPRESENTATION_CONTEXT(2) 
PARAMETRIC_REPRESENTATION_CONTEXT() REPRESENTATION_CONTEXT('2D SPACE',''
  ) );
#2377 = PCURVE('',#2378,#2383);
#2378 = PLANE('',#2379);
#2379 = AXIS2_PLACEMENT_3D('',#2380,#2381,#2382);
#2380 = CARTESIAN_POINT('',(-2.75,3.367778697655E-16,0.));
#2381 = DIRECTION('',(0.866025403784,0.5,-0.));
#2382 = DIRECTION('',(0.5,-0.866025403784,0.));
#2383 = DEFINITIONAL_REPRESENTATION('',(#2384),#2388);
#2384 = LINE('',#2385,#2386);
#2385 = CARTESIAN_POINT('',(0.,0.));
#2386 = VECTOR('',#2387,1.);
#2387 = DIRECTION('',(1.,0.));
#2388 = ( GEOMETRIC_REPRESENTATION_CONTEXT(2) 
PARAMETRIC_REPRESENTATION_CONTEXT() REPRESENTATION_CONTEXT('2D SPACE',''
  ) );
#2389 = ORIENTED_EDGE('',*,*,#2390,.T.);
#2390 = EDGE_CURVE('',#2363,#2186,#2391,.T.);
#2391 = SURFACE_CURVE('',#2392,(#2396,#2403),.PCURVE_S1.);
#2392 = LINE('',#2393,#2394);
#2393 = CARTESIAN_POINT('',(-1.375,-2.381569860407,0.));
#2394 = VECTOR('',#2395,1.);
#2395 = DIRECTION('',(1.,-6.459479416001E-16,0.));
#2396 = PCURVE('',#2170,#2397);
#2397 = DEFINITIONAL_REPRESENTATION('',(#2398),#2402);
#2398 = LINE('',#2399,#2400);
#2399 = CARTESIAN_POINT('',(-1.375,-2.381569860407));
#2400 = VECTOR('',#2401,1.);
#2401 = DIRECTION('',(1.,-6.459479416001E-16));
#2402 = ( GEOMETRIC_REPRESENTATION_CONTEXT(2) 
PARAMETRIC_REPRESENTATION_CONTEXT() REPRESENTATION_CONTEXT('2D SPACE',''
  ) );
#2403 = PCURVE('',#2203,#2404);
#2404 = DEFINITIONAL_REPRESENTATION('',(#2405),#2409);
#2405 = LINE('',#2406,#2407);
#2406 = CARTESIAN_POINT('',(0.,0.));
#2407 = VECTOR('',#2408,1.);
#2408 = DIRECTION('',(1.,0.));
#2409 = ( GEOMETRIC_REPRESENTATION_CONTEXT(2) 
PARAMETRIC_REPRESENTATION_CONTEXT() REPRESENTATION_CONTEXT('2D SPACE',''
  ) );
#2410 = ORIENTED_EDGE('',*,*,#2237,.T.);
#2411 = FACE_BOUND('',#2412,.F.);
#2412 = EDGE_LOOP('',(#2413));
#2413 = ORIENTED_EDGE('',*,*,#2414,.T.);
#2414 = EDGE_CURVE('',#2415,#2415,#2417,.T.);
#2415 = VERTEX_POINT('',#2416);
#2416 = CARTESIAN_POINT('',(-1.5,-3.673940397442E-16,0.));
#2417 = SURFACE_CURVE('',#2418,(#2423,#2434),.PCURVE_S1.);
#2418 = CIRCLE('',#2419,1.5);
#2419 = AXIS2_PLACEMENT_3D('',#2420,#2421,#2422);
#2420 = CARTESIAN_POINT('',(0.,0.,0.));
#2421 = DIRECTION('',(0.,0.,-1.));
#2422 = DIRECTION('',(-1.,0.,0.));
#2423 = PCURVE('',#2170,#2424);
#2424 = DEFINITIONAL_REPRESENTATION('',(#2425),#2433);
#2425 = ( BOUNDED_CURVE() B_SPLINE_CURVE(2,(#2426,#2427,#2428,#2429,
#2430,#2431,#2432),.UNSPECIFIED.,.T.,.F.) B_SPLINE_CURVE_WITH_KNOTS((1,2
    ,2,2,2,1),(-2.094395102393,0.,2.094395102393,4.188790204786,
6.28318530718,8.377580409573),.UNSPECIFIED.) CURVE() 
GEOMETRIC_REPRESENTATION_ITEM() RATIONAL_B_SPLINE_CURVE((1.,0.5,1.,0.5,
1.,0.5,1.)) REPRESENTATION_ITEM('') );
#2426 = CARTESIAN_POINT('',(-1.5,1.076579902667E-16));
#2427 = CARTESIAN_POINT('',(-1.5,2.598076211353));
#2428 = CARTESIAN_POINT('',(0.75,1.299038105677));
#2429 = CARTESIAN_POINT('',(3.,4.750520300109E-16));
#2430 = CARTESIAN_POINT('',(0.75,-1.299038105677));
#2431 = CARTESIAN_POINT('',(-1.5,-2.598076211353));
#2432 = CARTESIAN_POINT('',(-1.5,1.076579902667E-16));
#2433 = ( GEOMETRIC_REPRESENTATION_CONTEXT(2) 
PARAMETRIC_REPRESENTATION_CONTEXT() REPRESENTATION_CONTEXT('2D SPACE',''
  ) );
#2434 = PCURVE('',#2435,#2440);
#2435 = CYLINDRICAL_SURFACE('',#2436,1.5);
#2436 = AXIS2_PLACEMENT_3D('',#2437,#2438,#2439);
#2437 = CARTESIAN_POINT('',(0.,0.,20.));
#2438 = DIRECTION('',(0.,0.,-1.));
#2439 = DIRECTION('',(-1.,0.,0.));
#2440 = DEFINITIONAL_REPRESENTATION('',(#2441),#2445);
#2441 = LINE('',#2442,#2443);
#2442 = CARTESIAN_POINT('',(0.,20.));
#2443 = VECTOR('',#2444,1.);
#2444 = DIRECTION('',(1.,0.));
#2445 = ( GEOMETRIC_REPRESENTATION_CONTEXT(2) 
PARAMETRIC_REPRESENTATION_CONTEXT() REPRESENTATION_CONTEXT('2D SPACE',''
  ) );
#2446 = ADVANCED_FACE('',(#2447,#2519),#2116,.T.);
#2447 = FACE_BOUND('',#2448,.T.);
#2448 = EDGE_LOOP('',(#2449,#2450,#2451,#2474,#2497,#2518));
#2449 = ORIENTED_EDGE('',*,*,#2100,.T.);
#2450 = ORIENTED_EDGE('',*,*,#2262,.T.);
#2451 = ORIENTED_EDGE('',*,*,#2452,.T.);
#2452 = EDGE_CURVE('',#2263,#2453,#2455,.T.);
#2453 = VERTEX_POINT('',#2454);
#2454 = CARTESIAN_POINT('',(-2.75,3.367778697655E-16,20.));
#2455 = SURFACE_CURVE('',#2456,(#2460,#2467),.PCURVE_S1.);
#2456 = LINE('',#2457,#2458);
#2457 = CARTESIAN_POINT('',(-1.375,2.381569860407,20.));
#2458 = VECTOR('',#2459,1.);
#2459 = DIRECTION('',(-0.5,-0.866025403784,0.));
#2460 = PCURVE('',#2116,#2461);
#2461 = DEFINITIONAL_REPRESENTATION('',(#2462),#2466);
#2462 = LINE('',#2463,#2464);
#2463 = CARTESIAN_POINT('',(-1.375,2.381569860407));
#2464 = VECTOR('',#2465,1.);
#2465 = DIRECTION('',(-0.5,-0.866025403784));
#2466 = ( GEOMETRIC_REPRESENTATION_CONTEXT(2) 
PARAMETRIC_REPRESENTATION_CONTEXT() REPRESENTATION_CONTEXT('2D SPACE',''
  ) );
#2467 = PCURVE('',#2301,#2468);
#2468 = DEFINITIONAL_REPRESENTATION('',(#2469),#2473);
#2469 = LINE('',#2470,#2471);
#2470 = CARTESIAN_POINT('',(0.,-20.));
#2471 = VECTOR('',#2472,1.);
#2472 = DIRECTION('',(1.,0.));
#2473 = ( GEOMETRIC_REPRESENTATION_CONTEXT(2) 
PARAMETRIC_REPRESENTATION_CONTEXT() REPRESENTATION_CONTEXT('2D SPACE',''
  ) );
#2474 = ORIENTED_EDGE('',*,*,#2475,.T.);
#2475 = EDGE_CURVE('',#2453,#2476,#2478,.T.);
#2476 = VERTEX_POINT('',#2477);
#2477 = CARTESIAN_POINT('',(-1.375,-2.381569860407,20.));
#2478 = SURFACE_CURVE('',#2479,(#2483,#2490),.PCURVE_S1.);
#2479 = LINE('',#2480,#2481);
#2480 = CARTESIAN_POINT('',(-2.75,3.367778697655E-16,20.));
#2481 = VECTOR('',#2482,1.);
#2482 = DIRECTION('',(0.5,-0.866025403784,0.));
#2483 = PCURVE('',#2116,#2484);
#2484 = DEFINITIONAL_REPRESENTATION('',(#2485),#2489);
#2485 = LINE('',#2486,#2487);
#2486 = CARTESIAN_POINT('',(-2.75,4.444358600322E-16));
#2487 = VECTOR('',#2488,1.);
#2488 = DIRECTION('',(0.5,-0.866025403784));
#2489 = ( GEOMETRIC_REPRESENTATION_CONTEXT(2) 
PARAMETRIC_REPRESENTATION_CONTEXT() REPRESENTATION_CONTEXT('2D SPACE',''
  ) );
#2490 = PCURVE('',#2378,#2491);
#2491 = DEFINITIONAL_REPRESENTATION('',(#2492),#2496);
#2492 = LINE('',#2493,#2494);
#2493 = CARTESIAN_POINT('',(0.,-20.));
#2494 = VECTOR('',#2495,1.);
#2495 = DIRECTION('',(1.,0.));
#2496 = ( GEOMETRIC_REPRESENTATION_CONTEXT(2) 
PARAMETRIC_REPRESENTATION_CONTEXT() REPRESENTATION_CONTEXT('2D SPACE',''
  ) );
#2497 = ORIENTED_EDGE('',*,*,#2498,.T.);
#2498 = EDGE_CURVE('',#2476,#2188,#2499,.T.);
#2499 = SURFACE_CURVE('',#2500,(#2504,#2511),.PCURVE_S1.);
#2500 = LINE('',#2501,#2502);
#2501 = CARTESIAN_POINT('',(-1.375,-2.381569860407,20.));
#2502 = VECTOR('',#2503,1.);
#2503 = DIRECTION('',(1.,-6.459479416001E-16,0.));
#2504 = PCURVE('',#2116,#2505);
#2505 = DEFINITIONAL_REPRESENTATION('',(#2506),#2510);
#2506 = LINE('',#2507,#2508);
#2507 = CARTESIAN_POINT('',(-1.375,-2.381569860407));
#2508 = VECTOR('',#2509,1.);
#2509 = DIRECTION('',(1.,-6.459479416001E-16));
#2510 = ( GEOMETRIC_REPRESENTATION_CONTEXT(2) 
PARAMETRIC_REPRESENTATION_CONTEXT() REPRESENTATION_CONTEXT('2D SPACE',''
  ) );
#2511 = PCURVE('',#2203,#2512);
#2512 = DEFINITIONAL_REPRESENTATION('',(#2513),#2517);
#2513 = LINE('',#2514,#2515);
#2514 = CARTESIAN_POINT('',(0.,-20.));
#2515 = VECTOR('',#2516,1.);
#2516 = DIRECTION('',(1.,0.));
#2517 = ( GEOMETRIC_REPRESENTATION_CONTEXT(2) 
PARAMETRIC_REPRESENTATION_CONTEXT() REPRESENTATION_CONTEXT('2D SPACE',''
  ) );
#2518 = ORIENTED_EDGE('',*,*,#2215,.T.);
#2519 = FACE_BOUND('',#2520,.T.);
#2520 = EDGE_LOOP('',(#2521));
#2521 = ORIENTED_EDGE('',*,*,#2522,.T.);
#2522 = EDGE_CURVE('',#2523,#2523,#2525,.T.);
#2523 = VERTEX_POINT('',#2524);
#2524 = CARTESIAN_POINT('',(-1.5,-3.673940397442E-16,20.));
#2525 = SURFACE_CURVE('',#2526,(#2531,#2542),.PCURVE_S1.);
#2526 = CIRCLE('',#2527,1.5);
#2527 = AXIS2_PLACEMENT_3D('',#2528,#2529,#2530);
#2528 = CARTESIAN_POINT('',(0.,0.,20.));
#2529 = DIRECTION('',(0.,0.,-1.));
#2530 = DIRECTION('',(-1.,0.,0.));
#2531 = PCURVE('',#2116,#2532);
#2532 = DEFINITIONAL_REPRESENTATION('',(#2533),#2541);
#2533 = ( BOUNDED_CURVE() B_SPLINE_CURVE(2,(#2534,#2535,#2536,#2537,
#2538,#2539,#2540),.UNSPECIFIED.,.T.,.F.) B_SPLINE_CURVE_WITH_KNOTS((1,2
    ,2,2,2,1),(-2.094395102393,0.,2.094395102393,4.188790204786,
6.28318530718,8.377580409573),.UNSPECIFIED.) CURVE() 
GEOMETRIC_REPRESENTATION_ITEM() RATIONAL_B_SPLINE_CURVE((1.,0.5,1.,0.5,
1.,0.5,1.)) REPRESENTATION_ITEM('') );
#2534 = CARTESIAN_POINT('',(-1.5,1.076579902667E-16));
#2535 = CARTESIAN_POINT('',(-1.5,2.598076211353));
#2536 = CARTESIAN_POINT('',(0.75,1.299038105677));
#2537 = CARTESIAN_POINT('',(3.,4.750520300109E-16));
#2538 = CARTESIAN_POINT('',(0.75,-1.299038105677));
#2539 = CARTESIAN_POINT('',(-1.5,-2.598076211353));
#2540 = CARTESIAN_POINT('',(-1.5,1.076579902667E-16));
#2541 = ( GEOMETRIC_REPRESENTATION_CONTEXT(2) 
PARAMETRIC_REPRESENTATION_CONTEXT() REPRESENTATION_CONTEXT('2D SPACE',''
  ) );
#2542 = PCURVE('',#2435,#2543);
#2543 = DEFINITIONAL_REPRESENTATION('',(#2544),#2548);
#2544 = LINE('',#2545,#2546);
#2545 = CARTESIAN_POINT('',(0.,0.));
#2546 = VECTOR('',#2547,1.);
#2547 = DIRECTION('',(1.,0.));
#2548 = ( GEOMETRIC_REPRESENTATION_CONTEXT(2) 
PARAMETRIC_REPRESENTATION_CONTEXT() REPRESENTATION_CONTEXT('2D SPACE',''
  ) );
#2549 = ADVANCED_FACE('',(#2550),#2203,.F.);
#2550 = FACE_BOUND('',#2551,.F.);
#2551 = EDGE_LOOP('',(#2552,#2573,#2574,#2575));
#2552 = ORIENTED_EDGE('',*,*,#2553,.T.);
#2553 = EDGE_CURVE('',#2363,#2476,#2554,.T.);
#2554 = SURFACE_CURVE('',#2555,(#2559,#2566),.PCURVE_S1.);
#2555 = LINE('',#2556,#2557);
#2556 = CARTESIAN_POINT('',(-1.375,-2.381569860407,0.));
#2557 = VECTOR('',#2558,1.);
#2558 = DIRECTION('',(0.,0.,1.));
#2559 = PCURVE('',#2203,#2560);
#2560 = DEFINITIONAL_REPRESENTATION('',(#2561),#2565);
#2561 = LINE('',#2562,#2563);
#2562 = CARTESIAN_POINT('',(0.,0.));
#2563 = VECTOR('',#2564,1.);
#2564 = DIRECTION('',(0.,-1.));
#2565 = ( GEOMETRIC_REPRESENTATION_CONTEXT(2) 
PARAMETRIC_REPRESENTATION_CONTEXT() REPRESENTATION_CONTEXT('2D SPACE',''
  ) );
#2566 = PCURVE('',#2378,#2567);
#2567 = DEFINITIONAL_REPRESENTATION('',(#2568),#2572);
#2568 = LINE('',#2569,#2570);
#2569 = CARTESIAN_POINT('',(2.75,0.));
#2570 = VECTOR('',#2571,1.);
#2571 = DIRECTION('',(0.,-1.));
#2572 = ( GEOMETRIC_REPRESENTATION_CONTEXT(2) 
PARAMETRIC_REPRESENTATION_CONTEXT() REPRESENTATION_CONTEXT('2D SPACE',''
  ) );
#2573 = ORIENTED_EDGE('',*,*,#2498,.T.);
#2574 = ORIENTED_EDGE('',*,*,#2185,.F.);
#2575 = ORIENTED_EDGE('',*,*,#2390,.F.);
#2576 = ADVANCED_FACE('',(#2577),#2301,.F.);
#2577 = FACE_BOUND('',#2578,.F.);
#2578 = EDGE_LOOP('',(#2579,#2580,#2581,#2602));
#2579 = ORIENTED_EDGE('',*,*,#2285,.T.);
#2580 = ORIENTED_EDGE('',*,*,#2452,.T.);
#2581 = ORIENTED_EDGE('',*,*,#2582,.F.);
#2582 = EDGE_CURVE('',#2340,#2453,#2583,.T.);
#2583 = SURFACE_CURVE('',#2584,(#2588,#2595),.PCURVE_S1.);
#2584 = LINE('',#2585,#2586);
#2585 = CARTESIAN_POINT('',(-2.75,3.367778697655E-16,0.));
#2586 = VECTOR('',#2587,1.);
#2587 = DIRECTION('',(0.,0.,1.));
#2588 = PCURVE('',#2301,#2589);
#2589 = DEFINITIONAL_REPRESENTATION('',(#2590),#2594);
#2590 = LINE('',#2591,#2592);
#2591 = CARTESIAN_POINT('',(2.75,0.));
#2592 = VECTOR('',#2593,1.);
#2593 = DIRECTION('',(0.,-1.));
#2594 = ( GEOMETRIC_REPRESENTATION_CONTEXT(2) 
PARAMETRIC_REPRESENTATION_CONTEXT() REPRESENTATION_CONTEXT('2D SPACE',''
  ) );
#2595 = PCURVE('',#2378,#2596);
#2596 = DEFINITIONAL_REPRESENTATION('',(#2597),#2601);
#2597 = LINE('',#2598,#2599);
#2598 = CARTESIAN_POINT('',(0.,0.));
#2599 = VECTOR('',#2600,1.);
#2600 = DIRECTION('',(0.,-1.));
#2601 = ( GEOMETRIC_REPRESENTATION_CONTEXT(2) 
PARAMETRIC_REPRESENTATION_CONTEXT() REPRESENTATION_CONTEXT('2D SPACE',''
  ) );
#2602 = ORIENTED_EDGE('',*,*,#2339,.F.);
#2603 = ADVANCED_FACE('',(#2604),#2378,.F.);
#2604 = FACE_BOUND('',#2605,.F.);
#2605 = EDGE_LOOP('',(#2606,#2607,#2608,#2609));
#2606 = ORIENTED_EDGE('',*,*,#2582,.T.);
#2607 = ORIENTED_EDGE('',*,*,#2475,.T.);
#2608 = ORIENTED_EDGE('',*,*,#2553,.F.);
#2609 = ORIENTED_EDGE('',*,*,#2362,.F.);
#2610 = ADVANCED_FACE('',(#2611),#2435,.F.);
#2611 = FACE_BOUND('',#2612,.F.);
#2612 = EDGE_LOOP('',(#2613,#2614,#2635,#2636));
#2613 = ORIENTED_EDGE('',*,*,#2414,.F.);
#2614 = ORIENTED_EDGE('',*,*,#2615,.F.);
#2615 = EDGE_CURVE('',#2523,#2415,#2616,.T.);
#2616 = SEAM_CURVE('',#2617,(#2621,#2628),.PCURVE_S1.);
#2617 = LINE('',#2618,#2619);
#2618 = CARTESIAN_POINT('',(-1.5,-3.673940397442E-16,20.));
#2619 = VECTOR('',#2620,1.);
#2620 = DIRECTION('',(0.,0.,-1.));
#2621 = PCURVE('',#2435,#2622);
#2622 = DEFINITIONAL_REPRESENTATION('',(#2623),#2627);
#2623 = LINE('',#2624,#2625);
#2624 = CARTESIAN_POINT('',(6.28318530718,-0.));
#2625 = VECTOR('',#2626,1.);
#2626 = DIRECTION('',(0.,1.));
#2627 = ( GEOMETRIC_REPRESENTATION_CONTEXT(2) 
PARAMETRIC_REPRESENTATION_CONTEXT() REPRESENTATION_CONTEXT('2D SPACE',''
  ) );
#2628 = PCURVE('',#2435,#2629);
#2629 = DEFINITIONAL_REPRESENTATION('',(#2630),#2634);
#2630 = LINE('',#2631,#2632);
#2631 = CARTESIAN_POINT('',(0.,-0.));
#2632 = VECTOR('',#2633,1.);
#2633 = DIRECTION('',(0.,1.));
#2634 = ( GEOMETRIC_REPRESENTATION_CONTEXT(2) 
PARAMETRIC_REPRESENTATION_CONTEXT() REPRESENTATION_CONTEXT('2D SPACE',''
  ) );
#2635 = ORIENTED_EDGE('',*,*,#2522,.T.);
#2636 = ORIENTED_EDGE('',*,*,#2615,.T.);
#2637 = ( GEOMETRIC_REPRESENTATION_CONTEXT(3) 
GLOBAL_UNCERTAINTY_ASSIGNED_CONTEXT((#2641)) 
GLOBAL_UNIT_ASSIGNED_CONTEXT((#2638,#2639,#2640)) REPRESENTATION_CONTEXT
('Context #1','3D Context with UNIT and UNCERTAINTY') );
#2638 = ( LENGTH_UNIT() NAMED_UNIT(*) SI_UNIT(.MILLI.,.METRE.) );
#2639 = ( NAMED_UNIT(*) PLANE_ANGLE_UNIT() SI_UNIT($,.RADIAN.) );
#2640 = ( NAMED_UNIT(*) SI_UNIT($,.STERADIAN.) SOLID_ANGLE_UNIT() );
#2641 = UNCERTAINTY_MEASURE_WITH_UNIT(LENGTH_MEASURE(1.E-07),#2638,
  'distance_accuracy_value','confusion accuracy');
#2642 = CONTEXT_DEPENDENT_SHAPE_REPRESENTATION(#2643,#2645);
#2643 = ( REPRESENTATION_RELATIONSHIP('','',#2058,#2019) 
REPRESENTATION_RELATIONSHIP_WITH_TRANSFORMATION(#2644) 
SHAPE_REPRESENTATION_RELATIONSHIP() );
#2644 = ITEM_DEFINED_TRANSFORMATION('','',#11,#2020);
#2645 = PRODUCT_DEFINITION_SHAPE('Placement','Placement of an item',
  #2646);
#2646 = NEXT_ASSEMBLY_USAGE_OCCURRENCE('24','Part37','',#2014,#2053,$);
#2647 = PRODUCT_RELATED_PRODUCT_CATEGORY('part',$,(#2055));
#2648 = CONTEXT_DEPENDENT_SHAPE_REPRESENTATION(#2649,#2651);
#2649 = ( REPRESENTATION_RELATIONSHIP('','',#2058,#2019) 
REPRESENTATION_RELATIONSHIP_WITH_TRANSFORMATION(#2650) 
SHAPE_REPRESENTATION_RELATIONSHIP() );
#2650 = ITEM_DEFINED_TRANSFORMATION('','',#11,#2024);
#2651 = PRODUCT_DEFINITION_SHAPE('Placement','Placement of an item',
  #2652);
#2652 = NEXT_ASSEMBLY_USAGE_OCCURRENCE('25','Part38','',#2014,#2053,$);
#2653 = CONTEXT_DEPENDENT_SHAPE_REPRESENTATION(#2654,#2656);
#2654 = ( REPRESENTATION_RELATIONSHIP('','',#2058,#2019) 
REPRESENTATION_RELATIONSHIP_WITH_TRANSFORMATION(#2655) 
SHAPE_REPRESENTATION_RELATIONSHIP() );
#2655 = ITEM_DEFINED_TRANSFORMATION('','',#11,#2028);
#2656 = PRODUCT_DEFINITION_SHAPE('Placement','Placement of an item',
  #2657);
#2657 = NEXT_ASSEMBLY_USAGE_OCCURRENCE('26','Part39','',#2014,#2053,$);
#2658 = CONTEXT_DEPENDENT_SHAPE_REPRESENTATION(#2659,#2661);
#2659 = ( REPRESENTATION_RELATIONSHIP('','',#2058,#2019) 
REPRESENTATION_RELATIONSHIP_WITH_TRANSFORMATION(#2660) 
SHAPE_REPRESENTATION_RELATIONSHIP() );
#2660 = ITEM_DEFINED_TRANSFORMATION('','',#11,#2032);
#2661 = PRODUCT_DEFINITION_SHAPE('Placement','Placement of an item',
  #2662);
#2662 = NEXT_ASSEMBLY_USAGE_OCCURRENCE('27','Part40','',#2014,#2053,$);
#2663 = SHAPE_DEFINITION_REPRESENTATION(#2664,#2670);
#2664 = PRODUCT_DEFINITION_SHAPE('','',#2665);
#2665 = PRODUCT_DEFINITION('design','',#2666,#2669);
#2666 = PRODUCT_DEFINITION_FORMATION('','',#2667);
#2667 = PRODUCT('FlightController','FlightController','',(#2668));
#2668 = PRODUCT_CONTEXT('',#2,'mechanical');
#2669 = PRODUCT_DEFINITION_CONTEXT('part definition',#2,'design');
#2670 = SHAPE_REPRESENTATION('',(#11,#2671,#2675,#2679,#2683,#2687),
  #2691);
#2671 = AXIS2_PLACEMENT_3D('',#2672,#2673,#2674);
#2672 = CARTESIAN_POINT('',(0.,0.,0.));
#2673 = DIRECTION('',(0.,0.,1.));
#2674 = DIRECTION('',(1.,0.,0.));
#2675 = AXIS2_PLACEMENT_3D('',#2676,#2677,#2678);
#2676 = CARTESIAN_POINT('',(0.,0.,0.8));
#2677 = DIRECTION('',(0.,0.,1.));
#2678 = DIRECTION('',(1.,0.,0.));
#2679 = AXIS2_PLACEMENT_3D('',#2680,#2681,#2682);
#2680 = CARTESIAN_POINT('',(8.,8.,0.8));
#2681 = DIRECTION('',(0.,0.,1.));
#2682 = DIRECTION('',(1.,0.,0.));
#2683 = AXIS2_PLACEMENT_3D('',#2684,#2685,#2686);
#2684 = CARTESIAN_POINT('',(-8.,8.,0.8));
#2685 = DIRECTION('',(0.,0.,1.));
#2686 = DIRECTION('',(1.,0.,0.));
#2687 = AXIS2_PLACEMENT_3D('',#2688,#2689,#2690);
#2688 = CARTESIAN_POINT('',(0.,-13.,0.8));
#2689 = DIRECTION('',(0.,0.,1.));
#2690 = DIRECTION('',(1.,0.,0.));
#2691 = ( GEOMETRIC_REPRESENTATION_CONTEXT(3) 
GLOBAL_UNCERTAINTY_ASSIGNED_CONTEXT((#2695)) 
GLOBAL_UNIT_ASSIGNED_CONTEXT((#2692,#2693,#2694)) REPRESENTATION_CONTEXT
('Context #1','3D Context with UNIT and UNCERTAINTY') );
#2692 = ( LENGTH_UNIT() NAMED_UNIT(*) SI_UNIT(.MILLI.,.METRE.) );
#2693 = ( NAMED_UNIT(*) PLANE_ANGLE_UNIT() SI_UNIT($,.RADIAN.) );
#2694 = ( NAMED_UNIT(*) SI_UNIT($,.STERADIAN.) SOLID_ANGLE_UNIT() );
#2695 = UNCERTAINTY_MEASURE_WITH_UNIT(LENGTH_MEASURE(1.E-07),#2692,
  'distance_accuracy_value','confusion accuracy');
#2696 = CONTEXT_DEPENDENT_SHAPE_REPRESENTATION(#2697,#2699);
#2697 = ( REPRESENTATION_RELATIONSHIP('','',#2670,#2019) 
REPRESENTATION_RELATIONSHIP_WITH_TRANSFORMATION(#2698) 
SHAPE_REPRESENTATION_RELATIONSHIP() );
#2698 = ITEM_DEFINED_TRANSFORMATION('','',#11,#2036);
#2699 = PRODUCT_DEFINITION_SHAPE('Placement','Placement of an item',
  #2700);
#2700 = NEXT_ASSEMBLY_USAGE_OCCURRENCE('33','FlightController','',#2014,
  #2665,$);
#2701 = PRODUCT_RELATED_PRODUCT_CATEGORY('part',$,(#2667));
#2702 = SHAPE_DEFINITION_REPRESENTATION(#2703,#2709);
#2703 = PRODUCT_DEFINITION_SHAPE('','',#2704);
#2704 = PRODUCT_DEFINITION('design','',#2705,#2708);
#2705 = PRODUCT_DEFINITION_FORMATION('','',#2706);
#2706 = PRODUCT('Board','Board','',(#2707));
#2707 = PRODUCT_CONTEXT('',#2,'mechanical');
#2708 = PRODUCT_DEFINITION_CONTEXT('part definition',#2,'design');
#2709 = ADVANCED_BREP_SHAPE_REPRESENTATION('',(#11,#2710),#3408);
#2710 = MANIFOLD_SOLID_BREP('',#2711);
#2711 = CLOSED_SHELL('',(#2712,#2832,#2908,#3097,#3146,#3293,#3300,#3327
    ,#3354,#3381));
#2712 = ADVANCED_FACE('',(#2713),#2727,.F.);
#2713 = FACE_BOUND('',#2714,.F.);
#2714 = EDGE_LOOP('',(#2715,#2750,#2778,#2806));
#2715 = ORIENTED_EDGE('',*,*,#2716,.F.);
#2716 = EDGE_CURVE('',#2717,#2719,#2721,.T.);
#2717 = VERTEX_POINT('',#2718);
#2718 = CARTESIAN_POINT('',(-18.,-18.,-0.8));
#2719 = VERTEX_POINT('',#2720);
#2720 = CARTESIAN_POINT('',(-18.,-18.,0.8));
#2721 = SURFACE_CURVE('',#2722,(#2726,#2738),.PCURVE_S1.);
#2722 = LINE('',#2723,#2724);
#2723 = CARTESIAN_POINT('',(-18.,-18.,-0.8));
#2724 = VECTOR('',#2725,1.);
#2725 = DIRECTION('',(0.,0.,1.));
#2726 = PCURVE('',#2727,#2732);
#2727 = PLANE('',#2728);
#2728 = AXIS2_PLACEMENT_3D('',#2729,#2730,#2731);
#2729 = CARTESIAN_POINT('',(-18.,-18.,-0.8));
#2730 = DIRECTION('',(1.,0.,0.));
#2731 = DIRECTION('',(0.,0.,1.));
#2732 = DEFINITIONAL_REPRESENTATION('',(#2733),#2737);
#2733 = LINE('',#2734,#2735);
#2734 = CARTESIAN_POINT('',(0.,0.));
#2735 = VECTOR('',#2736,1.);
#2736 = DIRECTION('',(1.,0.));
#2737 = ( GEOMETRIC_REPRESENTATION_CONTEXT(2) 
PARAMETRIC_REPRESENTATION_CONTEXT() REPRESENTATION_CONTEXT('2D SPACE',''
  ) );
#2738 = PCURVE('',#2739,#2744);
#2739 = PLANE('',#2740);
#2740 = AXIS2_PLACEMENT_3D('',#2741,#2742,#2743);
#2741 = CARTESIAN_POINT('',(-18.,-18.,-0.8));
#2742 = DIRECTION('',(0.,1.,0.));
#2743 = DIRECTION('',(0.,0.,1.));
#2744 = DEFINITIONAL_REPRESENTATION('',(#2745),#2749);
#2745 = LINE('',#2746,#2747);
#2746 = CARTESIAN_POINT('',(0.,0.));
#2747 = VECTOR('',#2748,1.);
#2748 = DIRECTION('',(1.,0.));
#2749 = ( GEOMETRIC_REPRESENTATION_CONTEXT(2) 
PARAMETRIC_REPRESENTATION_CONTEXT() REPRESENTATION_CONTEXT('2D SPACE',''
  ) );
#2750 = ORIENTED_EDGE('',*,*,#2751,.T.);
#2751 = EDGE_CURVE('',#2717,#2752,#2754,.T.);
#2752 = VERTEX_POINT('',#2753);
#2753 = CARTESIAN_POINT('',(-18.,18.,-0.8));
#2754 = SURFACE_CURVE('',#2755,(#2759,#2766),.PCURVE_S1.);
#2755 = LINE('',#2756,#2757);
#2756 = CARTESIAN_POINT('',(-18.,-18.,-0.8));
#2757 = VECTOR('',#2758,1.);
#2758 = DIRECTION('',(0.,1.,0.));
#2759 = PCURVE('',#2727,#2760);
#2760 = DEFINITIONAL_REPRESENTATION('',(#2761),#2765);
#2761 = LINE('',#2762,#2763);
#2762 = CARTESIAN_POINT('',(0.,0.));
#2763 = VECTOR('',#2764,1.);
#2764 = DIRECTION('',(0.,-1.));
#2765 = ( GEOMETRIC_REPRESENTATION_CONTEXT(2) 
PARAMETRIC_REPRESENTATION_CONTEXT() REPRESENTATION_CONTEXT('2D SPACE',''
  ) );
#2766 = PCURVE('',#2767,#2772);
#2767 = PLANE('',#2768);
#2768 = AXIS2_PLACEMENT_3D('',#2769,#2770,#2771);
#2769 = CARTESIAN_POINT('',(-18.,-18.,-0.8));
#2770 = DIRECTION('',(0.,0.,1.));
#2771 = DIRECTION('',(1.,0.,0.));
#2772 = DEFINITIONAL_REPRESENTATION('',(#2773),#2777);
#2773 = LINE('',#2774,#2775);
#2774 = CARTESIAN_POINT('',(0.,0.));
#2775 = VECTOR('',#2776,1.);
#2776 = DIRECTION('',(0.,1.));
#2777 = ( GEOMETRIC_REPRESENTATION_CONTEXT(2) 
PARAMETRIC_REPRESENTATION_CONTEXT() REPRESENTATION_CONTEXT('2D SPACE',''
  ) );
#2778 = ORIENTED_EDGE('',*,*,#2779,.T.);
#2779 = EDGE_CURVE('',#2752,#2780,#2782,.T.);
#2780 = VERTEX_POINT('',#2781);
#2781 = CARTESIAN_POINT('',(-18.,18.,0.8));
#2782 = SURFACE_CURVE('',#2783,(#2787,#2794),.PCURVE_S1.);
#2783 = LINE('',#2784,#2785);
#2784 = CARTESIAN_POINT('',(-18.,18.,-0.8));
#2785 = VECTOR('',#2786,1.);
#2786 = DIRECTION('',(0.,0.,1.));
#2787 = PCURVE('',#2727,#2788);
#2788 = DEFINITIONAL_REPRESENTATION('',(#2789),#2793);
#2789 = LINE('',#2790,#2791);
#2790 = CARTESIAN_POINT('',(0.,-36.));
#2791 = VECTOR('',#2792,1.);
#2792 = DIRECTION('',(1.,0.));
#2793 = ( GEOMETRIC_REPRESENTATION_CONTEXT(2) 
PARAMETRIC_REPRESENTATION_CONTEXT() REPRESENTATION_CONTEXT('2D SPACE',''
  ) );
#2794 = PCURVE('',#2795,#2800);
#2795 = PLANE('',#2796);
#2796 = AXIS2_PLACEMENT_3D('',#2797,#2798,#2799);
#2797 = CARTESIAN_POINT('',(-18.,18.,-0.8));
#2798 = DIRECTION('',(0.,1.,0.));
#2799 = DIRECTION('',(0.,0.,1.));
#2800 = DEFINITIONAL_REPRESENTATION('',(#2801),#2805);
#2801 = LINE('',#2802,#2803);
#2802 = CARTESIAN_POINT('',(0.,0.));
#2803 = VECTOR('',#2804,1.);
#2804 = DIRECTION('',(1.,0.));
#2805 = ( GEOMETRIC_REPRESENTATION_CONTEXT(2) 
PARAMETRIC_REPRESENTATION_CONTEXT() REPRESENTATION_CONTEXT('2D SPACE',''
  ) );
#2806 = ORIENTED_EDGE('',*,*,#2807,.F.);
#2807 = EDGE_CURVE('',#2719,#2780,#2808,.T.);
#2808 = SURFACE_CURVE('',#2809,(#2813,#2820),.PCURVE_S1.);
#2809 = LINE('',#2810,#2811);
#2810 = CARTESIAN_POINT('',(-18.,-18.,0.8));
#2811 = VECTOR('',#2812,1.);
#2812 = DIRECTION('',(0.,1.,0.));
#2813 = PCURVE('',#2727,#2814);
#2814 = DEFINITIONAL_REPRESENTATION('',(#2815),#2819);
#2815 = LINE('',#2816,#2817);
#2816 = CARTESIAN_POINT('',(1.6,0.));
#2817 = VECTOR('',#2818,1.);
#2818 = DIRECTION('',(0.,-1.));
#2819 = ( GEOMETRIC_REPRESENTATION_CONTEXT(2) 
PARAMETRIC_REPRESENTATION_CONTEXT() REPRESENTATION_CONTEXT('2D SPACE',''
  ) );
#2820 = PCURVE('',#2821,#2826);
#2821 = PLANE('',#2822);
#2822 = AXIS2_PLACEMENT_3D('',#2823,#2824,#2825);
#2823 = CARTESIAN_POINT('',(-18.,-18.,0.8));
#2824 = DIRECTION('',(0.,0.,1.));
#2825 = DIRECTION('',(1.,0.,0.));
#2826 = DEFINITIONAL_REPRESENTATION('',(#2827),#2831);
#2827 = LINE('',#2828,#2829);
#2828 = CARTESIAN_POINT('',(0.,0.));
#2829 = VECTOR('',#2830,1.);
#2830 = DIRECTION('',(0.,1.));
#2831 = ( GEOMETRIC_REPRESENTATION_CONTEXT(2) 
PARAMETRIC_REPRESENTATION_CONTEXT() REPRESENTATION_CONTEXT('2D SPACE',''
  ) );
#2832 = ADVANCED_FACE('',(#2833),#2739,.F.);
#2833 = FACE_BOUND('',#2834,.F.);
#2834 = EDGE_LOOP('',(#2835,#2858,#2859,#2882));
#2835 = ORIENTED_EDGE('',*,*,#2836,.F.);
#2836 = EDGE_CURVE('',#2717,#2837,#2839,.T.);
#2837 = VERTEX_POINT('',#2838);
#2838 = CARTESIAN_POINT('',(18.,-18.,-0.8));
#2839 = SURFACE_CURVE('',#2840,(#2844,#2851),.PCURVE_S1.);
#2840 = LINE('',#2841,#2842);
#2841 = CARTESIAN_POINT('',(-18.,-18.,-0.8));
#2842 = VECTOR('',#2843,1.);
#2843 = DIRECTION('',(1.,0.,0.));
#2844 = PCURVE('',#2739,#2845);
#2845 = DEFINITIONAL_REPRESENTATION('',(#2846),#2850);
#2846 = LINE('',#2847,#2848);
#2847 = CARTESIAN_POINT('',(0.,0.));
#2848 = VECTOR('',#2849,1.);
#2849 = DIRECTION('',(0.,1.));
#2850 = ( GEOMETRIC_REPRESENTATION_CONTEXT(2) 
PARAMETRIC_REPRESENTATION_CONTEXT() REPRESENTATION_CONTEXT('2D SPACE',''
  ) );
#2851 = PCURVE('',#2767,#2852);
#2852 = DEFINITIONAL_REPRESENTATION('',(#2853),#2857);
#2853 = LINE('',#2854,#2855);
#2854 = CARTESIAN_POINT('',(0.,0.));
#2855 = VECTOR('',#2856,1.);
#2856 = DIRECTION('',(1.,0.));
#2857 = ( GEOMETRIC_REPRESENTATION_CONTEXT(2) 
PARAMETRIC_REPRESENTATION_CONTEXT() REPRESENTATION_CONTEXT('2D SPACE',''
  ) );
#2858 = ORIENTED_EDGE('',*,*,#2716,.T.);
#2859 = ORIENTED_EDGE('',*,*,#2860,.T.);
#2860 = EDGE_CURVE('',#2719,#2861,#2863,.T.);
#2861 = VERTEX_POINT('',#2862);
#2862 = CARTESIAN_POINT('',(18.,-18.,0.8));
#2863 = SURFACE_CURVE('',#2864,(#2868,#2875),.PCURVE_S1.);
#2864 = LINE('',#2865,#2866);
#2865 = CARTESIAN_POINT('',(-18.,-18.,0.8));
#2866 = VECTOR('',#2867,1.);
#2867 = DIRECTION('',(1.,0.,0.));
#2868 = PCURVE('',#2739,#2869);
#2869 = DEFINITIONAL_REPRESENTATION('',(#2870),#2874);
#2870 = LINE('',#2871,#2872);
#2871 = CARTESIAN_POINT('',(1.6,0.));
#2872 = VECTOR('',#2873,1.);
#2873 = DIRECTION('',(0.,1.));
#2874 = ( GEOMETRIC_REPRESENTATION_CONTEXT(2) 
PARAMETRIC_REPRESENTATION_CONTEXT() REPRESENTATION_CONTEXT('2D SPACE',''
  ) );
#2875 = PCURVE('',#2821,#2876);
#2876 = DEFINITIONAL_REPRESENTATION('',(#2877),#2881);
#2877 = LINE('',#2878,#2879);
#2878 = CARTESIAN_POINT('',(0.,0.));
#2879 = VECTOR('',#2880,1.);
#2880 = DIRECTION('',(1.,0.));
#2881 = ( GEOMETRIC_REPRESENTATION_CONTEXT(2) 
PARAMETRIC_REPRESENTATION_CONTEXT() REPRESENTATION_CONTEXT('2D SPACE',''
  ) );
#2882 = ORIENTED_EDGE('',*,*,#2883,.F.);
#2883 = EDGE_CURVE('',#2837,#2861,#2884,.T.);
#2884 = SURFACE_CURVE('',#2885,(#2889,#2896),.PCURVE_S1.);
#2885 = LINE('',#2886,#2887);
#2886 = CARTESIAN_POINT('',(18.,-18.,-0.8));
#2887 = VECTOR('',#2888,1.);
#2888 = DIRECTION('',(0.,0.,1.));
#2889 = PCURVE('',#2739,#2890);
#2890 = DEFINITIONAL_REPRESENTATION('',(#2891),#2895);
#2891 = LINE('',#2892,#2893);
#2892 = CARTESIAN_POINT('',(0.,36.));
#2893 = VECTOR('',#2894,1.);
#2894 = DIRECTION('',(1.,0.));
#2895 = ( GEOMETRIC_REPRESENTATION_CONTEXT(2) 
PARAMETRIC_REPRESENTATION_CONTEXT() REPRESENTATION_CONTEXT('2D SPACE',''
  ) );
#2896 = PCURVE('',#2897,#2902);
#2897 = PLANE('',#2898);
#2898 = AXIS2_PLACEMENT_3D('',#2899,#2900,#2901);
#2899 = CARTESIAN_POINT('',(18.,-18.,-0.8));
#2900 = DIRECTION('',(1.,0.,0.));
#2901 = DIRECTION('',(0.,0.,1.));
#2902 = DEFINITIONAL_REPRESENTATION('',(#2903),#2907);
#2903 = LINE('',#2904,#2905);
#2904 = CARTESIAN_POINT('',(0.,0.));
#2905 = VECTOR('',#2906,1.);
#2906 = DIRECTION('',(1.,0.));
#2907 = ( GEOMETRIC_REPRESENTATION_CONTEXT(2) 
PARAMETRIC_REPRESENTATION_CONTEXT() REPRESENTATION_CONTEXT('2D SPACE',''
  ) );
#2908 = ADVANCED_FACE('',(#2909,#2957,#2992,#3027,#3062),#2821,.T.);
#2909 = FACE_BOUND('',#2910,.T.);
#2910 = EDGE_LOOP('',(#2911,#2912,#2913,#2936));
#2911 = ORIENTED_EDGE('',*,*,#2807,.F.);
#2912 = ORIENTED_EDGE('',*,*,#2860,.T.);
#2913 = ORIENTED_EDGE('',*,*,#2914,.T.);
#2914 = EDGE_CURVE('',#2861,#2915,#2917,.T.);
#2915 = VERTEX_POINT('',#2916);
#2916 = CARTESIAN_POINT('',(18.,18.,0.8));
#2917 = SURFACE_CURVE('',#2918,(#2922,#2929),.PCURVE_S1.);
#2918 = LINE('',#2919,#2920);
#2919 = CARTESIAN_POINT('',(18.,-18.,0.8));
#2920 = VECTOR('',#2921,1.);
#2921 = DIRECTION('',(0.,1.,0.));
#2922 = PCURVE('',#2821,#2923);
#2923 = DEFINITIONAL_REPRESENTATION('',(#2924),#2928);
#2924 = LINE('',#2925,#2926);
#2925 = CARTESIAN_POINT('',(36.,0.));
#2926 = VECTOR('',#2927,1.);
#2927 = DIRECTION('',(0.,1.));
#2928 = ( GEOMETRIC_REPRESENTATION_CONTEXT(2) 
PARAMETRIC_REPRESENTATION_CONTEXT() REPRESENTATION_CONTEXT('2D SPACE',''
  ) );
#2929 = PCURVE('',#2897,#2930);
#2930 = DEFINITIONAL_REPRESENTATION('',(#2931),#2935);
#2931 = LINE('',#2932,#2933);
#2932 = CARTESIAN_POINT('',(1.6,0.));
#2933 = VECTOR('',#2934,1.);
#2934 = DIRECTION('',(0.,-1.));
#2935 = ( GEOMETRIC_REPRESENTATION_CONTEXT(2) 
PARAMETRIC_REPRESENTATION_CONTEXT() REPRESENTATION_CONTEXT('2D SPACE',''
  ) );
#2936 = ORIENTED_EDGE('',*,*,#2937,.F.);
#2937 = EDGE_CURVE('',#2780,#2915,#2938,.T.);
#2938 = SURFACE_CURVE('',#2939,(#2943,#2950),.PCURVE_S1.);
#2939 = LINE('',#2940,#2941);
#2940 = CARTESIAN_POINT('',(-18.,18.,0.8));
#2941 = VECTOR('',#2942,1.);
#2942 = DIRECTION('',(1.,0.,0.));
#2943 = PCURVE('',#2821,#2944);
#2944 = DEFINITIONAL_REPRESENTATION('',(#2945),#2949);
#2945 = LINE('',#2946,#2947);
#2946 = CARTESIAN_POINT('',(0.,36.));
#2947 = VECTOR('',#2948,1.);
#2948 = DIRECTION('',(1.,0.));
#2949 = ( GEOMETRIC_REPRESENTATION_CONTEXT(2) 
PARAMETRIC_REPRESENTATION_CONTEXT() REPRESENTATION_CONTEXT('2D SPACE',''
  ) );
#2950 = PCURVE('',#2795,#2951);
#2951 = DEFINITIONAL_REPRESENTATION('',(#2952),#2956);
#2952 = LINE('',#2953,#2954);
#2953 = CARTESIAN_POINT('',(1.6,0.));
#2954 = VECTOR('',#2955,1.);
#2955 = DIRECTION('',(0.,1.));
#2956 = ( GEOMETRIC_REPRESENTATION_CONTEXT(2) 
PARAMETRIC_REPRESENTATION_CONTEXT() REPRESENTATION_CONTEXT('2D SPACE',''
  ) );
#2957 = FACE_BOUND('',#2958,.T.);
#2958 = EDGE_LOOP('',(#2959));
#2959 = ORIENTED_EDGE('',*,*,#2960,.T.);
#2960 = EDGE_CURVE('',#2961,#2961,#2963,.T.);
#2961 = VERTEX_POINT('',#2962);
#2962 = CARTESIAN_POINT('',(-16.75,-15.25,0.8));
#2963 = SURFACE_CURVE('',#2964,(#2969,#2980),.PCURVE_S1.);
#2964 = CIRCLE('',#2965,1.5);
#2965 = AXIS2_PLACEMENT_3D('',#2966,#2967,#2968);
#2966 = CARTESIAN_POINT('',(-15.25,-15.25,0.8));
#2967 = DIRECTION('',(0.,0.,-1.));
#2968 = DIRECTION('',(-1.,0.,0.));
#2969 = PCURVE('',#2821,#2970);
#2970 = DEFINITIONAL_REPRESENTATION('',(#2971),#2979);
#2971 = ( BOUNDED_CURVE() B_SPLINE_CURVE(2,(#2972,#2973,#2974,#2975,
#2976,#2977,#2978),.UNSPECIFIED.,.T.,.F.) B_SPLINE_CURVE_WITH_KNOTS((1,2
    ,2,2,2,1),(-2.094395102393,0.,2.094395102393,4.188790204786,
6.28318530718,8.377580409573),.UNSPECIFIED.) CURVE() 
GEOMETRIC_REPRESENTATION_ITEM() RATIONAL_B_SPLINE_CURVE((1.,0.5,1.,0.5,
1.,0.5,1.)) REPRESENTATION_ITEM('') );
#2972 = CARTESIAN_POINT('',(1.25,2.75));
#2973 = CARTESIAN_POINT('',(1.25,5.348076211353));
#2974 = CARTESIAN_POINT('',(3.5,4.049038105677));
#2975 = CARTESIAN_POINT('',(5.75,2.75));
#2976 = CARTESIAN_POINT('',(3.5,1.450961894323));
#2977 = CARTESIAN_POINT('',(1.25,0.151923788647));
#2978 = CARTESIAN_POINT('',(1.25,2.75));
#2979 = ( GEOMETRIC_REPRESENTATION_CONTEXT(2) 
PARAMETRIC_REPRESENTATION_CONTEXT() REPRESENTATION_CONTEXT('2D SPACE',''
  ) );
#2980 = PCURVE('',#2981,#2986);
#2981 = CYLINDRICAL_SURFACE('',#2982,1.5);
#2982 = AXIS2_PLACEMENT_3D('',#2983,#2984,#2985);
#2983 = CARTESIAN_POINT('',(-15.25,-15.25,0.8));
#2984 = DIRECTION('',(0.,0.,-1.));
#2985 = DIRECTION('',(-1.,0.,0.));
#2986 = DEFINITIONAL_REPRESENTATION('',(#2987),#2991);
#2987 = LINE('',#2988,#2989);
#2988 = CARTESIAN_POINT('',(0.,0.));
#2989 = VECTOR('',#2990,1.);
#2990 = DIRECTION('',(1.,0.));
#2991 = ( GEOMETRIC_REPRESENTATION_CONTEXT(2) 
PARAMETRIC_REPRESENTATION_CONTEXT() REPRESENTATION_CONTEXT('2D SPACE',''
  ) );
#2992 = FACE_BOUND('',#2993,.T.);
#2993 = EDGE_LOOP('',(#2994));
#2994 = ORIENTED_EDGE('',*,*,#2995,.T.);
#2995 = EDGE_CURVE('',#2996,#2996,#2998,.T.);
#2996 = VERTEX_POINT('',#2997);
#2997 = CARTESIAN_POINT('',(13.75,-15.25,0.8));
#2998 = SURFACE_CURVE('',#2999,(#3004,#3015),.PCURVE_S1.);
#2999 = CIRCLE('',#3000,1.5);
#3000 = AXIS2_PLACEMENT_3D('',#3001,#3002,#3003);
#3001 = CARTESIAN_POINT('',(15.25,-15.25,0.8));
#3002 = DIRECTION('',(0.,0.,-1.));
#3003 = DIRECTION('',(-1.,0.,0.));
#3004 = PCURVE('',#2821,#3005);
#3005 = DEFINITIONAL_REPRESENTATION('',(#3006),#3014);
#3006 = ( BOUNDED_CURVE() B_SPLINE_CURVE(2,(#3007,#3008,#3009,#3010,
#3011,#3012,#3013),.UNSPECIFIED.,.T.,.F.) B_SPLINE_CURVE_WITH_KNOTS((1,2
    ,2,2,2,1),(-2.094395102393,0.,2.094395102393,4.188790204786,
6.28318530718,8.377580409573),.UNSPECIFIED.) CURVE() 
GEOMETRIC_REPRESENTATION_ITEM() RATIONAL_B_SPLINE_CURVE((1.,0.5,1.,0.5,
1.,0.5,1.)) REPRESENTATION_ITEM('') );
#3007 = CARTESIAN_POINT('',(31.75,2.75));
#3008 = CARTESIAN_POINT('',(31.75,5.348076211353));
#3009 = CARTESIAN_POINT('',(34.,4.049038105677));
#3010 = CARTESIAN_POINT('',(36.25,2.75));
#3011 = CARTESIAN_POINT('',(34.,1.450961894323));
#3012 = CARTESIAN_POINT('',(31.75,0.151923788647));
#3013 = CARTESIAN_POINT('',(31.75,2.75));
#3014 = ( GEOMETRIC_REPRESENTATION_CONTEXT(2) 
PARAMETRIC_REPRESENTATION_CONTEXT() REPRESENTATION_CONTEXT('2D SPACE',''
  ) );
#3015 = PCURVE('',#3016,#3021);
#3016 = CYLINDRICAL_SURFACE('',#3017,1.5);
#3017 = AXIS2_PLACEMENT_3D('',#3018,#3019,#3020);
#3018 = CARTESIAN_POINT('',(15.25,-15.25,0.8));
#3019 = DIRECTION('',(0.,0.,-1.));
#3020 = DIRECTION('',(-1.,0.,0.));
#3021 = DEFINITIONAL_REPRESENTATION('',(#3022),#3026);
#3022 = LINE('',#3023,#3024);
#3023 = CARTESIAN_POINT('',(0.,0.));
#3024 = VECTOR('',#3025,1.);
#3025 = DIRECTION('',(1.,0.));
#3026 = ( GEOMETRIC_REPRESENTATION_CONTEXT(2) 
PARAMETRIC_REPRESENTATION_CONTEXT() REPRESENTATION_CONTEXT('2D SPACE',''
  ) );
#3027 = FACE_BOUND('',#3028,.T.);
#3028 = EDGE_LOOP('',(#3029));
#3029 = ORIENTED_EDGE('',*,*,#3030,.T.);
#3030 = EDGE_CURVE('',#3031,#3031,#3033,.T.);
#3031 = VERTEX_POINT('',#3032);
#3032 = CARTESIAN_POINT('',(-16.75,15.25,0.8));
#3033 = SURFACE_CURVE('',#3034,(#3039,#3050),.PCURVE_S1.);
#3034 = CIRCLE('',#3035,1.5);
#3035 = AXIS2_PLACEMENT_3D('',#3036,#3037,#3038);
#3036 = CARTESIAN_POINT('',(-15.25,15.25,0.8));
#3037 = DIRECTION('',(0.,0.,-1.));
#3038 = DIRECTION('',(-1.,0.,0.));
#3039 = PCURVE('',#2821,#3040);
#3040 = DEFINITIONAL_REPRESENTATION('',(#3041),#3049);
#3041 = ( BOUNDED_CURVE() B_SPLINE_CURVE(2,(#3042,#3043,#3044,#3045,
#3046,#3047,#3048),.UNSPECIFIED.,.T.,.F.) B_SPLINE_CURVE_WITH_KNOTS((1,2
    ,2,2,2,1),(-2.094395102393,0.,2.094395102393,4.188790204786,
6.28318530718,8.377580409573),.UNSPECIFIED.) CURVE() 
GEOMETRIC_REPRESENTATION_ITEM() RATIONAL_B_SPLINE_CURVE((1.,0.5,1.,0.5,
1.,0.5,1.)) REPRESENTATION_ITEM('') );
#3042 = CARTESIAN_POINT('',(1.25,33.25));
#3043 = CARTESIAN_POINT('',(1.25,35.848076211353));
#3044 = CARTESIAN_POINT('',(3.5,34.549038105677));
#3045 = CARTESIAN_POINT('',(5.75,33.25));
#3046 = CARTESIAN_POINT('',(3.5,31.950961894323));
#3047 = CARTESIAN_POINT('',(1.25,30.651923788647));
#3048 = CARTESIAN_POINT('',(1.25,33.25));
#3049 = ( GEOMETRIC_REPRESENTATION_CONTEXT(2) 
PARAMETRIC_REPRESENTATION_CONTEXT() REPRESENTATION_CONTEXT('2D SPACE',''
  ) );
#3050 = PCURVE('',#3051,#3056);
#3051 = CYLINDRICAL_SURFACE('',#3052,1.5);
#3052 = AXIS2_PLACEMENT_3D('',#3053,#3054,#3055);
#3053 = CARTESIAN_POINT('',(-15.25,15.25,0.8));
#3054 = DIRECTION('',(0.,0.,-1.));
#3055 = DIRECTION('',(-1.,0.,0.));
#3056 = DEFINITIONAL_REPRESENTATION('',(#3057),#3061);
#3057 = LINE('',#3058,#3059);
#3058 = CARTESIAN_POINT('',(0.,0.));
#3059 = VECTOR('',#3060,1.);
#3060 = DIRECTION('',(1.,0.));
#3061 = ( GEOMETRIC_REPRESENTATION_CONTEXT(2) 
PARAMETRIC_REPRESENTATION_CONTEXT() REPRESENTATION_CONTEXT('2D SPACE',''
  ) );
#3062 = FACE_BOUND('',#3063,.T.);
#3063 = EDGE_LOOP('',(#3064));
#3064 = ORIENTED_EDGE('',*,*,#3065,.T.);
#3065 = EDGE_CURVE('',#3066,#3066,#3068,.T.);
#3066 = VERTEX_POINT('',#3067);
#3067 = CARTESIAN_POINT('',(13.75,15.25,0.8));
#3068 = SURFACE_CURVE('',#3069,(#3074,#3085),.PCURVE_S1.);
#3069 = CIRCLE('',#3070,1.5);
#3070 = AXIS2_PLACEMENT_3D('',#3071,#3072,#3073);
#3071 = CARTESIAN_POINT('',(15.25,15.25,0.8));
#3072 = DIRECTION('',(0.,0.,-1.));
#3073 = DIRECTION('',(-1.,0.,0.));
#3074 = PCURVE('',#2821,#3075);
#3075 = DEFINITIONAL_REPRESENTATION('',(#3076),#3084);
#3076 = ( BOUNDED_CURVE() B_SPLINE_CURVE(2,(#3077,#3078,#3079,#3080,
#3081,#3082,#3083),.UNSPECIFIED.,.T.,.F.) B_SPLINE_CURVE_WITH_KNOTS((1,2
    ,2,2,2,1),(-2.094395102393,0.,2.094395102393,4.188790204786,
6.28318530718,8.377580409573),.UNSPECIFIED.) CURVE() 
GEOMETRIC_REPRESENTATION_ITEM() RATIONAL_B_SPLINE_CURVE((1.,0.5,1.,0.5,
1.,0.5,1.)) REPRESENTATION_ITEM('') );
#3077 = CARTESIAN_POINT('',(31.75,33.25));
#3078 = CARTESIAN_POINT('',(31.75,35.848076211353));
#3079 = CARTESIAN_POINT('',(34.,34.549038105677));
#3080 = CARTESIAN_POINT('',(36.25,33.25));
#3081 = CARTESIAN_POINT('',(34.,31.950961894323));
#3082 = CARTESIAN_POINT('',(31.75,30.651923788647));
#3083 = CARTESIAN_POINT('',(31.75,33.25));
#3084 = ( GEOMETRIC_REPRESENTATION_CONTEXT(2) 
PARAMETRIC_REPRESENTATION_CONTEXT() REPRESENTATION_CONTEXT('2D SPACE',''
  ) );
#3085 = PCURVE('',#3086,#3091);
#3086 = CYLINDRICAL_SURFACE('',#3087,1.5);
#3087 = AXIS2_PLACEMENT_3D('',#3088,#3089,#3090);
#3088 = CARTESIAN_POINT('',(15.25,15.25,0.8));
#3089 = DIRECTION('',(0.,0.,-1.));
#3090 = DIRECTION('',(-1.,0.,0.));
#3091 = DEFINITIONAL_REPRESENTATION('',(#3092),#3096);
#3092 = LINE('',#3093,#3094);
#3093 = CARTESIAN_POINT('',(0.,0.));
#3094 = VECTOR('',#3095,1.);
#3095 = DIRECTION('',(1.,0.));
#3096 = ( GEOMETRIC_REPRESENTATION_CONTEXT(2) 
PARAMETRIC_REPRESENTATION_CONTEXT() REPRESENTATION_CONTEXT('2D SPACE',''
  ) );
#3097 = ADVANCED_FACE('',(#3098),#2795,.T.);
#3098 = FACE_BOUND('',#3099,.T.);
#3099 = EDGE_LOOP('',(#3100,#3123,#3124,#3125));
#3100 = ORIENTED_EDGE('',*,*,#3101,.F.);
#3101 = EDGE_CURVE('',#2752,#3102,#3104,.T.);
#3102 = VERTEX_POINT('',#3103);
#3103 = CARTESIAN_POINT('',(18.,18.,-0.8));
#3104 = SURFACE_CURVE('',#3105,(#3109,#3116),.PCURVE_S1.);
#3105 = LINE('',#3106,#3107);
#3106 = CARTESIAN_POINT('',(-18.,18.,-0.8));
#3107 = VECTOR('',#3108,1.);
#3108 = DIRECTION('',(1.,0.,0.));
#3109 = PCURVE('',#2795,#3110);
#3110 = DEFINITIONAL_REPRESENTATION('',(#3111),#3115);
#3111 = LINE('',#3112,#3113);
#3112 = CARTESIAN_POINT('',(0.,0.));
#3113 = VECTOR('',#3114,1.);
#3114 = DIRECTION('',(0.,1.));
#3115 = ( GEOMETRIC_REPRESENTATION_CONTEXT(2) 
PARAMETRIC_REPRESENTATION_CONTEXT() REPRESENTATION_CONTEXT('2D SPACE',''
  ) );
#3116 = PCURVE('',#2767,#3117);
#3117 = DEFINITIONAL_REPRESENTATION('',(#3118),#3122);
#3118 = LINE('',#3119,#3120);
#3119 = CARTESIAN_POINT('',(0.,36.));
#3120 = VECTOR('',#3121,1.);
#3121 = DIRECTION('',(1.,0.));
#3122 = ( GEOMETRIC_REPRESENTATION_CONTEXT(2) 
PARAMETRIC_REPRESENTATION_CONTEXT() REPRESENTATION_CONTEXT('2D SPACE',''
  ) );
#3123 = ORIENTED_EDGE('',*,*,#2779,.T.);
#3124 = ORIENTED_EDGE('',*,*,#2937,.T.);
#3125 = ORIENTED_EDGE('',*,*,#3126,.F.);
#3126 = EDGE_CURVE('',#3102,#2915,#3127,.T.);
#3127 = SURFACE_CURVE('',#3128,(#3132,#3139),.PCURVE_S1.);
#3128 = LINE('',#3129,#3130);
#3129 = CARTESIAN_POINT('',(18.,18.,-0.8));
#3130 = VECTOR('',#3131,1.);
#3131 = DIRECTION('',(0.,0.,1.));
#3132 = PCURVE('',#2795,#3133);
#3133 = DEFINITIONAL_REPRESENTATION('',(#3134),#3138);
#3134 = LINE('',#3135,#3136);
#3135 = CARTESIAN_POINT('',(0.,36.));
#3136 = VECTOR('',#3137,1.);
#3137 = DIRECTION('',(1.,0.));
#3138 = ( GEOMETRIC_REPRESENTATION_CONTEXT(2) 
PARAMETRIC_REPRESENTATION_CONTEXT() REPRESENTATION_CONTEXT('2D SPACE',''
  ) );
#3139 = PCURVE('',#2897,#3140);
#3140 = DEFINITIONAL_REPRESENTATION('',(#3141),#3145);
#3141 = LINE('',#3142,#3143);
#3142 = CARTESIAN_POINT('',(0.,-36.));
#3143 = VECTOR('',#3144,1.);
#3144 = DIRECTION('',(1.,0.));
#3145 = ( GEOMETRIC_REPRESENTATION_CONTEXT(2) 
PARAMETRIC_REPRESENTATION_CONTEXT() REPRESENTATION_CONTEXT('2D SPACE',''
  ) );
#3146 = ADVANCED_FACE('',(#3147,#3173,#3203,#3233,#3263),#2767,.F.);
#3147 = FACE_BOUND('',#3148,.F.);
#3148 = EDGE_LOOP('',(#3149,#3150,#3151,#3172));
#3149 = ORIENTED_EDGE('',*,*,#2751,.F.);
#3150 = ORIENTED_EDGE('',*,*,#2836,.T.);
#3151 = ORIENTED_EDGE('',*,*,#3152,.T.);
#3152 = EDGE_CURVE('',#2837,#3102,#3153,.T.);
#3153 = SURFACE_CURVE('',#3154,(#3158,#3165),.PCURVE_S1.);
#3154 = LINE('',#3155,#3156);
#3155 = CARTESIAN_POINT('',(18.,-18.,-0.8));
#3156 = VECTOR('',#3157,1.);
#3157 = DIRECTION('',(0.,1.,0.));
#3158 = PCURVE('',#2767,#3159);
#3159 = DEFINITIONAL_REPRESENTATION('',(#3160),#3164);
#3160 = LINE('',#3161,#3162);
#3161 = CARTESIAN_POINT('',(36.,0.));
#3162 = VECTOR('',#3163,1.);
#3163 = DIRECTION('',(0.,1.));
#3164 = ( GEOMETRIC_REPRESENTATION_CONTEXT(2) 
PARAMETRIC_REPRESENTATION_CONTEXT() REPRESENTATION_CONTEXT('2D SPACE',''
  ) );
#3165 = PCURVE('',#2897,#3166);
#3166 = DEFINITIONAL_REPRESENTATION('',(#3167),#3171);
#3167 = LINE('',#3168,#3169);
#3168 = CARTESIAN_POINT('',(0.,0.));
#3169 = VECTOR('',#3170,1.);
#3170 = DIRECTION('',(0.,-1.));
#3171 = ( GEOMETRIC_REPRESENTATION_CONTEXT(2) 
PARAMETRIC_REPRESENTATION_CONTEXT() REPRESENTATION_CONTEXT('2D SPACE',''
  ) );
#3172 = ORIENTED_EDGE('',*,*,#3101,.F.);
#3173 = FACE_BOUND('',#3174,.F.);
#3174 = EDGE_LOOP('',(#3175));
#3175 = ORIENTED_EDGE('',*,*,#3176,.T.);
#3176 = EDGE_CURVE('',#3177,#3177,#3179,.T.);
#3177 = VERTEX_POINT('',#3178);
#3178 = CARTESIAN_POINT('',(-16.75,-15.25,-0.8));
#3179 = SURFACE_CURVE('',#3180,(#3185,#3196),.PCURVE_S1.);
#3180 = CIRCLE('',#3181,1.5);
#3181 = AXIS2_PLACEMENT_3D('',#3182,#3183,#3184);
#3182 = CARTESIAN_POINT('',(-15.25,-15.25,-0.8));
#3183 = DIRECTION('',(0.,0.,-1.));
#3184 = DIRECTION('',(-1.,0.,0.));
#3185 = PCURVE('',#2767,#3186);
#3186 = DEFINITIONAL_REPRESENTATION('',(#3187),#3195);
#3187 = ( BOUNDED_CURVE() B_SPLINE_CURVE(2,(#3188,#3189,#3190,#3191,
#3192,#3193,#3194),.UNSPECIFIED.,.T.,.F.) B_SPLINE_CURVE_WITH_KNOTS((1,2
    ,2,2,2,1),(-2.094395102393,0.,2.094395102393,4.188790204786,
6.28318530718,8.377580409573),.UNSPECIFIED.) CURVE() 
GEOMETRIC_REPRESENTATION_ITEM() RATIONAL_B_SPLINE_CURVE((1.,0.5,1.,0.5,
1.,0.5,1.)) REPRESENTATION_ITEM('') );
#3188 = CARTESIAN_POINT('',(1.25,2.75));
#3189 = CARTESIAN_POINT('',(1.25,5.348076211353));
#3190 = CARTESIAN_POINT('',(3.5,4.049038105677));
#3191 = CARTESIAN_POINT('',(5.75,2.75));
#3192 = CARTESIAN_POINT('',(3.5,1.450961894323));
#3193 = CARTESIAN_POINT('',(1.25,0.151923788647));
#3194 = CARTESIAN_POINT('',(1.25,2.75));
#3195 = ( GEOMETRIC_REPRESENTATION_CONTEXT(2) 
PARAMETRIC_REPRESENTATION_CONTEXT() REPRESENTATION_CONTEXT('2D SPACE',''
  ) );
#3196 = PCURVE('',#2981,#3197);
#3197 = DEFINITIONAL_REPRESENTATION('',(#3198),#3202);
#3198 = LINE('',#3199,#3200);
#3199 = CARTESIAN_POINT('',(0.,1.6));
#3200 = VECTOR('',#3201,1.);
#3201 = DIRECTION('',(1.,0.));
#3202 = ( GEOMETRIC_REPRESENTATION_CONTEXT(2) 
PARAMETRIC_REPRESENTATION_CONTEXT() REPRESENTATION_CONTEXT('2D SPACE',''
  ) );
#3203 = FACE_BOUND('',#3204,.F.);
#3204 = EDGE_LOOP('',(#3205));
#3205 = ORIENTED_EDGE('',*,*,#3206,.T.);
#3206 = EDGE_CURVE('',#3207,#3207,#3209,.T.);
#3207 = VERTEX_POINT('',#3208);
#3208 = CARTESIAN_POINT('',(13.75,-15.25,-0.8));
#3209 = SURFACE_CURVE('',#3210,(#3215,#3226),.PCURVE_S1.);
#3210 = CIRCLE('',#3211,1.5);
#3211 = AXIS2_PLACEMENT_3D('',#3212,#3213,#3214);
#3212 = CARTESIAN_POINT('',(15.25,-15.25,-0.8));
#3213 = DIRECTION('',(0.,0.,-1.));
#3214 = DIRECTION('',(-1.,0.,0.));
#3215 = PCURVE('',#2767,#3216);
#3216 = DEFINITIONAL_REPRESENTATION('',(#3217),#3225);
#3217 = ( BOUNDED_CURVE() B_SPLINE_CURVE(2,(#3218,#3219,#3220,#3221,
#3222,#3223,#3224),.UNSPECIFIED.,.T.,.F.) B_SPLINE_CURVE_WITH_KNOTS((1,2
    ,2,2,2,1),(-2.094395102393,0.,2.094395102393,4.188790204786,
6.28318530718,8.377580409573),.UNSPECIFIED.) CURVE() 
GEOMETRIC_REPRESENTATION_ITEM() RATIONAL_B_SPLINE_CURVE((1.,0.5,1.,0.5,
1.,0.5,1.)) REPRESENTATION_ITEM('') );
#3218 = CARTESIAN_POINT('',(31.75,2.75));
#3219 = CARTESIAN_POINT('',(31.75,5.348076211353));
#3220 = CARTESIAN_POINT('',(34.,4.049038105677));
#3221 = CARTESIAN_POINT('',(36.25,2.75));
#3222 = CARTESIAN_POINT('',(34.,1.450961894323));
#3223 = CARTESIAN_POINT('',(31.75,0.151923788647));
#3224 = CARTESIAN_POINT('',(31.75,2.75));
#3225 = ( GEOMETRIC_REPRESENTATION_CONTEXT(2) 
PARAMETRIC_REPRESENTATION_CONTEXT() REPRESENTATION_CONTEXT('2D SPACE',''
  ) );
#3226 = PCURVE('',#3016,#3227);
#3227 = DEFINITIONAL_REPRESENTATION('',(#3228),#3232);
#3228 = LINE('',#3229,#3230);
#3229 = CARTESIAN_POINT('',(0.,1.6));
#3230 = VECTOR('',#3231,1.);
#3231 = DIRECTION('',(1.,0.));
#3232 = ( GEOMETRIC_REPRESENTATION_CONTEXT(2) 
PARAMETRIC_REPRESENTATION_CONTEXT() REPRESENTATION_CONTEXT('2D SPACE',''
  ) );
#3233 = FACE_BOUND('',#3234,.F.);
#3234 = EDGE_LOOP('',(#3235));
#3235 = ORIENTED_EDGE('',*,*,#3236,.T.);
#3236 = EDGE_CURVE('',#3237,#3237,#3239,.T.);
#3237 = VERTEX_POINT('',#3238);
#3238 = CARTESIAN_POINT('',(-16.75,15.25,-0.8));
#3239 = SURFACE_CURVE('',#3240,(#3245,#3256),.PCURVE_S1.);
#3240 = CIRCLE('',#3241,1.5);
#3241 = AXIS2_PLACEMENT_3D('',#3242,#3243,#3244);
#3242 = CARTESIAN_POINT('',(-15.25,15.25,-0.8));
#3243 = DIRECTION('',(0.,0.,-1.));
#3244 = DIRECTION('',(-1.,0.,0.));
#3245 = PCURVE('',#2767,#3246);
#3246 = DEFINITIONAL_REPRESENTATION('',(#3247),#3255);
#3247 = ( BOUNDED_CURVE() B_SPLINE_CURVE(2,(#3248,#3249,#3250,#3251,
#3252,#3253,#3254),.UNSPECIFIED.,.T.,.F.) B_SPLINE_CURVE_WITH_KNOTS((1,2
    ,2,2,2,1),(-2.094395102393,0.,2.094395102393,4.188790204786,
6.28318530718,8.377580409573),.UNSPECIFIED.) CURVE() 
GEOMETRIC_REPRESENTATION_ITEM() RATIONAL_B_SPLINE_CURVE((1.,0.5,1.,0.5,
1.,0.5,1.)) REPRESENTATION_ITEM('') );
#3248 = CARTESIAN_POINT('',(1.25,33.25));
#3249 = CARTESIAN_POINT('',(1.25,35.848076211353));
#3250 = CARTESIAN_POINT('',(3.5,34.549038105677));
#3251 = CARTESIAN_POINT('',(5.75,33.25));
#3252 = CARTESIAN_POINT('',(3.5,31.950961894323));
#3253 = CARTESIAN_POINT('',(1.25,30.651923788647));
#3254 = CARTESIAN_POINT('',(1.25,33.25));
#3255 = ( GEOMETRIC_REPRESENTATION_CONTEXT(2) 
PARAMETRIC_REPRESENTATION_CONTEXT() REPRESENTATION_CONTEXT('2D SPACE',''
  ) );
#3256 = PCURVE('',#3051,#3257);
#3257 = DEFINITIONAL_REPRESENTATION('',(#3258),#3262);
#3258 = LINE('',#3259,#3260);
#3259 = CARTESIAN_POINT('',(0.,1.6));
#3260 = VECTOR('',#3261,1.);
#3261 = DIRECTION('',(1.,0.));
#3262 = ( GEOMETRIC_REPRESENTATION_CONTEXT(2) 
PARAMETRIC_REPRESENTATION_CONTEXT() REPRESENTATION_CONTEXT('2D SPACE',''
  ) );
#3263 = FACE_BOUND('',#3264,.F.);
#3264 = EDGE_LOOP('',(#3265));
#3265 = ORIENTED_EDGE('',*,*,#3266,.T.);
#3266 = EDGE_CURVE('',#3267,#3267,#3269,.T.);
#3267 = VERTEX_POINT('',#3268);
#3268 = CARTESIAN_POINT('',(13.75,15.25,-0.8));
#3269 = SURFACE_CURVE('',#3270,(#3275,#3286),.PCURVE_S1.);
#3270 = CIRCLE('',#3271,1.5);
#3271 = AXIS2_PLACEMENT_3D('',#3272,#3273,#3274);
#3272 = CARTESIAN_POINT('',(15.25,15.25,-0.8));
#3273 = DIRECTION('',(0.,0.,-1.));
#3274 = DIRECTION('',(-1.,0.,0.));
#3275 = PCURVE('',#2767,#3276);
#3276 = DEFINITIONAL_REPRESENTATION('',(#3277),#3285);
#3277 = ( BOUNDED_CURVE() B_SPLINE_CURVE(2,(#3278,#3279,#3280,#3281,
#3282,#3283,#3284),.UNSPECIFIED.,.T.,.F.) B_SPLINE_CURVE_WITH_KNOTS((1,2
    ,2,2,2,1),(-2.094395102393,0.,2.094395102393,4.188790204786,
6.28318530718,8.377580409573),.UNSPECIFIED.) CURVE() 
GEOMETRIC_REPRESENTATION_ITEM() RATIONAL_B_SPLINE_CURVE((1.,0.5,1.,0.5,
1.,0.5,1.)) REPRESENTATION_ITEM('') );
#3278 = CARTESIAN_POINT('',(31.75,33.25));
#3279 = CARTESIAN_POINT('',(31.75,35.848076211353));
#3280 = CARTESIAN_POINT('',(34.,34.549038105677));
#3281 = CARTESIAN_POINT('',(36.25,33.25));
#3282 = CARTESIAN_POINT('',(34.,31.950961894323));
#3283 = CARTESIAN_POINT('',(31.75,30.651923788647));
#3284 = CARTESIAN_POINT('',(31.75,33.25));
#3285 = ( GEOMETRIC_REPRESENTATION_CONTEXT(2) 
PARAMETRIC_REPRESENTATION_CONTEXT() REPRESENTATION_CONTEXT('2D SPACE',''
  ) );
#3286 = PCURVE('',#3086,#3287);
#3287 = DEFINITIONAL_REPRESENTATION('',(#3288),#3292);
#3288 = LINE('',#3289,#3290);
#3289 = CARTESIAN_POINT('',(0.,1.6));
#3290 = VECTOR('',#3291,1.);
#3291 = DIRECTION('',(1.,0.));
#3292 = ( GEOMETRIC_REPRESENTATION_CONTEXT(2) 
PARAMETRIC_REPRESENTATION_CONTEXT() REPRESENTATION_CONTEXT('2D SPACE',''
  ) );
#3293 = ADVANCED_FACE('',(#3294),#2897,.T.);
#3294 = FACE_BOUND('',#3295,.T.);
#3295 = EDGE_LOOP('',(#3296,#3297,#3298,#3299));
#3296 = ORIENTED_EDGE('',*,*,#2883,.F.);
#3297 = ORIENTED_EDGE('',*,*,#3152,.T.);
#3298 = ORIENTED_EDGE('',*,*,#3126,.T.);
#3299 = ORIENTED_EDGE('',*,*,#2914,.F.);
#3300 = ADVANCED_FACE('',(#3301),#2981,.F.);
#3301 = FACE_BOUND('',#3302,.F.);
#3302 = EDGE_LOOP('',(#3303,#3304,#3325,#3326));
#3303 = ORIENTED_EDGE('',*,*,#3176,.F.);
#3304 = ORIENTED_EDGE('',*,*,#3305,.F.);
#3305 = EDGE_CURVE('',#2961,#3177,#3306,.T.);
#3306 = SEAM_CURVE('',#3307,(#3311,#3318),.PCURVE_S1.);
#3307 = LINE('',#3308,#3309);
#3308 = CARTESIAN_POINT('',(-16.75,-15.25,0.8));
#3309 = VECTOR('',#3310,1.);
#3310 = DIRECTION('',(0.,0.,-1.));
#3311 = PCURVE('',#2981,#3312);
#3312 = DEFINITIONAL_REPRESENTATION('',(#3313),#3317);
#3313 = LINE('',#3314,#3315);
#3314 = CARTESIAN_POINT('',(6.28318530718,-0.));
#3315 = VECTOR('',#3316,1.);
#3316 = DIRECTION('',(0.,1.));
#3317 = ( GEOMETRIC_REPRESENTATION_CONTEXT(2) 
PARAMETRIC_REPRESENTATION_CONTEXT() REPRESENTATION_CONTEXT('2D SPACE',''
  ) );
#3318 = PCURVE('',#2981,#3319);
#3319 = DEFINITIONAL_REPRESENTATION('',(#3320),#3324);
#3320 = LINE('',#3321,#3322);
#3321 = CARTESIAN_POINT('',(0.,-0.));
#3322 = VECTOR('',#3323,1.);
#3323 = DIRECTION('',(0.,1.));
#3324 = ( GEOMETRIC_REPRESENTATION_CONTEXT(2) 
PARAMETRIC_REPRESENTATION_CONTEXT() REPRESENTATION_CONTEXT('2D SPACE',''
  ) );
#3325 = ORIENTED_EDGE('',*,*,#2960,.T.);
#3326 = ORIENTED_EDGE('',*,*,#3305,.T.);
#3327 = ADVANCED_FACE('',(#3328),#3016,.F.);
#3328 = FACE_BOUND('',#3329,.F.);
#3329 = EDGE_LOOP('',(#3330,#3331,#3352,#3353));
#3330 = ORIENTED_EDGE('',*,*,#3206,.F.);
#3331 = ORIENTED_EDGE('',*,*,#3332,.F.);
#3332 = EDGE_CURVE('',#2996,#3207,#3333,.T.);
#3333 = SEAM_CURVE('',#3334,(#3338,#3345),.PCURVE_S1.);
#3334 = LINE('',#3335,#3336);
#3335 = CARTESIAN_POINT('',(13.75,-15.25,0.8));
#3336 = VECTOR('',#3337,1.);
#3337 = DIRECTION('',(0.,0.,-1.));
#3338 = PCURVE('',#3016,#3339);
#3339 = DEFINITIONAL_REPRESENTATION('',(#3340),#3344);
#3340 = LINE('',#3341,#3342);
#3341 = CARTESIAN_POINT('',(6.28318530718,-0.));
#3342 = VECTOR('',#3343,1.);
#3343 = DIRECTION('',(0.,1.));
#3344 = ( GEOMETRIC_REPRESENTATION_CONTEXT(2) 
PARAMETRIC_REPRESENTATION_CONTEXT() REPRESENTATION_CONTEXT('2D SPACE',''
  ) );
#3345 = PCURVE('',#3016,#3346);
#3346 = DEFINITIONAL_REPRESENTATION('',(#3347),#3351);
#3347 = LINE('',#3348,#3349);
#3348 = CARTESIAN_POINT('',(0.,-0.));
#3349 = VECTOR('',#3350,1.);
#3350 = DIRECTION('',(0.,1.));
#3351 = ( GEOMETRIC_REPRESENTATION_CONTEXT(2) 
PARAMETRIC_REPRESENTATION_CONTEXT() REPRESENTATION_CONTEXT('2D SPACE',''
  ) );
#3352 = ORIENTED_EDGE('',*,*,#2995,.T.);
#3353 = ORIENTED_EDGE('',*,*,#3332,.T.);
#3354 = ADVANCED_FACE('',(#3355),#3051,.F.);
#3355 = FACE_BOUND('',#3356,.F.);
#3356 = EDGE_LOOP('',(#3357,#3358,#3379,#3380));
#3357 = ORIENTED_EDGE('',*,*,#3236,.F.);
#3358 = ORIENTED_EDGE('',*,*,#3359,.F.);
#3359 = EDGE_CURVE('',#3031,#3237,#3360,.T.);
#3360 = SEAM_CURVE('',#3361,(#3365,#3372),.PCURVE_S1.);
#3361 = LINE('',#3362,#3363);
#3362 = CARTESIAN_POINT('',(-16.75,15.25,0.8));
#3363 = VECTOR('',#3364,1.);
#3364 = DIRECTION('',(0.,0.,-1.));
#3365 = PCURVE('',#3051,#3366);
#3366 = DEFINITIONAL_REPRESENTATION('',(#3367),#3371);
#3367 = LINE('',#3368,#3369);
#3368 = CARTESIAN_POINT('',(6.28318530718,-0.));
#3369 = VECTOR('',#3370,1.);
#3370 = DIRECTION('',(0.,1.));
#3371 = ( GEOMETRIC_REPRESENTATION_CONTEXT(2) 
PARAMETRIC_REPRESENTATION_CONTEXT() REPRESENTATION_CONTEXT('2D SPACE',''
  ) );
#3372 = PCURVE('',#3051,#3373);
#3373 = DEFINITIONAL_REPRESENTATION('',(#3374),#3378);
#3374 = LINE('',#3375,#3376);
#3375 = CARTESIAN_POINT('',(0.,-0.));
#3376 = VECTOR('',#3377,1.);
#3377 = DIRECTION('',(0.,1.));
#3378 = ( GEOMETRIC_REPRESENTATION_CONTEXT(2) 
PARAMETRIC_REPRESENTATION_CONTEXT() REPRESENTATION_CONTEXT('2D SPACE',''
  ) );
#3379 = ORIENTED_EDGE('',*,*,#3030,.T.);
#3380 = ORIENTED_EDGE('',*,*,#3359,.T.);
#3381 = ADVANCED_FACE('',(#3382),#3086,.F.);
#3382 = FACE_BOUND('',#3383,.F.);
#3383 = EDGE_LOOP('',(#3384,#3385,#3406,#3407));
#3384 = ORIENTED_EDGE('',*,*,#3266,.F.);
#3385 = ORIENTED_EDGE('',*,*,#3386,.F.);
#3386 = EDGE_CURVE('',#3066,#3267,#3387,.T.);
#3387 = SEAM_CURVE('',#3388,(#3392,#3399),.PCURVE_S1.);
#3388 = LINE('',#3389,#3390);
#3389 = CARTESIAN_POINT('',(13.75,15.25,0.8));
#3390 = VECTOR('',#3391,1.);
#3391 = DIRECTION('',(0.,0.,-1.));
#3392 = PCURVE('',#3086,#3393);
#3393 = DEFINITIONAL_REPRESENTATION('',(#3394),#3398);
#3394 = LINE('',#3395,#3396);
#3395 = CARTESIAN_POINT('',(6.28318530718,-0.));
#3396 = VECTOR('',#3397,1.);
#3397 = DIRECTION('',(0.,1.));
#3398 = ( GEOMETRIC_REPRESENTATION_CONTEXT(2) 
PARAMETRIC_REPRESENTATION_CONTEXT() REPRESENTATION_CONTEXT('2D SPACE',''
  ) );
#3399 = PCURVE('',#3086,#3400);
#3400 = DEFINITIONAL_REPRESENTATION('',(#3401),#3405);
#3401 = LINE('',#3402,#3403);
#3402 = CARTESIAN_POINT('',(0.,-0.));
#3403 = VECTOR('',#3404,1.);
#3404 = DIRECTION('',(0.,1.));
#3405 = ( GEOMETRIC_REPRESENTATION_CONTEXT(2) 
PARAMETRIC_REPRESENTATION_CONTEXT() REPRESENTATION_CONTEXT('2D SPACE',''
  ) );
#3406 = ORIENTED_EDGE('',*,*,#3065,.T.);
#3407 = ORIENTED_EDGE('',*,*,#3386,.T.);
#3408 = ( GEOMETRIC_REPRESENTATION_CONTEXT(3) 
GLOBAL_UNCERTAINTY_ASSIGNED_CONTEXT((#3412)) 
GLOBAL_UNIT_ASSIGNED_CONTEXT((#3409,#3410,#3411)) REPRESENTATION_CONTEXT
('Context #1','3D Context with UNIT and UNCERTAINTY') );
#3409 = ( LENGTH_UNIT() NAMED_UNIT(*) SI_UNIT(.MILLI.,.METRE.) );
#3410 = ( NAMED_UNIT(*) PLANE_ANGLE_UNIT() SI_UNIT($,.RADIAN.) );
#3411 = ( NAMED_UNIT(*) SI_UNIT($,.STERADIAN.) SOLID_ANGLE_UNIT() );
#3412 = UNCERTAINTY_MEASURE_WITH_UNIT(LENGTH_MEASURE(1.E-07),#3409,
  'distance_accuracy_value','confusion accuracy');
#3413 = CONTEXT_DEPENDENT_SHAPE_REPRESENTATION(#3414,#3416);
#3414 = ( REPRESENTATION_RELATIONSHIP('','',#2709,#2670) 
REPRESENTATION_RELATIONSHIP_WITH_TRANSFORMATION(#3415) 
SHAPE_REPRESENTATION_RELATIONSHIP() );
#3415 = ITEM_DEFINED_TRANSFORMATION('','',#11,#2671);
#3416 = PRODUCT_DEFINITION_SHAPE('Placement','Placement of an item',
  #3417);
#3417 = NEXT_ASSEMBLY_USAGE_OCCURRENCE('28','Board','',#2665,#2704,$);
#3418 = PRODUCT_RELATED_PRODUCT_CATEGORY('part',$,(#2706));
#3419 = SHAPE_DEFINITION_REPRESENTATION(#3420,#3426);
#3420 = PRODUCT_DEFINITION_SHAPE('','',#3421);
#3421 = PRODUCT_DEFINITION('design','',#3422,#3425);
#3422 = PRODUCT_DEFINITION_FORMATION('','',#3423);
#3423 = PRODUCT('MCU','MCU','',(#3424));
#3424 = PRODUCT_CONTEXT('',#2,'mechanical');
#3425 = PRODUCT_DEFINITION_CONTEXT('part definition',#2,'design');
#3426 = ADVANCED_BREP_SHAPE_REPRESENTATION('',(#11,#3427),#3757);
#3427 = MANIFOLD_SOLID_BREP('',#3428);
#3428 = CLOSED_SHELL('',(#3429,#3549,#3649,#3696,#3743,#3750));
#3429 = ADVANCED_FACE('',(#3430),#3444,.F.);
#3430 = FACE_BOUND('',#3431,.F.);
#3431 = EDGE_LOOP('',(#3432,#3467,#3495,#3523));
#3432 = ORIENTED_EDGE('',*,*,#3433,.F.);
#3433 = EDGE_CURVE('',#3434,#3436,#3438,.T.);
#3434 = VERTEX_POINT('',#3435);
#3435 = CARTESIAN_POINT('',(-5.,-5.,0.));
#3436 = VERTEX_POINT('',#3437);
#3437 = CARTESIAN_POINT('',(-5.,-5.,1.2));
#3438 = SURFACE_CURVE('',#3439,(#3443,#3455),.PCURVE_S1.);
#3439 = LINE('',#3440,#3441);
#3440 = CARTESIAN_POINT('',(-5.,-5.,0.));
#3441 = VECTOR('',#3442,1.);
#3442 = DIRECTION('',(0.,0.,1.));
#3443 = PCURVE('',#3444,#3449);
#3444 = PLANE('',#3445);
#3445 = AXIS2_PLACEMENT_3D('',#3446,#3447,#3448);
#3446 = CARTESIAN_POINT('',(-5.,-5.,0.));
#3447 = DIRECTION('',(1.,0.,0.));
#3448 = DIRECTION('',(0.,0.,1.));
#3449 = DEFINITIONAL_REPRESENTATION('',(#3450),#3454);
#3450 = LINE('',#3451,#3452);
#3451 = CARTESIAN_POINT('',(0.,0.));
#3452 = VECTOR('',#3453,1.);
#3453 = DIRECTION('',(1.,0.));
#3454 = ( GEOMETRIC_REPRESENTATION_CONTEXT(2) 
PARAMETRIC_REPRESENTATION_CONTEXT() REPRESENTATION_CONTEXT('2D SPACE',''
  ) );
#3455 = PCURVE('',#3456,#3461);
#3456 = PLANE('',#3457);
#3457 = AXIS2_PLACEMENT_3D('',#3458,#3459,#3460);
#3458 = CARTESIAN_POINT('',(-5.,-5.,0.));
#3459 = DIRECTION('',(0.,1.,0.));
#3460 = DIRECTION('',(0.,0.,1.));
#3461 = DEFINITIONAL_REPRESENTATION('',(#3462),#3466);
#3462 = LINE('',#3463,#3464);
#3463 = CARTESIAN_POINT('',(0.,0.));
#3464 = VECTOR('',#3465,1.);
#3465 = DIRECTION('',(1.,0.));
#3466 = ( GEOMETRIC_REPRESENTATION_CONTEXT(2) 
PARAMETRIC_REPRESENTATION_CONTEXT() REPRESENTATION_CONTEXT('2D SPACE',''
  ) );
#3467 = ORIENTED_EDGE('',*,*,#3468,.T.);
#3468 = EDGE_CURVE('',#3434,#3469,#3471,.T.);
#3469 = VERTEX_POINT('',#3470);
#3470 = CARTESIAN_POINT('',(-5.,5.,0.));
#3471 = SURFACE_CURVE('',#3472,(#3476,#3483),.PCURVE_S1.);
#3472 = LINE('',#3473,#3474);
#3473 = CARTESIAN_POINT('',(-5.,-5.,0.));
#3474 = VECTOR('',#3475,1.);
#3475 = DIRECTION('',(0.,1.,0.));
#3476 = PCURVE('',#3444,#3477);
#3477 = DEFINITIONAL_REPRESENTATION('',(#3478),#3482);
#3478 = LINE('',#3479,#3480);
#3479 = CARTESIAN_POINT('',(0.,0.));
#3480 = VECTOR('',#3481,1.);
#3481 = DIRECTION('',(0.,-1.));
#3482 = ( GEOMETRIC_REPRESENTATION_CONTEXT(2) 
PARAMETRIC_REPRESENTATION_CONTEXT() REPRESENTATION_CONTEXT('2D SPACE',''
  ) );
#3483 = PCURVE('',#3484,#3489);
#3484 = PLANE('',#3485);
#3485 = AXIS2_PLACEMENT_3D('',#3486,#3487,#3488);
#3486 = CARTESIAN_POINT('',(-5.,-5.,0.));
#3487 = DIRECTION('',(0.,0.,1.));
#3488 = DIRECTION('',(1.,0.,0.));
#3489 = DEFINITIONAL_REPRESENTATION('',(#3490),#3494);
#3490 = LINE('',#3491,#3492);
#3491 = CARTESIAN_POINT('',(0.,0.));
#3492 = VECTOR('',#3493,1.);
#3493 = DIRECTION('',(0.,1.));
#3494 = ( GEOMETRIC_REPRESENTATION_CONTEXT(2) 
PARAMETRIC_REPRESENTATION_CONTEXT() REPRESENTATION_CONTEXT('2D SPACE',''
  ) );
#3495 = ORIENTED_EDGE('',*,*,#3496,.T.);
#3496 = EDGE_CURVE('',#3469,#3497,#3499,.T.);
#3497 = VERTEX_POINT('',#3498);
#3498 = CARTESIAN_POINT('',(-5.,5.,1.2));
#3499 = SURFACE_CURVE('',#3500,(#3504,#3511),.PCURVE_S1.);
#3500 = LINE('',#3501,#3502);
#3501 = CARTESIAN_POINT('',(-5.,5.,0.));
#3502 = VECTOR('',#3503,1.);
#3503 = DIRECTION('',(0.,0.,1.));
#3504 = PCURVE('',#3444,#3505);
#3505 = DEFINITIONAL_REPRESENTATION('',(#3506),#3510);
#3506 = LINE('',#3507,#3508);
#3507 = CARTESIAN_POINT('',(0.,-10.));
#3508 = VECTOR('',#3509,1.);
#3509 = DIRECTION('',(1.,0.));
#3510 = ( GEOMETRIC_REPRESENTATION_CONTEXT(2) 
PARAMETRIC_REPRESENTATION_CONTEXT() REPRESENTATION_CONTEXT('2D SPACE',''
  ) );
#3511 = PCURVE('',#3512,#3517);
#3512 = PLANE('',#3513);
#3513 = AXIS2_PLACEMENT_3D('',#3514,#3515,#3516);
#3514 = CARTESIAN_POINT('',(-5.,5.,0.));
#3515 = DIRECTION('',(0.,1.,0.));
#3516 = DIRECTION('',(0.,0.,1.));
#3517 = DEFINITIONAL_REPRESENTATION('',(#3518),#3522);
#3518 = LINE('',#3519,#3520);
#3519 = CARTESIAN_POINT('',(0.,0.));
#3520 = VECTOR('',#3521,1.);
#3521 = DIRECTION('',(1.,0.));
#3522 = ( GEOMETRIC_REPRESENTATION_CONTEXT(2) 
PARAMETRIC_REPRESENTATION_CONTEXT() REPRESENTATION_CONTEXT('2D SPACE',''
  ) );
#3523 = ORIENTED_EDGE('',*,*,#3524,.F.);
#3524 = EDGE_CURVE('',#3436,#3497,#3525,.T.);
#3525 = SURFACE_CURVE('',#3526,(#3530,#3537),.PCURVE_S1.);
#3526 = LINE('',#3527,#3528);
#3527 = CARTESIAN_POINT('',(-5.,-5.,1.2));
#3528 = VECTOR('',#3529,1.);
#3529 = DIRECTION('',(0.,1.,0.));
#3530 = PCURVE('',#3444,#3531);
#3531 = DEFINITIONAL_REPRESENTATION('',(#3532),#3536);
#3532 = LINE('',#3533,#3534);
#3533 = CARTESIAN_POINT('',(1.2,0.));
#3534 = VECTOR('',#3535,1.);
#3535 = DIRECTION('',(0.,-1.));
#3536 = ( GEOMETRIC_REPRESENTATION_CONTEXT(2) 
PARAMETRIC_REPRESENTATION_CONTEXT() REPRESENTATION_CONTEXT('2D SPACE',''
  ) );
#3537 = PCURVE('',#3538,#3543);
#3538 = PLANE('',#3539);
#3539 = AXIS2_PLACEMENT_3D('',#3540,#3541,#3542);
#3540 = CARTESIAN_POINT('',(-5.,-5.,1.2));
#3541 = DIRECTION('',(0.,0.,1.));
#3542 = DIRECTION('',(1.,0.,0.));
#3543 = DEFINITIONAL_REPRESENTATION('',(#3544),#3548);
#3544 = LINE('',#3545,#3546);
#3545 = CARTESIAN_POINT('',(0.,0.));
#3546 = VECTOR('',#3547,1.);
#3547 = DIRECTION('',(0.,1.));
#3548 = ( GEOMETRIC_REPRESENTATION_CONTEXT(2) 
PARAMETRIC_REPRESENTATION_CONTEXT() REPRESENTATION_CONTEXT('2D SPACE',''
  ) );
#3549 = ADVANCED_FACE('',(#3550),#3564,.T.);
#3550 = FACE_BOUND('',#3551,.T.);
#3551 = EDGE_LOOP('',(#3552,#3582,#3605,#3628));
#3552 = ORIENTED_EDGE('',*,*,#3553,.F.);
#3553 = EDGE_CURVE('',#3554,#3556,#3558,.T.);
#3554 = VERTEX_POINT('',#3555);
#3555 = CARTESIAN_POINT('',(5.,-5.,0.));
#3556 = VERTEX_POINT('',#3557);
#3557 = CARTESIAN_POINT('',(5.,-5.,1.2));
#3558 = SURFACE_CURVE('',#3559,(#3563,#3575),.PCURVE_S1.);
#3559 = LINE('',#3560,#3561);
#3560 = CARTESIAN_POINT('',(5.,-5.,0.));
#3561 = VECTOR('',#3562,1.);
#3562 = DIRECTION('',(0.,0.,1.));
#3563 = PCURVE('',#3564,#3569);
#3564 = PLANE('',#3565);
#3565 = AXIS2_PLACEMENT_3D('',#3566,#3567,#3568);
#3566 = CARTESIAN_POINT('',(5.,-5.,0.));
#3567 = DIRECTION('',(1.,0.,0.));
#3568 = DIRECTION('',(0.,0.,1.));
#3569 = DEFINITIONAL_REPRESENTATION('',(#3570),#3574);
#3570 = LINE('',#3571,#3572);
#3571 = CARTESIAN_POINT('',(0.,0.));
#3572 = VECTOR('',#3573,1.);
#3573 = DIRECTION('',(1.,0.));
#3574 = ( GEOMETRIC_REPRESENTATION_CONTEXT(2) 
PARAMETRIC_REPRESENTATION_CONTEXT() REPRESENTATION_CONTEXT('2D SPACE',''
  ) );
#3575 = PCURVE('',#3456,#3576);
#3576 = DEFINITIONAL_REPRESENTATION('',(#3577),#3581);
#3577 = LINE('',#3578,#3579);
#3578 = CARTESIAN_POINT('',(0.,10.));
#3579 = VECTOR('',#3580,1.);
#3580 = DIRECTION('',(1.,0.));
#3581 = ( GEOMETRIC_REPRESENTATION_CONTEXT(2) 
PARAMETRIC_REPRESENTATION_CONTEXT() REPRESENTATION_CONTEXT('2D SPACE',''
  ) );
#3582 = ORIENTED_EDGE('',*,*,#3583,.T.);
#3583 = EDGE_CURVE('',#3554,#3584,#3586,.T.);
#3584 = VERTEX_POINT('',#3585);
#3585 = CARTESIAN_POINT('',(5.,5.,0.));
#3586 = SURFACE_CURVE('',#3587,(#3591,#3598),.PCURVE_S1.);
#3587 = LINE('',#3588,#3589);
#3588 = CARTESIAN_POINT('',(5.,-5.,0.));
#3589 = VECTOR('',#3590,1.);
#3590 = DIRECTION('',(0.,1.,0.));
#3591 = PCURVE('',#3564,#3592);
#3592 = DEFINITIONAL_REPRESENTATION('',(#3593),#3597);
#3593 = LINE('',#3594,#3595);
#3594 = CARTESIAN_POINT('',(0.,0.));
#3595 = VECTOR('',#3596,1.);
#3596 = DIRECTION('',(0.,-1.));
#3597 = ( GEOMETRIC_REPRESENTATION_CONTEXT(2) 
PARAMETRIC_REPRESENTATION_CONTEXT() REPRESENTATION_CONTEXT('2D SPACE',''
  ) );
#3598 = PCURVE('',#3484,#3599);
#3599 = DEFINITIONAL_REPRESENTATION('',(#3600),#3604);
#3600 = LINE('',#3601,#3602);
#3601 = CARTESIAN_POINT('',(10.,0.));
#3602 = VECTOR('',#3603,1.);
#3603 = DIRECTION('',(0.,1.));
#3604 = ( GEOMETRIC_REPRESENTATION_CONTEXT(2) 
PARAMETRIC_REPRESENTATION_CONTEXT() REPRESENTATION_CONTEXT('2D SPACE',''
  ) );
#3605 = ORIENTED_EDGE('',*,*,#3606,.T.);
#3606 = EDGE_CURVE('',#3584,#3607,#3609,.T.);
#3607 = VERTEX_POINT('',#3608);
#3608 = CARTESIAN_POINT('',(5.,5.,1.2));
#3609 = SURFACE_CURVE('',#3610,(#3614,#3621),.PCURVE_S1.);
#3610 = LINE('',#3611,#3612);
#3611 = CARTESIAN_POINT('',(5.,5.,0.));
#3612 = VECTOR('',#3613,1.);
#3613 = DIRECTION('',(0.,0.,1.));
#3614 = PCURVE('',#3564,#3615);
#3615 = DEFINITIONAL_REPRESENTATION('',(#3616),#3620);
#3616 = LINE('',#3617,#3618);
#3617 = CARTESIAN_POINT('',(0.,-10.));
#3618 = VECTOR('',#3619,1.);
#3619 = DIRECTION('',(1.,0.));
#3620 = ( GEOMETRIC_REPRESENTATION_CONTEXT(2) 
PARAMETRIC_REPRESENTATION_CONTEXT() REPRESENTATION_CONTEXT('2D SPACE',''
  ) );
#3621 = PCURVE('',#3512,#3622);
#3622 = DEFINITIONAL_REPRESENTATION('',(#3623),#3627);
#3623 = LINE('',#3624,#3625);
#3624 = CARTESIAN_POINT('',(0.,10.));
#3625 = VECTOR('',#3626,1.);
#3626 = DIRECTION('',(1.,0.));
#3627 = ( GEOMETRIC_REPRESENTATION_CONTEXT(2) 
PARAMETRIC_REPRESENTATION_CONTEXT() REPRESENTATION_CONTEXT('2D SPACE',''
  ) );
#3628 = ORIENTED_EDGE('',*,*,#3629,.F.);
#3629 = EDGE_CURVE('',#3556,#3607,#3630,.T.);
#3630 = SURFACE_CURVE('',#3631,(#3635,#3642),.PCURVE_S1.);
#3631 = LINE('',#3632,#3633);
#3632 = CARTESIAN_POINT('',(5.,-5.,1.2));
#3633 = VECTOR('',#3634,1.);
#3634 = DIRECTION('',(0.,1.,0.));
#3635 = PCURVE('',#3564,#3636);
#3636 = DEFINITIONAL_REPRESENTATION('',(#3637),#3641);
#3637 = LINE('',#3638,#3639);
#3638 = CARTESIAN_POINT('',(1.2,0.));
#3639 = VECTOR('',#3640,1.);
#3640 = DIRECTION('',(0.,-1.));
#3641 = ( GEOMETRIC_REPRESENTATION_CONTEXT(2) 
PARAMETRIC_REPRESENTATION_CONTEXT() REPRESENTATION_CONTEXT('2D SPACE',''
  ) );
#3642 = PCURVE('',#3538,#3643);
#3643 = DEFINITIONAL_REPRESENTATION('',(#3644),#3648);
#3644 = LINE('',#3645,#3646);
#3645 = CARTESIAN_POINT('',(10.,0.));
#3646 = VECTOR('',#3647,1.);
#3647 = DIRECTION('',(0.,1.));
#3648 = ( GEOMETRIC_REPRESENTATION_CONTEXT(2) 
PARAMETRIC_REPRESENTATION_CONTEXT() REPRESENTATION_CONTEXT('2D SPACE',''
  ) );
#3649 = ADVANCED_FACE('',(#3650),#3456,.F.);
#3650 = FACE_BOUND('',#3651,.F.);
#3651 = EDGE_LOOP('',(#3652,#3673,#3674,#3695));
#3652 = ORIENTED_EDGE('',*,*,#3653,.F.);
#3653 = EDGE_CURVE('',#3434,#3554,#3654,.T.);
#3654 = SURFACE_CURVE('',#3655,(#3659,#3666),.PCURVE_S1.);
#3655 = LINE('',#3656,#3657);
#3656 = CARTESIAN_POINT('',(-5.,-5.,0.));
#3657 = VECTOR('',#3658,1.);
#3658 = DIRECTION('',(1.,0.,0.));
#3659 = PCURVE('',#3456,#3660);
#3660 = DEFINITIONAL_REPRESENTATION('',(#3661),#3665);
#3661 = LINE('',#3662,#3663);
#3662 = CARTESIAN_POINT('',(0.,0.));
#3663 = VECTOR('',#3664,1.);
#3664 = DIRECTION('',(0.,1.));
#3665 = ( GEOMETRIC_REPRESENTATION_CONTEXT(2) 
PARAMETRIC_REPRESENTATION_CONTEXT() REPRESENTATION_CONTEXT('2D SPACE',''
  ) );
#3666 = PCURVE('',#3484,#3667);
#3667 = DEFINITIONAL_REPRESENTATION('',(#3668),#3672);
#3668 = LINE('',#3669,#3670);
#3669 = CARTESIAN_POINT('',(0.,0.));
#3670 = VECTOR('',#3671,1.);
#3671 = DIRECTION('',(1.,0.));
#3672 = ( GEOMETRIC_REPRESENTATION_CONTEXT(2) 
PARAMETRIC_REPRESENTATION_CONTEXT() REPRESENTATION_CONTEXT('2D SPACE',''
  ) );
#3673 = ORIENTED_EDGE('',*,*,#3433,.T.);
#3674 = ORIENTED_EDGE('',*,*,#3675,.T.);
#3675 = EDGE_CURVE('',#3436,#3556,#3676,.T.);
#3676 = SURFACE_CURVE('',#3677,(#3681,#3688),.PCURVE_S1.);
#3677 = LINE('',#3678,#3679);
#3678 = CARTESIAN_POINT('',(-5.,-5.,1.2));
#3679 = VECTOR('',#3680,1.);
#3680 = DIRECTION('',(1.,0.,0.));
#3681 = PCURVE('',#3456,#3682);
#3682 = DEFINITIONAL_REPRESENTATION('',(#3683),#3687);
#3683 = LINE('',#3684,#3685);
#3684 = CARTESIAN_POINT('',(1.2,0.));
#3685 = VECTOR('',#3686,1.);
#3686 = DIRECTION('',(0.,1.));
#3687 = ( GEOMETRIC_REPRESENTATION_CONTEXT(2) 
PARAMETRIC_REPRESENTATION_CONTEXT() REPRESENTATION_CONTEXT('2D SPACE',''
  ) );
#3688 = PCURVE('',#3538,#3689);
#3689 = DEFINITIONAL_REPRESENTATION('',(#3690),#3694);
#3690 = LINE('',#3691,#3692);
#3691 = CARTESIAN_POINT('',(0.,0.));
#3692 = VECTOR('',#3693,1.);
#3693 = DIRECTION('',(1.,0.));
#3694 = ( GEOMETRIC_REPRESENTATION_CONTEXT(2) 
PARAMETRIC_REPRESENTATION_CONTEXT() REPRESENTATION_CONTEXT('2D SPACE',''
  ) );
#3695 = ORIENTED_EDGE('',*,*,#3553,.F.);
#3696 = ADVANCED_FACE('',(#3697),#3512,.T.);
#3697 = FACE_BOUND('',#3698,.T.);
#3698 = EDGE_LOOP('',(#3699,#3720,#3721,#3742));
#3699 = ORIENTED_EDGE('',*,*,#3700,.F.);
#3700 = EDGE_CURVE('',#3469,#3584,#3701,.T.);
#3701 = SURFACE_CURVE('',#3702,(#3706,#3713),.PCURVE_S1.);
#3702 = LINE('',#3703,#3704);
#3703 = CARTESIAN_POINT('',(-5.,5.,0.));
#3704 = VECTOR('',#3705,1.);
#3705 = DIRECTION('',(1.,0.,0.));
#3706 = PCURVE('',#3512,#3707);
#3707 = DEFINITIONAL_REPRESENTATION('',(#3708),#3712);
#3708 = LINE('',#3709,#3710);
#3709 = CARTESIAN_POINT('',(0.,0.));
#3710 = VECTOR('',#3711,1.);
#3711 = DIRECTION('',(0.,1.));
#3712 = ( GEOMETRIC_REPRESENTATION_CONTEXT(2) 
PARAMETRIC_REPRESENTATION_CONTEXT() REPRESENTATION_CONTEXT('2D SPACE',''
  ) );
#3713 = PCURVE('',#3484,#3714);
#3714 = DEFINITIONAL_REPRESENTATION('',(#3715),#3719);
#3715 = LINE('',#3716,#3717);
#3716 = CARTESIAN_POINT('',(0.,10.));
#3717 = VECTOR('',#3718,1.);
#3718 = DIRECTION('',(1.,0.));
#3719 = ( GEOMETRIC_REPRESENTATION_CONTEXT(2) 
PARAMETRIC_REPRESENTATION_CONTEXT() REPRESENTATION_CONTEXT('2D SPACE',''
  ) );
#3720 = ORIENTED_EDGE('',*,*,#3496,.T.);
#3721 = ORIENTED_EDGE('',*,*,#3722,.T.);
#3722 = EDGE_CURVE('',#3497,#3607,#3723,.T.);
#3723 = SURFACE_CURVE('',#3724,(#3728,#3735),.PCURVE_S1.);
#3724 = LINE('',#3725,#3726);
#3725 = CARTESIAN_POINT('',(-5.,5.,1.2));
#3726 = VECTOR('',#3727,1.);
#3727 = DIRECTION('',(1.,0.,0.));
#3728 = PCURVE('',#3512,#3729);
#3729 = DEFINITIONAL_REPRESENTATION('',(#3730),#3734);
#3730 = LINE('',#3731,#3732);
#3731 = CARTESIAN_POINT('',(1.2,0.));
#3732 = VECTOR('',#3733,1.);
#3733 = DIRECTION('',(0.,1.));
#3734 = ( GEOMETRIC_REPRESENTATION_CONTEXT(2) 
PARAMETRIC_REPRESENTATION_CONTEXT() REPRESENTATION_CONTEXT('2D SPACE',''
  ) );
#3735 = PCURVE('',#3538,#3736);
#3736 = DEFINITIONAL_REPRESENTATION('',(#3737),#3741);
#3737 = LINE('',#3738,#3739);
#3738 = CARTESIAN_POINT('',(0.,10.));
#3739 = VECTOR('',#3740,1.);
#3740 = DIRECTION('',(1.,0.));
#3741 = ( GEOMETRIC_REPRESENTATION_CONTEXT(2) 
PARAMETRIC_REPRESENTATION_CONTEXT() REPRESENTATION_CONTEXT('2D SPACE',''
  ) );
#3742 = ORIENTED_EDGE('',*,*,#3606,.F.);
#3743 = ADVANCED_FACE('',(#3744),#3484,.F.);
#3744 = FACE_BOUND('',#3745,.F.);
#3745 = EDGE_LOOP('',(#3746,#3747,#3748,#3749));
#3746 = ORIENTED_EDGE('',*,*,#3468,.F.);
#3747 = ORIENTED_EDGE('',*,*,#3653,.T.);
#3748 = ORIENTED_EDGE('',*,*,#3583,.T.);
#3749 = ORIENTED_EDGE('',*,*,#3700,.F.);
#3750 = ADVANCED_FACE('',(#3751),#3538,.T.);
#3751 = FACE_BOUND('',#3752,.T.);
#3752 = EDGE_LOOP('',(#3753,#3754,#3755,#3756));
#3753 = ORIENTED_EDGE('',*,*,#3524,.F.);
#3754 = ORIENTED_EDGE('',*,*,#3675,.T.);
#3755 = ORIENTED_EDGE('',*,*,#3629,.T.);
#3756 = ORIENTED_EDGE('',*,*,#3722,.F.);
#3757 = ( GEOMETRIC_REPRESENTATION_CONTEXT(3) 
GLOBAL_UNCERTAINTY_ASSIGNED_CONTEXT((#3761)) 
GLOBAL_UNIT_ASSIGNED_CONTEXT((#3758,#3759,#3760)) REPRESENTATION_CONTEXT
('Context #1','3D Context with UNIT and UNCERTAINTY') );
#3758 = ( LENGTH_UNIT() NAMED_UNIT(*) SI_UNIT(.MILLI.,.METRE.) );
#3759 = ( NAMED_UNIT(*) PLANE_ANGLE_UNIT() SI_UNIT($,.RADIAN.) );
#3760 = ( NAMED_UNIT(*) SI_UNIT($,.STERADIAN.) SOLID_ANGLE_UNIT() );
#3761 = UNCERTAINTY_MEASURE_WITH_UNIT(LENGTH_MEASURE(1.E-07),#3758,
  'distance_accuracy_value','confusion accuracy');
#3762 = CONTEXT_DEPENDENT_SHAPE_REPRESENTATION(#3763,#3765);
#3763 = ( REPRESENTATION_RELATIONSHIP('','',#3426,#2670) 
REPRESENTATION_RELATIONSHIP_WITH_TRANSFORMATION(#3764) 
SHAPE_REPRESENTATION_RELATIONSHIP() );
#3764 = ITEM_DEFINED_TRANSFORMATION('','',#11,#2675);
#3765 = PRODUCT_DEFINITION_SHAPE('Placement','Placement of an item',
  #3766);
#3766 = NEXT_ASSEMBLY_USAGE_OCCURRENCE('29','Chip_MCU','',#2665,#3421,$
  );
#3767 = PRODUCT_RELATED_PRODUCT_CATEGORY('part',$,(#3423));
#3768 = SHAPE_DEFINITION_REPRESENTATION(#3769,#3775);
#3769 = PRODUCT_DEFINITION_SHAPE('','',#3770);
#3770 = PRODUCT_DEFINITION('design','',#3771,#3774);
#3771 = PRODUCT_DEFINITION_FORMATION('','',#3772);
#3772 = PRODUCT('Chip','Chip','',(#3773));
#3773 = PRODUCT_CONTEXT('',#2,'mechanical');
#3774 = PRODUCT_DEFINITION_CONTEXT('part definition',#2,'design');
#3775 = ADVANCED_BREP_SHAPE_REPRESENTATION('',(#11,#3776),#4106);
#3776 = MANIFOLD_SOLID_BREP('',#3777);
#3777 = CLOSED_SHELL('',(#3778,#3898,#3998,#4045,#4092,#4099));
#3778 = ADVANCED_FACE('',(#3779),#3793,.F.);
#3779 = FACE_BOUND('',#3780,.F.);
#3780 = EDGE_LOOP('',(#3781,#3816,#3844,#3872));
#3781 = ORIENTED_EDGE('',*,*,#3782,.F.);
#3782 = EDGE_CURVE('',#3783,#3785,#3787,.T.);
#3783 = VERTEX_POINT('',#3784);
#3784 = CARTESIAN_POINT('',(-1.5,-1.5,0.));
#3785 = VERTEX_POINT('',#3786);
#3786 = CARTESIAN_POINT('',(-1.5,-1.5,1.));
#3787 = SURFACE_CURVE('',#3788,(#3792,#3804),.PCURVE_S1.);
#3788 = LINE('',#3789,#3790);
#3789 = CARTESIAN_POINT('',(-1.5,-1.5,0.));
#3790 = VECTOR('',#3791,1.);
#3791 = DIRECTION('',(0.,0.,1.));
#3792 = PCURVE('',#3793,#3798);
#3793 = PLANE('',#3794);
#3794 = AXIS2_PLACEMENT_3D('',#3795,#3796,#3797);
#3795 = CARTESIAN_POINT('',(-1.5,-1.5,0.));
#3796 = DIRECTION('',(1.,0.,0.));
#3797 = DIRECTION('',(0.,0.,1.));
#3798 = DEFINITIONAL_REPRESENTATION('',(#3799),#3803);
#3799 = LINE('',#3800,#3801);
#3800 = CARTESIAN_POINT('',(0.,0.));
#3801 = VECTOR('',#3802,1.);
#3802 = DIRECTION('',(1.,0.));
#3803 = ( GEOMETRIC_REPRESENTATION_CONTEXT(2) 
PARAMETRIC_REPRESENTATION_CONTEXT() REPRESENTATION_CONTEXT('2D SPACE',''
  ) );
#3804 = PCURVE('',#3805,#3810);
#3805 = PLANE('',#3806);
#3806 = AXIS2_PLACEMENT_3D('',#3807,#3808,#3809);
#3807 = CARTESIAN_POINT('',(-1.5,-1.5,0.));
#3808 = DIRECTION('',(0.,1.,0.));
#3809 = DIRECTION('',(0.,0.,1.));
#3810 = DEFINITIONAL_REPRESENTATION('',(#3811),#3815);
#3811 = LINE('',#3812,#3813);
#3812 = CARTESIAN_POINT('',(0.,0.));
#3813 = VECTOR('',#3814,1.);
#3814 = DIRECTION('',(1.,0.));
#3815 = ( GEOMETRIC_REPRESENTATION_CONTEXT(2) 
PARAMETRIC_REPRESENTATION_CONTEXT() REPRESENTATION_CONTEXT('2D SPACE',''
  ) );
#3816 = ORIENTED_EDGE('',*,*,#3817,.T.);
#3817 = EDGE_CURVE('',#3783,#3818,#3820,.T.);
#3818 = VERTEX_POINT('',#3819);
#3819 = CARTESIAN_POINT('',(-1.5,1.5,0.));
#3820 = SURFACE_CURVE('',#3821,(#3825,#3832),.PCURVE_S1.);
#3821 = LINE('',#3822,#3823);
#3822 = CARTESIAN_POINT('',(-1.5,-1.5,0.));
#3823 = VECTOR('',#3824,1.);
#3824 = DIRECTION('',(0.,1.,0.));
#3825 = PCURVE('',#3793,#3826);
#3826 = DEFINITIONAL_REPRESENTATION('',(#3827),#3831);
#3827 = LINE('',#3828,#3829);
#3828 = CARTESIAN_POINT('',(0.,0.));
#3829 = VECTOR('',#3830,1.);
#3830 = DIRECTION('',(0.,-1.));
#3831 = ( GEOMETRIC_REPRESENTATION_CONTEXT(2) 
PARAMETRIC_REPRESENTATION_CONTEXT() REPRESENTATION_CONTEXT('2D SPACE',''
  ) );
#3832 = PCURVE('',#3833,#3838);
#3833 = PLANE('',#3834);
#3834 = AXIS2_PLACEMENT_3D('',#3835,#3836,#3837);
#3835 = CARTESIAN_POINT('',(-1.5,-1.5,0.));
#3836 = DIRECTION('',(0.,0.,1.));
#3837 = DIRECTION('',(1.,0.,0.));
#3838 = DEFINITIONAL_REPRESENTATION('',(#3839),#3843);
#3839 = LINE('',#3840,#3841);
#3840 = CARTESIAN_POINT('',(0.,0.));
#3841 = VECTOR('',#3842,1.);
#3842 = DIRECTION('',(0.,1.));
#3843 = ( GEOMETRIC_REPRESENTATION_CONTEXT(2) 
PARAMETRIC_REPRESENTATION_CONTEXT() REPRESENTATION_CONTEXT('2D SPACE',''
  ) );
#3844 = ORIENTED_EDGE('',*,*,#3845,.T.);
#3845 = EDGE_CURVE('',#3818,#3846,#3848,.T.);
#3846 = VERTEX_POINT('',#3847);
#3847 = CARTESIAN_POINT('',(-1.5,1.5,1.));
#3848 = SURFACE_CURVE('',#3849,(#3853,#3860),.PCURVE_S1.);
#3849 = LINE('',#3850,#3851);
#3850 = CARTESIAN_POINT('',(-1.5,1.5,0.));
#3851 = VECTOR('',#3852,1.);
#3852 = DIRECTION('',(0.,0.,1.));
#3853 = PCURVE('',#3793,#3854);
#3854 = DEFINITIONAL_REPRESENTATION('',(#3855),#3859);
#3855 = LINE('',#3856,#3857);
#3856 = CARTESIAN_POINT('',(0.,-3.));
#3857 = VECTOR('',#3858,1.);
#3858 = DIRECTION('',(1.,0.));
#3859 = ( GEOMETRIC_REPRESENTATION_CONTEXT(2) 
PARAMETRIC_REPRESENTATION_CONTEXT() REPRESENTATION_CONTEXT('2D SPACE',''
  ) );
#3860 = PCURVE('',#3861,#3866);
#3861 = PLANE('',#3862);
#3862 = AXIS2_PLACEMENT_3D('',#3863,#3864,#3865);
#3863 = CARTESIAN_POINT('',(-1.5,1.5,0.));
#3864 = DIRECTION('',(0.,1.,0.));
#3865 = DIRECTION('',(0.,0.,1.));
#3866 = DEFINITIONAL_REPRESENTATION('',(#3867),#3871);
#3867 = LINE('',#3868,#3869);
#3868 = CARTESIAN_POINT('',(0.,0.));
#3869 = VECTOR('',#3870,1.);
#3870 = DIRECTION('',(1.,0.));
#3871 = ( GEOMETRIC_REPRESENTATION_CONTEXT(2) 
PARAMETRIC_REPRESENTATION_CONTEXT() REPRESENTATION_CONTEXT('2D SPACE',''
  ) );
#3872 = ORIENTED_EDGE('',*,*,#3873,.F.);
#3873 = EDGE_CURVE('',#3785,#3846,#3874,.T.);
#3874 = SURFACE_CURVE('',#3875,(#3879,#3886),.PCURVE_S1.);
#3875 = LINE('',#3876,#3877);
#3876 = CARTESIAN_POINT('',(-1.5,-1.5,1.));
#3877 = VECTOR('',#3878,1.);
#3878 = DIRECTION('',(0.,1.,0.));
#3879 = PCURVE('',#3793,#3880);
#3880 = DEFINITIONAL_REPRESENTATION('',(#3881),#3885);
#3881 = LINE('',#3882,#3883);
#3882 = CARTESIAN_POINT('',(1.,0.));
#3883 = VECTOR('',#3884,1.);
#3884 = DIRECTION('',(0.,-1.));
#3885 = ( GEOMETRIC_REPRESENTATION_CONTEXT(2) 
PARAMETRIC_REPRESENTATION_CONTEXT() REPRESENTATION_CONTEXT('2D SPACE',''
  ) );
#3886 = PCURVE('',#3887,#3892);
#3887 = PLANE('',#3888);
#3888 = AXIS2_PLACEMENT_3D('',#3889,#3890,#3891);
#3889 = CARTESIAN_POINT('',(-1.5,-1.5,1.));
#3890 = DIRECTION('',(0.,0.,1.));
#3891 = DIRECTION('',(1.,0.,0.));
#3892 = DEFINITIONAL_REPRESENTATION('',(#3893),#3897);
#3893 = LINE('',#3894,#3895);
#3894 = CARTESIAN_POINT('',(0.,0.));
#3895 = VECTOR('',#3896,1.);
#3896 = DIRECTION('',(0.,1.));
#3897 = ( GEOMETRIC_REPRESENTATION_CONTEXT(2) 
PARAMETRIC_REPRESENTATION_CONTEXT() REPRESENTATION_CONTEXT('2D SPACE',''
  ) );
#3898 = ADVANCED_FACE('',(#3899),#3913,.T.);
#3899 = FACE_BOUND('',#3900,.T.);
#3900 = EDGE_LOOP('',(#3901,#3931,#3954,#3977));
#3901 = ORIENTED_EDGE('',*,*,#3902,.F.);
#3902 = EDGE_CURVE('',#3903,#3905,#3907,.T.);
#3903 = VERTEX_POINT('',#3904);
#3904 = CARTESIAN_POINT('',(1.5,-1.5,0.));
#3905 = VERTEX_POINT('',#3906);
#3906 = CARTESIAN_POINT('',(1.5,-1.5,1.));
#3907 = SURFACE_CURVE('',#3908,(#3912,#3924),.PCURVE_S1.);
#3908 = LINE('',#3909,#3910);
#3909 = CARTESIAN_POINT('',(1.5,-1.5,0.));
#3910 = VECTOR('',#3911,1.);
#3911 = DIRECTION('',(0.,0.,1.));
#3912 = PCURVE('',#3913,#3918);
#3913 = PLANE('',#3914);
#3914 = AXIS2_PLACEMENT_3D('',#3915,#3916,#3917);
#3915 = CARTESIAN_POINT('',(1.5,-1.5,0.));
#3916 = DIRECTION('',(1.,0.,0.));
#3917 = DIRECTION('',(0.,0.,1.));
#3918 = DEFINITIONAL_REPRESENTATION('',(#3919),#3923);
#3919 = LINE('',#3920,#3921);
#3920 = CARTESIAN_POINT('',(0.,0.));
#3921 = VECTOR('',#3922,1.);
#3922 = DIRECTION('',(1.,0.));
#3923 = ( GEOMETRIC_REPRESENTATION_CONTEXT(2) 
PARAMETRIC_REPRESENTATION_CONTEXT() REPRESENTATION_CONTEXT('2D SPACE',''
  ) );
#3924 = PCURVE('',#3805,#3925);
#3925 = DEFINITIONAL_REPRESENTATION('',(#3926),#3930);
#3926 = LINE('',#3927,#3928);
#3927 = CARTESIAN_POINT('',(0.,3.));
#3928 = VECTOR('',#3929,1.);
#3929 = DIRECTION('',(1.,0.));
#3930 = ( GEOMETRIC_REPRESENTATION_CONTEXT(2) 
PARAMETRIC_REPRESENTATION_CONTEXT() REPRESENTATION_CONTEXT('2D SPACE',''
  ) );
#3931 = ORIENTED_EDGE('',*,*,#3932,.T.);
#3932 = EDGE_CURVE('',#3903,#3933,#3935,.T.);
#3933 = VERTEX_POINT('',#3934);
#3934 = CARTESIAN_POINT('',(1.5,1.5,0.));
#3935 = SURFACE_CURVE('',#3936,(#3940,#3947),.PCURVE_S1.);
#3936 = LINE('',#3937,#3938);
#3937 = CARTESIAN_POINT('',(1.5,-1.5,0.));
#3938 = VECTOR('',#3939,1.);
#3939 = DIRECTION('',(0.,1.,0.));
#3940 = PCURVE('',#3913,#3941);
#3941 = DEFINITIONAL_REPRESENTATION('',(#3942),#3946);
#3942 = LINE('',#3943,#3944);
#3943 = CARTESIAN_POINT('',(0.,0.));
#3944 = VECTOR('',#3945,1.);
#3945 = DIRECTION('',(0.,-1.));
#3946 = ( GEOMETRIC_REPRESENTATION_CONTEXT(2) 
PARAMETRIC_REPRESENTATION_CONTEXT() REPRESENTATION_CONTEXT('2D SPACE',''
  ) );
#3947 = PCURVE('',#3833,#3948);
#3948 = DEFINITIONAL_REPRESENTATION('',(#3949),#3953);
#3949 = LINE('',#3950,#3951);
#3950 = CARTESIAN_POINT('',(3.,0.));
#3951 = VECTOR('',#3952,1.);
#3952 = DIRECTION('',(0.,1.));
#3953 = ( GEOMETRIC_REPRESENTATION_CONTEXT(2) 
PARAMETRIC_REPRESENTATION_CONTEXT() REPRESENTATION_CONTEXT('2D SPACE',''
  ) );
#3954 = ORIENTED_EDGE('',*,*,#3955,.T.);
#3955 = EDGE_CURVE('',#3933,#3956,#3958,.T.);
#3956 = VERTEX_POINT('',#3957);
#3957 = CARTESIAN_POINT('',(1.5,1.5,1.));
#3958 = SURFACE_CURVE('',#3959,(#3963,#3970),.PCURVE_S1.);
#3959 = LINE('',#3960,#3961);
#3960 = CARTESIAN_POINT('',(1.5,1.5,0.));
#3961 = VECTOR('',#3962,1.);
#3962 = DIRECTION('',(0.,0.,1.));
#3963 = PCURVE('',#3913,#3964);
#3964 = DEFINITIONAL_REPRESENTATION('',(#3965),#3969);
#3965 = LINE('',#3966,#3967);
#3966 = CARTESIAN_POINT('',(0.,-3.));
#3967 = VECTOR('',#3968,1.);
#3968 = DIRECTION('',(1.,0.));
#3969 = ( GEOMETRIC_REPRESENTATION_CONTEXT(2) 
PARAMETRIC_REPRESENTATION_CONTEXT() REPRESENTATION_CONTEXT('2D SPACE',''
  ) );
#3970 = PCURVE('',#3861,#3971);
#3971 = DEFINITIONAL_REPRESENTATION('',(#3972),#3976);
#3972 = LINE('',#3973,#3974);
#3973 = CARTESIAN_POINT('',(0.,3.));
#3974 = VECTOR('',#3975,1.);
#3975 = DIRECTION('',(1.,0.));
#3976 = ( GEOMETRIC_REPRESENTATION_CONTEXT(2) 
PARAMETRIC_REPRESENTATION_CONTEXT() REPRESENTATION_CONTEXT('2D SPACE',''
  ) );
#3977 = ORIENTED_EDGE('',*,*,#3978,.F.);
#3978 = EDGE_CURVE('',#3905,#3956,#3979,.T.);
#3979 = SURFACE_CURVE('',#3980,(#3984,#3991),.PCURVE_S1.);
#3980 = LINE('',#3981,#3982);
#3981 = CARTESIAN_POINT('',(1.5,-1.5,1.));
#3982 = VECTOR('',#3983,1.);
#3983 = DIRECTION('',(0.,1.,0.));
#3984 = PCURVE('',#3913,#3985);
#3985 = DEFINITIONAL_REPRESENTATION('',(#3986),#3990);
#3986 = LINE('',#3987,#3988);
#3987 = CARTESIAN_POINT('',(1.,0.));
#3988 = VECTOR('',#3989,1.);
#3989 = DIRECTION('',(0.,-1.));
#3990 = ( GEOMETRIC_REPRESENTATION_CONTEXT(2) 
PARAMETRIC_REPRESENTATION_CONTEXT() REPRESENTATION_CONTEXT('2D SPACE',''
  ) );
#3991 = PCURVE('',#3887,#3992);
#3992 = DEFINITIONAL_REPRESENTATION('',(#3993),#3997);
#3993 = LINE('',#3994,#3995);
#3994 = CARTESIAN_POINT('',(3.,0.));
#3995 = VECTOR('',#3996,1.);
#3996 = DIRECTION('',(0.,1.));
#3997 = ( GEOMETRIC_REPRESENTATION_CONTEXT(2) 
PARAMETRIC_REPRESENTATION_CONTEXT() REPRESENTATION_CONTEXT('2D SPACE',''
  ) );
#3998 = ADVANCED_FACE('',(#3999),#3805,.F.);
#3999 = FACE_BOUND('',#4000,.F.);
#4000 = EDGE_LOOP('',(#4001,#4022,#4023,#4044));
#4001 = ORIENTED_EDGE('',*,*,#4002,.F.);
#4002 = EDGE_CURVE('',#3783,#3903,#4003,.T.);
#4003 = SURFACE_CURVE('',#4004,(#4008,#4015),.PCURVE_S1.);
#4004 = LINE('',#4005,#4006);
#4005 = CARTESIAN_POINT('',(-1.5,-1.5,0.));
#4006 = VECTOR('',#4007,1.);
#4007 = DIRECTION('',(1.,0.,0.));
#4008 = PCURVE('',#3805,#4009);
#4009 = DEFINITIONAL_REPRESENTATION('',(#4010),#4014);
#4010 = LINE('',#4011,#4012);
#4011 = CARTESIAN_POINT('',(0.,0.));
#4012 = VECTOR('',#4013,1.);
#4013 = DIRECTION('',(0.,1.));
#4014 = ( GEOMETRIC_REPRESENTATION_CONTEXT(2) 
PARAMETRIC_REPRESENTATION_CONTEXT() REPRESENTATION_CONTEXT('2D SPACE',''
  ) );
#4015 = PCURVE('',#3833,#4016);
#4016 = DEFINITIONAL_REPRESENTATION('',(#4017),#4021);
#4017 = LINE('',#4018,#4019);
#4018 = CARTESIAN_POINT('',(0.,0.));
#4019 = VECTOR('',#4020,1.);
#4020 = DIRECTION('',(1.,0.));
#4021 = ( GEOMETRIC_REPRESENTATION_CONTEXT(2) 
PARAMETRIC_REPRESENTATION_CONTEXT() REPRESENTATION_CONTEXT('2D SPACE',''
  ) );
#4022 = ORIENTED_EDGE('',*,*,#3782,.T.);
#4023 = ORIENTED_EDGE('',*,*,#4024,.T.);
#4024 = EDGE_CURVE('',#3785,#3905,#4025,.T.);
#4025 = SURFACE_CURVE('',#4026,(#4030,#4037),.PCURVE_S1.);
#4026 = LINE('',#4027,#4028);
#4027 = CARTESIAN_POINT('',(-1.5,-1.5,1.));
#4028 = VECTOR('',#4029,1.);
#4029 = DIRECTION('',(1.,0.,0.));
#4030 = PCURVE('',#3805,#4031);
#4031 = DEFINITIONAL_REPRESENTATION('',(#4032),#4036);
#4032 = LINE('',#4033,#4034);
#4033 = CARTESIAN_POINT('',(1.,0.));
#4034 = VECTOR('',#4035,1.);
#4035 = DIRECTION('',(0.,1.));
#4036 = ( GEOMETRIC_REPRESENTATION_CONTEXT(2) 
PARAMETRIC_REPRESENTATION_CONTEXT() REPRESENTATION_CONTEXT('2D SPACE',''
  ) );
#4037 = PCURVE('',#3887,#4038);
#4038 = DEFINITIONAL_REPRESENTATION('',(#4039),#4043);
#4039 = LINE('',#4040,#4041);
#4040 = CARTESIAN_POINT('',(0.,0.));
#4041 = VECTOR('',#4042,1.);
#4042 = DIRECTION('',(1.,0.));
#4043 = ( GEOMETRIC_REPRESENTATION_CONTEXT(2) 
PARAMETRIC_REPRESENTATION_CONTEXT() REPRESENTATION_CONTEXT('2D SPACE',''
  ) );
#4044 = ORIENTED_EDGE('',*,*,#3902,.F.);
#4045 = ADVANCED_FACE('',(#4046),#3861,.T.);
#4046 = FACE_BOUND('',#4047,.T.);
#4047 = EDGE_LOOP('',(#4048,#4069,#4070,#4091));
#4048 = ORIENTED_EDGE('',*,*,#4049,.F.);
#4049 = EDGE_CURVE('',#3818,#3933,#4050,.T.);
#4050 = SURFACE_CURVE('',#4051,(#4055,#4062),.PCURVE_S1.);
#4051 = LINE('',#4052,#4053);
#4052 = CARTESIAN_POINT('',(-1.5,1.5,0.));
#4053 = VECTOR('',#4054,1.);
#4054 = DIRECTION('',(1.,0.,0.));
#4055 = PCURVE('',#3861,#4056);
#4056 = DEFINITIONAL_REPRESENTATION('',(#4057),#4061);
#4057 = LINE('',#4058,#4059);
#4058 = CARTESIAN_POINT('',(0.,0.));
#4059 = VECTOR('',#4060,1.);
#4060 = DIRECTION('',(0.,1.));
#4061 = ( GEOMETRIC_REPRESENTATION_CONTEXT(2) 
PARAMETRIC_REPRESENTATION_CONTEXT() REPRESENTATION_CONTEXT('2D SPACE',''
  ) );
#4062 = PCURVE('',#3833,#4063);
#4063 = DEFINITIONAL_REPRESENTATION('',(#4064),#4068);
#4064 = LINE('',#4065,#4066);
#4065 = CARTESIAN_POINT('',(0.,3.));
#4066 = VECTOR('',#4067,1.);
#4067 = DIRECTION('',(1.,0.));
#4068 = ( GEOMETRIC_REPRESENTATION_CONTEXT(2) 
PARAMETRIC_REPRESENTATION_CONTEXT() REPRESENTATION_CONTEXT('2D SPACE',''
  ) );
#4069 = ORIENTED_EDGE('',*,*,#3845,.T.);
#4070 = ORIENTED_EDGE('',*,*,#4071,.T.);
#4071 = EDGE_CURVE('',#3846,#3956,#4072,.T.);
#4072 = SURFACE_CURVE('',#4073,(#4077,#4084),.PCURVE_S1.);
#4073 = LINE('',#4074,#4075);
#4074 = CARTESIAN_POINT('',(-1.5,1.5,1.));
#4075 = VECTOR('',#4076,1.);
#4076 = DIRECTION('',(1.,0.,0.));
#4077 = PCURVE('',#3861,#4078);
#4078 = DEFINITIONAL_REPRESENTATION('',(#4079),#4083);
#4079 = LINE('',#4080,#4081);
#4080 = CARTESIAN_POINT('',(1.,0.));
#4081 = VECTOR('',#4082,1.);
#4082 = DIRECTION('',(0.,1.));
#4083 = ( GEOMETRIC_REPRESENTATION_CONTEXT(2) 
PARAMETRIC_REPRESENTATION_CONTEXT() REPRESENTATION_CONTEXT('2D SPACE',''
  ) );
#4084 = PCURVE('',#3887,#4085);
#4085 = DEFINITIONAL_REPRESENTATION('',(#4086),#4090);
#4086 = LINE('',#4087,#4088);
#4087 = CARTESIAN_POINT('',(0.,3.));
#4088 = VECTOR('',#4089,1.);
#4089 = DIRECTION('',(1.,0.));
#4090 = ( GEOMETRIC_REPRESENTATION_CONTEXT(2) 
PARAMETRIC_REPRESENTATION_CONTEXT() REPRESENTATION_CONTEXT('2D SPACE',''
  ) );
#4091 = ORIENTED_EDGE('',*,*,#3955,.F.);
#4092 = ADVANCED_FACE('',(#4093),#3833,.F.);
#4093 = FACE_BOUND('',#4094,.F.);
#4094 = EDGE_LOOP('',(#4095,#4096,#4097,#4098));
#4095 = ORIENTED_EDGE('',*,*,#3817,.F.);
#4096 = ORIENTED_EDGE('',*,*,#4002,.T.);
#4097 = ORIENTED_EDGE('',*,*,#3932,.T.);
#4098 = ORIENTED_EDGE('',*,*,#4049,.F.);
#4099 = ADVANCED_FACE('',(#4100),#3887,.T.);
#4100 = FACE_BOUND('',#4101,.T.);
#4101 = EDGE_LOOP('',(#4102,#4103,#4104,#4105));
#4102 = ORIENTED_EDGE('',*,*,#3873,.F.);
#4103 = ORIENTED_EDGE('',*,*,#4024,.T.);
#4104 = ORIENTED_EDGE('',*,*,#3978,.T.);
#4105 = ORIENTED_EDGE('',*,*,#4071,.F.);
#4106 = ( GEOMETRIC_REPRESENTATION_CONTEXT(3) 
GLOBAL_UNCERTAINTY_ASSIGNED_CONTEXT((#4110)) 
GLOBAL_UNIT_ASSIGNED_CONTEXT((#4107,#4108,#4109)) REPRESENTATION_CONTEXT
('Context #1','3D Context with UNIT and UNCERTAINTY') );
#4107 = ( LENGTH_UNIT() NAMED_UNIT(*) SI_UNIT(.MILLI.,.METRE.) );
#4108 = ( NAMED_UNIT(*) PLANE_ANGLE_UNIT() SI_UNIT($,.RADIAN.) );
#4109 = ( NAMED_UNIT(*) SI_UNIT($,.STERADIAN.) SOLID_ANGLE_UNIT() );
#4110 = UNCERTAINTY_MEASURE_WITH_UNIT(LENGTH_MEASURE(1.E-07),#4107,
  'distance_accuracy_value','confusion accuracy');
#4111 = CONTEXT_DEPENDENT_SHAPE_REPRESENTATION(#4112,#4114);
#4112 = ( REPRESENTATION_RELATIONSHIP('','',#3775,#2670) 
REPRESENTATION_RELATIONSHIP_WITH_TRANSFORMATION(#4113) 
SHAPE_REPRESENTATION_RELATIONSHIP() );
#4113 = ITEM_DEFINED_TRANSFORMATION('','',#11,#2679);
#4114 = PRODUCT_DEFINITION_SHAPE('Placement','Placement of an item',
  #4115);
#4115 = NEXT_ASSEMBLY_USAGE_OCCURRENCE('30','Chip_IMU','',#2665,#3770,$
  );
#4116 = PRODUCT_RELATED_PRODUCT_CATEGORY('part',$,(#3772));
#4117 = CONTEXT_DEPENDENT_SHAPE_REPRESENTATION(#4118,#4120);
#4118 = ( REPRESENTATION_RELATIONSHIP('','',#3775,#2670) 
REPRESENTATION_RELATIONSHIP_WITH_TRANSFORMATION(#4119) 
SHAPE_REPRESENTATION_RELATIONSHIP() );
#4119 = ITEM_DEFINED_TRANSFORMATION('','',#11,#2683);
#4120 = PRODUCT_DEFINITION_SHAPE('Placement','Placement of an item',
  #4121);
#4121 = NEXT_ASSEMBLY_USAGE_OCCURRENCE('31','Chip_Baro','',#2665,#3770,$
  );
#4122 = SHAPE_DEFINITION_REPRESENTATION(#4123,#4129);
#4123 = PRODUCT_DEFINITION_SHAPE('','',#4124);
#4124 = PRODUCT_DEFINITION('design','',#4125,#4128);
#4125 = PRODUCT_DEFINITION_FORMATION('','',#4126);
#4126 = PRODUCT('Connector','Connector','',(#4127));
#4127 = PRODUCT_CONTEXT('',#2,'mechanical');
#4128 = PRODUCT_DEFINITION_CONTEXT('part definition',#2,'design');
#4129 = ADVANCED_BREP_SHAPE_REPRESENTATION('',(#11,#4130),#4460);
#4130 = MANIFOLD_SOLID_BREP('',#4131);
#4131 = CLOSED_SHELL('',(#4132,#4252,#4352,#4399,#4446,#4453));
#4132 = ADVANCED_FACE('',(#4133),#4147,.F.);
#4133 = FACE_BOUND('',#4134,.F.);
#4134 = EDGE_LOOP('',(#4135,#4170,#4198,#4226));
#4135 = ORIENTED_EDGE('',*,*,#4136,.F.);
#4136 = EDGE_CURVE('',#4137,#4139,#4141,.T.);
#4137 = VERTEX_POINT('',#4138);
#4138 = CARTESIAN_POINT('',(-3.,-2.,0.));
#4139 = VERTEX_POINT('',#4140);
#4140 = CARTESIAN_POINT('',(-3.,-2.,3.));
#4141 = SURFACE_CURVE('',#4142,(#4146,#4158),.PCURVE_S1.);
#4142 = LINE('',#4143,#4144);
#4143 = CARTESIAN_POINT('',(-3.,-2.,0.));
#4144 = VECTOR('',#4145,1.);
#4145 = DIRECTION('',(0.,0.,1.));
#4146 = PCURVE('',#4147,#4152);
#4147 = PLANE('',#4148);
#4148 = AXIS2_PLACEMENT_3D('',#4149,#4150,#4151);
#4149 = CARTESIAN_POINT('',(-3.,-2.,0.));
#4150 = DIRECTION('',(1.,0.,0.));
#4151 = DIRECTION('',(0.,0.,1.));
#4152 = DEFINITIONAL_REPRESENTATION('',(#4153),#4157);
#4153 = LINE('',#4154,#4155);
#4154 = CARTESIAN_POINT('',(0.,0.));
#4155 = VECTOR('',#4156,1.);
#4156 = DIRECTION('',(1.,0.));
#4157 = ( GEOMETRIC_REPRESENTATION_CONTEXT(2) 
PARAMETRIC_REPRESENTATION_CONTEXT() REPRESENTATION_CONTEXT('2D SPACE',''
  ) );
#4158 = PCURVE('',#4159,#4164);
#4159 = PLANE('',#4160);
#4160 = AXIS2_PLACEMENT_3D('',#4161,#4162,#4163);
#4161 = CARTESIAN_POINT('',(-3.,-2.,0.));
#4162 = DIRECTION('',(0.,1.,0.));
#4163 = DIRECTION('',(0.,0.,1.));
#4164 = DEFINITIONAL_REPRESENTATION('',(#4165),#4169);
#4165 = LINE('',#4166,#4167);
#4166 = CARTESIAN_POINT('',(0.,0.));
#4167 = VECTOR('',#4168,1.);
#4168 = DIRECTION('',(1.,0.));
#4169 = ( GEOMETRIC_REPRESENTATION_CONTEXT(2) 
PARAMETRIC_REPRESENTATION_CONTEXT() REPRESENTATION_CONTEXT('2D SPACE',''
  ) );
#4170 = ORIENTED_EDGE('',*,*,#4171,.T.);
#4171 = EDGE_CURVE('',#4137,#4172,#4174,.T.);
#4172 = VERTEX_POINT('',#4173);
#4173 = CARTESIAN_POINT('',(-3.,2.,0.));
#4174 = SURFACE_CURVE('',#4175,(#4179,#4186),.PCURVE_S1.);
#4175 = LINE('',#4176,#4177);
#4176 = CARTESIAN_POINT('',(-3.,-2.,0.));
#4177 = VECTOR('',#4178,1.);
#4178 = DIRECTION('',(0.,1.,0.));
#4179 = PCURVE('',#4147,#4180);
#4180 = DEFINITIONAL_REPRESENTATION('',(#4181),#4185);
#4181 = LINE('',#4182,#4183);
#4182 = CARTESIAN_POINT('',(0.,0.));
#4183 = VECTOR('',#4184,1.);
#4184 = DIRECTION('',(0.,-1.));
#4185 = ( GEOMETRIC_REPRESENTATION_CONTEXT(2) 
PARAMETRIC_REPRESENTATION_CONTEXT() REPRESENTATION_CONTEXT('2D SPACE',''
  ) );
#4186 = PCURVE('',#4187,#4192);
#4187 = PLANE('',#4188);
#4188 = AXIS2_PLACEMENT_3D('',#4189,#4190,#4191);
#4189 = CARTESIAN_POINT('',(-3.,-2.,0.));
#4190 = DIRECTION('',(0.,0.,1.));
#4191 = DIRECTION('',(1.,0.,0.));
#4192 = DEFINITIONAL_REPRESENTATION('',(#4193),#4197);
#4193 = LINE('',#4194,#4195);
#4194 = CARTESIAN_POINT('',(0.,0.));
#4195 = VECTOR('',#4196,1.);
#4196 = DIRECTION('',(0.,1.));
#4197 = ( GEOMETRIC_REPRESENTATION_CONTEXT(2) 
PARAMETRIC_REPRESENTATION_CONTEXT() REPRESENTATION_CONTEXT('2D SPACE',''
  ) );
#4198 = ORIENTED_EDGE('',*,*,#4199,.T.);
#4199 = EDGE_CURVE('',#4172,#4200,#4202,.T.);
#4200 = VERTEX_POINT('',#4201);
#4201 = CARTESIAN_POINT('',(-3.,2.,3.));
#4202 = SURFACE_CURVE('',#4203,(#4207,#4214),.PCURVE_S1.);
#4203 = LINE('',#4204,#4205);
#4204 = CARTESIAN_POINT('',(-3.,2.,0.));
#4205 = VECTOR('',#4206,1.);
#4206 = DIRECTION('',(0.,0.,1.));
#4207 = PCURVE('',#4147,#4208);
#4208 = DEFINITIONAL_REPRESENTATION('',(#4209),#4213);
#4209 = LINE('',#4210,#4211);
#4210 = CARTESIAN_POINT('',(0.,-4.));
#4211 = VECTOR('',#4212,1.);
#4212 = DIRECTION('',(1.,0.));
#4213 = ( GEOMETRIC_REPRESENTATION_CONTEXT(2) 
PARAMETRIC_REPRESENTATION_CONTEXT() REPRESENTATION_CONTEXT('2D SPACE',''
  ) );
#4214 = PCURVE('',#4215,#4220);
#4215 = PLANE('',#4216);
#4216 = AXIS2_PLACEMENT_3D('',#4217,#4218,#4219);
#4217 = CARTESIAN_POINT('',(-3.,2.,0.));
#4218 = DIRECTION('',(0.,1.,0.));
#4219 = DIRECTION('',(0.,0.,1.));
#4220 = DEFINITIONAL_REPRESENTATION('',(#4221),#4225);
#4221 = LINE('',#4222,#4223);
#4222 = CARTESIAN_POINT('',(0.,0.));
#4223 = VECTOR('',#4224,1.);
#4224 = DIRECTION('',(1.,0.));
#4225 = ( GEOMETRIC_REPRESENTATION_CONTEXT(2) 
PARAMETRIC_REPRESENTATION_CONTEXT() REPRESENTATION_CONTEXT('2D SPACE',''
  ) );
#4226 = ORIENTED_EDGE('',*,*,#4227,.F.);
#4227 = EDGE_CURVE('',#4139,#4200,#4228,.T.);
#4228 = SURFACE_CURVE('',#4229,(#4233,#4240),.PCURVE_S1.);
#4229 = LINE('',#4230,#4231);
#4230 = CARTESIAN_POINT('',(-3.,-2.,3.));
#4231 = VECTOR('',#4232,1.);
#4232 = DIRECTION('',(0.,1.,0.));
#4233 = PCURVE('',#4147,#4234);
#4234 = DEFINITIONAL_REPRESENTATION('',(#4235),#4239);
#4235 = LINE('',#4236,#4237);
#4236 = CARTESIAN_POINT('',(3.,0.));
#4237 = VECTOR('',#4238,1.);
#4238 = DIRECTION('',(0.,-1.));
#4239 = ( GEOMETRIC_REPRESENTATION_CONTEXT(2) 
PARAMETRIC_REPRESENTATION_CONTEXT() REPRESENTATION_CONTEXT('2D SPACE',''
  ) );
#4240 = PCURVE('',#4241,#4246);
#4241 = PLANE('',#4242);
#4242 = AXIS2_PLACEMENT_3D('',#4243,#4244,#4245);
#4243 = CARTESIAN_POINT('',(-3.,-2.,3.));
#4244 = DIRECTION('',(0.,0.,1.));
#4245 = DIRECTION('',(1.,0.,0.));
#4246 = DEFINITIONAL_REPRESENTATION('',(#4247),#4251);
#4247 = LINE('',#4248,#4249);
#4248 = CARTESIAN_POINT('',(0.,0.));
#4249 = VECTOR('',#4250,1.);
#4250 = DIRECTION('',(0.,1.));
#4251 = ( GEOMETRIC_REPRESENTATION_CONTEXT(2) 
PARAMETRIC_REPRESENTATION_CONTEXT() REPRESENTATION_CONTEXT('2D SPACE',''
  ) );
#4252 = ADVANCED_FACE('',(#4253),#4267,.T.);
#4253 = FACE_BOUND('',#4254,.T.);
#4254 = EDGE_LOOP('',(#4255,#4285,#4308,#4331));
#4255 = ORIENTED_EDGE('',*,*,#4256,.F.);
#4256 = EDGE_CURVE('',#4257,#4259,#4261,.T.);
#4257 = VERTEX_POINT('',#4258);
#4258 = CARTESIAN_POINT('',(3.,-2.,0.));
#4259 = VERTEX_POINT('',#4260);
#4260 = CARTESIAN_POINT('',(3.,-2.,3.));
#4261 = SURFACE_CURVE('',#4262,(#4266,#4278),.PCURVE_S1.);
#4262 = LINE('',#4263,#4264);
#4263 = CARTESIAN_POINT('',(3.,-2.,0.));
#4264 = VECTOR('',#4265,1.);
#4265 = DIRECTION('',(0.,0.,1.));
#4266 = PCURVE('',#4267,#4272);
#4267 = PLANE('',#4268);
#4268 = AXIS2_PLACEMENT_3D('',#4269,#4270,#4271);
#4269 = CARTESIAN_POINT('',(3.,-2.,0.));
#4270 = DIRECTION('',(1.,0.,0.));
#4271 = DIRECTION('',(0.,0.,1.));
#4272 = DEFINITIONAL_REPRESENTATION('',(#4273),#4277);
#4273 = LINE('',#4274,#4275);
#4274 = CARTESIAN_POINT('',(0.,0.));
#4275 = VECTOR('',#4276,1.);
#4276 = DIRECTION('',(1.,0.));
#4277 = ( GEOMETRIC_REPRESENTATION_CONTEXT(2) 
PARAMETRIC_REPRESENTATION_CONTEXT() REPRESENTATION_CONTEXT('2D SPACE',''
  ) );
#4278 = PCURVE('',#4159,#4279);
#4279 = DEFINITIONAL_REPRESENTATION('',(#4280),#4284);
#4280 = LINE('',#4281,#4282);
#4281 = CARTESIAN_POINT('',(0.,6.));
#4282 = VECTOR('',#4283,1.);
#4283 = DIRECTION('',(1.,0.));
#4284 = ( GEOMETRIC_REPRESENTATION_CONTEXT(2) 
PARAMETRIC_REPRESENTATION_CONTEXT() REPRESENTATION_CONTEXT('2D SPACE',''
  ) );
#4285 = ORIENTED_EDGE('',*,*,#4286,.T.);
#4286 = EDGE_CURVE('',#4257,#4287,#4289,.T.);
#4287 = VERTEX_POINT('',#4288);
#4288 = CARTESIAN_POINT('',(3.,2.,0.));
#4289 = SURFACE_CURVE('',#4290,(#4294,#4301),.PCURVE_S1.);
#4290 = LINE('',#4291,#4292);
#4291 = CARTESIAN_POINT('',(3.,-2.,0.));
#4292 = VECTOR('',#4293,1.);
#4293 = DIRECTION('',(0.,1.,0.));
#4294 = PCURVE('',#4267,#4295);
#4295 = DEFINITIONAL_REPRESENTATION('',(#4296),#4300);
#4296 = LINE('',#4297,#4298);
#4297 = CARTESIAN_POINT('',(0.,0.));
#4298 = VECTOR('',#4299,1.);
#4299 = DIRECTION('',(0.,-1.));
#4300 = ( GEOMETRIC_REPRESENTATION_CONTEXT(2) 
PARAMETRIC_REPRESENTATION_CONTEXT() REPRESENTATION_CONTEXT('2D SPACE',''
  ) );
#4301 = PCURVE('',#4187,#4302);
#4302 = DEFINITIONAL_REPRESENTATION('',(#4303),#4307);
#4303 = LINE('',#4304,#4305);
#4304 = CARTESIAN_POINT('',(6.,0.));
#4305 = VECTOR('',#4306,1.);
#4306 = DIRECTION('',(0.,1.));
#4307 = ( GEOMETRIC_REPRESENTATION_CONTEXT(2) 
PARAMETRIC_REPRESENTATION_CONTEXT() REPRESENTATION_CONTEXT('2D SPACE',''
  ) );
#4308 = ORIENTED_EDGE('',*,*,#4309,.T.);
#4309 = EDGE_CURVE('',#4287,#4310,#4312,.T.);
#4310 = VERTEX_POINT('',#4311);
#4311 = CARTESIAN_POINT('',(3.,2.,3.));
#4312 = SURFACE_CURVE('',#4313,(#4317,#4324),.PCURVE_S1.);
#4313 = LINE('',#4314,#4315);
#4314 = CARTESIAN_POINT('',(3.,2.,0.));
#4315 = VECTOR('',#4316,1.);
#4316 = DIRECTION('',(0.,0.,1.));
#4317 = PCURVE('',#4267,#4318);
#4318 = DEFINITIONAL_REPRESENTATION('',(#4319),#4323);
#4319 = LINE('',#4320,#4321);
#4320 = CARTESIAN_POINT('',(0.,-4.));
#4321 = VECTOR('',#4322,1.);
#4322 = DIRECTION('',(1.,0.));
#4323 = ( GEOMETRIC_REPRESENTATION_CONTEXT(2) 
PARAMETRIC_REPRESENTATION_CONTEXT() REPRESENTATION_CONTEXT('2D SPACE',''
  ) );
#4324 = PCURVE('',#4215,#4325);
#4325 = DEFINITIONAL_REPRESENTATION('',(#4326),#4330);
#4326 = LINE('',#4327,#4328);
#4327 = CARTESIAN_POINT('',(0.,6.));
#4328 = VECTOR('',#4329,1.);
#4329 = DIRECTION('',(1.,0.));
#4330 = ( GEOMETRIC_REPRESENTATION_CONTEXT(2) 
PARAMETRIC_REPRESENTATION_CONTEXT() REPRESENTATION_CONTEXT('2D SPACE',''
  ) );
#4331 = ORIENTED_EDGE('',*,*,#4332,.F.);
#4332 = EDGE_CURVE('',#4259,#4310,#4333,.T.);
#4333 = SURFACE_CURVE('',#4334,(#4338,#4345),.PCURVE_S1.);
#4334 = LINE('',#4335,#4336);
#4335 = CARTESIAN_POINT('',(3.,-2.,3.));
#4336 = VECTOR('',#4337,1.);
#4337 = DIRECTION('',(0.,1.,0.));
#4338 = PCURVE('',#4267,#4339);
#4339 = DEFINITIONAL_REPRESENTATION('',(#4340),#4344);
#4340 = LINE('',#4341,#4342);
#4341 = CARTESIAN_POINT('',(3.,0.));
#4342 = VECTOR('',#4343,1.);
#4343 = DIRECTION('',(0.,-1.));
#4344 = ( GEOMETRIC_REPRESENTATION_CONTEXT(2) 
PARAMETRIC_REPRESENTATION_CONTEXT() REPRESENTATION_CONTEXT('2D SPACE',''
  ) );
#4345 = PCURVE('',#4241,#4346);
#4346 = DEFINITIONAL_REPRESENTATION('',(#4347),#4351);
#4347 = LINE('',#4348,#4349);
#4348 = CARTESIAN_POINT('',(6.,0.));
#4349 = VECTOR('',#4350,1.);
#4350 = DIRECTION('',(0.,1.));
#4351 = ( GEOMETRIC_REPRESENTATION_CONTEXT(2) 
PARAMETRIC_REPRESENTATION_CONTEXT() REPRESENTATION_CONTEXT('2D SPACE',''
  ) );
#4352 = ADVANCED_FACE('',(#4353),#4159,.F.);
#4353 = FACE_BOUND('',#4354,.F.);
#4354 = EDGE_LOOP('',(#4355,#4376,#4377,#4398));
#4355 = ORIENTED_EDGE('',*,*,#4356,.F.);
#4356 = EDGE_CURVE('',#4137,#4257,#4357,.T.);
#4357 = SURFACE_CURVE('',#4358,(#4362,#4369),.PCURVE_S1.);
#4358 = LINE('',#4359,#4360);
#4359 = CARTESIAN_POINT('',(-3.,-2.,0.));
#4360 = VECTOR('',#4361,1.);
#4361 = DIRECTION('',(1.,0.,0.));
#4362 = PCURVE('',#4159,#4363);
#4363 = DEFINITIONAL_REPRESENTATION('',(#4364),#4368);
#4364 = LINE('',#4365,#4366);
#4365 = CARTESIAN_POINT('',(0.,0.));
#4366 = VECTOR('',#4367,1.);
#4367 = DIRECTION('',(0.,1.));
#4368 = ( GEOMETRIC_REPRESENTATION_CONTEXT(2) 
PARAMETRIC_REPRESENTATION_CONTEXT() REPRESENTATION_CONTEXT('2D SPACE',''
  ) );
#4369 = PCURVE('',#4187,#4370);
#4370 = DEFINITIONAL_REPRESENTATION('',(#4371),#4375);
#4371 = LINE('',#4372,#4373);
#4372 = CARTESIAN_POINT('',(0.,0.));
#4373 = VECTOR('',#4374,1.);
#4374 = DIRECTION('',(1.,0.));
#4375 = ( GEOMETRIC_REPRESENTATION_CONTEXT(2) 
PARAMETRIC_REPRESENTATION_CONTEXT() REPRESENTATION_CONTEXT('2D SPACE',''
  ) );
#4376 = ORIENTED_EDGE('',*,*,#4136,.T.);
#4377 = ORIENTED_EDGE('',*,*,#4378,.T.);
#4378 = EDGE_CURVE('',#4139,#4259,#4379,.T.);
#4379 = SURFACE_CURVE('',#4380,(#4384,#4391),.PCURVE_S1.);
#4380 = LINE('',#4381,#4382);
#4381 = CARTESIAN_POINT('',(-3.,-2.,3.));
#4382 = VECTOR('',#4383,1.);
#4383 = DIRECTION('',(1.,0.,0.));
#4384 = PCURVE('',#4159,#4385);
#4385 = DEFINITIONAL_REPRESENTATION('',(#4386),#4390);
#4386 = LINE('',#4387,#4388);
#4387 = CARTESIAN_POINT('',(3.,0.));
#4388 = VECTOR('',#4389,1.);
#4389 = DIRECTION('',(0.,1.));
#4390 = ( GEOMETRIC_REPRESENTATION_CONTEXT(2) 
PARAMETRIC_REPRESENTATION_CONTEXT() REPRESENTATION_CONTEXT('2D SPACE',''
  ) );
#4391 = PCURVE('',#4241,#4392);
#4392 = DEFINITIONAL_REPRESENTATION('',(#4393),#4397);
#4393 = LINE('',#4394,#4395);
#4394 = CARTESIAN_POINT('',(0.,0.));
#4395 = VECTOR('',#4396,1.);
#4396 = DIRECTION('',(1.,0.));
#4397 = ( GEOMETRIC_REPRESENTATION_CONTEXT(2) 
PARAMETRIC_REPRESENTATION_CONTEXT() REPRESENTATION_CONTEXT('2D SPACE',''
  ) );
#4398 = ORIENTED_EDGE('',*,*,#4256,.F.);
#4399 = ADVANCED_FACE('',(#4400),#4215,.T.);
#4400 = FACE_BOUND('',#4401,.T.);
#4401 = EDGE_LOOP('',(#4402,#4423,#4424,#4445));
#4402 = ORIENTED_EDGE('',*,*,#4403,.F.);
#4403 = EDGE_CURVE('',#4172,#4287,#4404,.T.);
#4404 = SURFACE_CURVE('',#4405,(#4409,#4416),.PCURVE_S1.);
#4405 = LINE('',#4406,#4407);
#4406 = CARTESIAN_POINT('',(-3.,2.,0.));
#4407 = VECTOR('',#4408,1.);
#4408 = DIRECTION('',(1.,0.,0.));
#4409 = PCURVE('',#4215,#4410);
#4410 = DEFINITIONAL_REPRESENTATION('',(#4411),#4415);
#4411 = LINE('',#4412,#4413);
#4412 = CARTESIAN_POINT('',(0.,0.));
#4413 = VECTOR('',#4414,1.);
#4414 = DIRECTION('',(0.,1.));
#4415 = ( GEOMETRIC_REPRESENTATION_CONTEXT(2) 
PARAMETRIC_REPRESENTATION_CONTEXT() REPRESENTATION_CONTEXT('2D SPACE',''
  ) );
#4416 = PCURVE('',#4187,#4417);
#4417 = DEFINITIONAL_REPRESENTATION('',(#4418),#4422);
#4418 = LINE('',#4419,#4420);
#4419 = CARTESIAN_POINT('',(0.,4.));
#4420 = VECTOR('',#4421,1.);
#4421 = DIRECTION('',(1.,0.));
#4422 = ( GEOMETRIC_REPRESENTATION_CONTEXT(2) 
PARAMETRIC_REPRESENTATION_CONTEXT() REPRESENTATION_CONTEXT('2D SPACE',''
  ) );
#4423 = ORIENTED_EDGE('',*,*,#4199,.T.);
#4424 = ORIENTED_EDGE('',*,*,#4425,.T.);
#4425 = EDGE_CURVE('',#4200,#4310,#4426,.T.);
#4426 = SURFACE_CURVE('',#4427,(#4431,#4438),.PCURVE_S1.);
#4427 = LINE('',#4428,#4429);
#4428 = CARTESIAN_POINT('',(-3.,2.,3.));
#4429 = VECTOR('',#4430,1.);
#4430 = DIRECTION('',(1.,0.,0.));
#4431 = PCURVE('',#4215,#4432);
#4432 = DEFINITIONAL_REPRESENTATION('',(#4433),#4437);
#4433 = LINE('',#4434,#4435);
#4434 = CARTESIAN_POINT('',(3.,0.));
#4435 = VECTOR('',#4436,1.);
#4436 = DIRECTION('',(0.,1.));
#4437 = ( GEOMETRIC_REPRESENTATION_CONTEXT(2) 
PARAMETRIC_REPRESENTATION_CONTEXT() REPRESENTATION_CONTEXT('2D SPACE',''
  ) );
#4438 = PCURVE('',#4241,#4439);
#4439 = DEFINITIONAL_REPRESENTATION('',(#4440),#4444);
#4440 = LINE('',#4441,#4442);
#4441 = CARTESIAN_POINT('',(0.,4.));
#4442 = VECTOR('',#4443,1.);
#4443 = DIRECTION('',(1.,0.));
#4444 = ( GEOMETRIC_REPRESENTATION_CONTEXT(2) 
PARAMETRIC_REPRESENTATION_CONTEXT() REPRESENTATION_CONTEXT('2D SPACE',''
  ) );
#4445 = ORIENTED_EDGE('',*,*,#4309,.F.);
#4446 = ADVANCED_FACE('',(#4447),#4187,.F.);
#4447 = FACE_BOUND('',#4448,.F.);
#4448 = EDGE_LOOP('',(#4449,#4450,#4451,#4452));
#4449 = ORIENTED_EDGE('',*,*,#4171,.F.);
#4450 = ORIENTED_EDGE('',*,*,#4356,.T.);
#4451 = ORIENTED_EDGE('',*,*,#4286,.T.);
#4452 = ORIENTED_EDGE('',*,*,#4403,.F.);
#4453 = ADVANCED_FACE('',(#4454),#4241,.T.);
#4454 = FACE_BOUND('',#4455,.T.);
#4455 = EDGE_LOOP('',(#4456,#4457,#4458,#4459));
#4456 = ORIENTED_EDGE('',*,*,#4227,.F.);
#4457 = ORIENTED_EDGE('',*,*,#4378,.T.);
#4458 = ORIENTED_EDGE('',*,*,#4332,.T.);
#4459 = ORIENTED_EDGE('',*,*,#4425,.F.);
#4460 = ( GEOMETRIC_REPRESENTATION_CONTEXT(3) 
GLOBAL_UNCERTAINTY_ASSIGNED_CONTEXT((#4464)) 
GLOBAL_UNIT_ASSIGNED_CONTEXT((#4461,#4462,#4463)) REPRESENTATION_CONTEXT
('Context #1','3D Context with UNIT and UNCERTAINTY') );
#4461 = ( LENGTH_UNIT() NAMED_UNIT(*) SI_UNIT(.MILLI.,.METRE.) );
#4462 = ( NAMED_UNIT(*) PLANE_ANGLE_UNIT() SI_UNIT($,.RADIAN.) );
#4463 = ( NAMED_UNIT(*) SI_UNIT($,.STERADIAN.) SOLID_ANGLE_UNIT() );
#4464 = UNCERTAINTY_MEASURE_WITH_UNIT(LENGTH_MEASURE(1.E-07),#4461,
  'distance_accuracy_value','confusion accuracy');
#4465 = CONTEXT_DEPENDENT_SHAPE_REPRESENTATION(#4466,#4468);
#4466 = ( REPRESENTATION_RELATIONSHIP('','',#4129,#2670) 
REPRESENTATION_RELATIONSHIP_WITH_TRANSFORMATION(#4467) 
SHAPE_REPRESENTATION_RELATIONSHIP() );
#4467 = ITEM_DEFINED_TRANSFORMATION('','',#11,#2687);
#4468 = PRODUCT_DEFINITION_SHAPE('Placement','Placement of an item',
  #4469);
#4469 = NEXT_ASSEMBLY_USAGE_OCCURRENCE('32','Connector','',#2665,#4124,$
  );
#4470 = PRODUCT_RELATED_PRODUCT_CATEGORY('part',$,(#4126));
#4471 = SHAPE_DEFINITION_REPRESENTATION(#4472,#4478);
#4472 = PRODUCT_DEFINITION_SHAPE('','',#4473);
#4473 = PRODUCT_DEFINITION('design','',#4474,#4477);
#4474 = PRODUCT_DEFINITION_FORMATION('','',#4475);
#4475 = PRODUCT('Battery','Battery','',(#4476));
#4476 = PRODUCT_CONTEXT('',#2,'mechanical');
#4477 = PRODUCT_DEFINITION_CONTEXT('part definition',#2,'design');
#4478 = ADVANCED_BREP_SHAPE_REPRESENTATION('',(#11,#4479),#5145);
#4479 = MANIFOLD_SOLID_BREP('',#4480);
#4480 = CLOSED_SHELL('',(#4481,#4725,#4801,#4851,#4905,#4954,#5003,#5057
    ,#5107,#5134));
#4481 = ADVANCED_FACE('',(#4482),#4496,.F.);
#4482 = FACE_BOUND('',#4483,.F.);
#4483 = EDGE_LOOP('',(#4484,#4519,#4548,#4576,#4609,#4637,#4666,#4694));
#4484 = ORIENTED_EDGE('',*,*,#4485,.F.);
#4485 = EDGE_CURVE('',#4486,#4488,#4490,.T.);
#4486 = VERTEX_POINT('',#4487);
#4487 = CARTESIAN_POINT('',(-37.5,-17.5,-12.));
#4488 = VERTEX_POINT('',#4489);
#4489 = CARTESIAN_POINT('',(-37.5,-17.5,12.));
#4490 = SURFACE_CURVE('',#4491,(#4495,#4507),.PCURVE_S1.);
#4491 = LINE('',#4492,#4493);
#4492 = CARTESIAN_POINT('',(-37.5,-17.5,-15.));
#4493 = VECTOR('',#4494,1.);
#4494 = DIRECTION('',(0.,0.,1.));
#4495 = PCURVE('',#4496,#4501);
#4496 = PLANE('',#4497);
#4497 = AXIS2_PLACEMENT_3D('',#4498,#4499,#4500);
#4498 = CARTESIAN_POINT('',(-37.5,-17.5,-15.));
#4499 = DIRECTION('',(1.,0.,0.));
#4500 = DIRECTION('',(0.,0.,1.));
#4501 = DEFINITIONAL_REPRESENTATION('',(#4502),#4506);
#4502 = LINE('',#4503,#4504);
#4503 = CARTESIAN_POINT('',(0.,0.));
#4504 = VECTOR('',#4505,1.);
#4505 = DIRECTION('',(1.,0.));
#4506 = ( GEOMETRIC_REPRESENTATION_CONTEXT(2) 
PARAMETRIC_REPRESENTATION_CONTEXT() REPRESENTATION_CONTEXT('2D SPACE',''
  ) );
#4507 = PCURVE('',#4508,#4513);
#4508 = PLANE('',#4509);
#4509 = AXIS2_PLACEMENT_3D('',#4510,#4511,#4512);
#4510 = CARTESIAN_POINT('',(-37.5,-17.5,-15.));
#4511 = DIRECTION('',(0.,1.,0.));
#4512 = DIRECTION('',(0.,0.,1.));
#4513 = DEFINITIONAL_REPRESENTATION('',(#4514),#4518);
#4514 = LINE('',#4515,#4516);
#4515 = CARTESIAN_POINT('',(0.,0.));
#4516 = VECTOR('',#4517,1.);
#4517 = DIRECTION('',(1.,0.));
#4518 = ( GEOMETRIC_REPRESENTATION_CONTEXT(2) 
PARAMETRIC_REPRESENTATION_CONTEXT() REPRESENTATION_CONTEXT('2D SPACE',''
  ) );
#4519 = ORIENTED_EDGE('',*,*,#4520,.T.);
#4520 = EDGE_CURVE('',#4486,#4521,#4523,.T.);
#4521 = VERTEX_POINT('',#4522);
#4522 = CARTESIAN_POINT('',(-37.5,-14.5,-15.));
#4523 = SURFACE_CURVE('',#4524,(#4529,#4536),.PCURVE_S1.);
#4524 = CIRCLE('',#4525,3.);
#4525 = AXIS2_PLACEMENT_3D('',#4526,#4527,#4528);
#4526 = CARTESIAN_POINT('',(-37.5,-14.5,-12.));
#4527 = DIRECTION('',(1.,0.,0.));
#4528 = DIRECTION('',(-0.,0.,1.));
#4529 = PCURVE('',#4496,#4530);
#4530 = DEFINITIONAL_REPRESENTATION('',(#4531),#4535);
#4531 = CIRCLE('',#4532,3.);
#4532 = AXIS2_PLACEMENT_2D('',#4533,#4534);
#4533 = CARTESIAN_POINT('',(3.,-3.));
#4534 = DIRECTION('',(1.,0.));
#4535 = ( GEOMETRIC_REPRESENTATION_CONTEXT(2) 
PARAMETRIC_REPRESENTATION_CONTEXT() REPRESENTATION_CONTEXT('2D SPACE',''
  ) );
#4536 = PCURVE('',#4537,#4542);
#4537 = CYLINDRICAL_SURFACE('',#4538,3.);
#4538 = AXIS2_PLACEMENT_3D('',#4539,#4540,#4541);
#4539 = CARTESIAN_POINT('',(-37.5,-14.5,-12.));
#4540 = DIRECTION('',(1.,0.,0.));
#4541 = DIRECTION('',(0.,-1.,0.));
#4542 = DEFINITIONAL_REPRESENTATION('',(#4543),#4547);
#4543 = LINE('',#4544,#4545);
#4544 = CARTESIAN_POINT('',(-1.570796326795,0.));
#4545 = VECTOR('',#4546,1.);
#4546 = DIRECTION('',(1.,0.));
#4547 = ( GEOMETRIC_REPRESENTATION_CONTEXT(2) 
PARAMETRIC_REPRESENTATION_CONTEXT() REPRESENTATION_CONTEXT('2D SPACE',''
  ) );
#4548 = ORIENTED_EDGE('',*,*,#4549,.T.);
#4549 = EDGE_CURVE('',#4521,#4550,#4552,.T.);
#4550 = VERTEX_POINT('',#4551);
#4551 = CARTESIAN_POINT('',(-37.5,14.5,-15.));
#4552 = SURFACE_CURVE('',#4553,(#4557,#4564),.PCURVE_S1.);
#4553 = LINE('',#4554,#4555);
#4554 = CARTESIAN_POINT('',(-37.5,-17.5,-15.));
#4555 = VECTOR('',#4556,1.);
#4556 = DIRECTION('',(0.,1.,0.));
#4557 = PCURVE('',#4496,#4558);
#4558 = DEFINITIONAL_REPRESENTATION('',(#4559),#4563);
#4559 = LINE('',#4560,#4561);
#4560 = CARTESIAN_POINT('',(0.,0.));
#4561 = VECTOR('',#4562,1.);
#4562 = DIRECTION('',(0.,-1.));
#4563 = ( GEOMETRIC_REPRESENTATION_CONTEXT(2) 
PARAMETRIC_REPRESENTATION_CONTEXT() REPRESENTATION_CONTEXT('2D SPACE',''
  ) );
#4564 = PCURVE('',#4565,#4570);
#4565 = PLANE('',#4566);
#4566 = AXIS2_PLACEMENT_3D('',#4567,#4568,#4569);
#4567 = CARTESIAN_POINT('',(-37.5,-17.5,-15.));
#4568 = DIRECTION('',(0.,0.,1.));
#4569 = DIRECTION('',(1.,0.,0.));
#4570 = DEFINITIONAL_REPRESENTATION('',(#4571),#4575);
#4571 = LINE('',#4572,#4573);
#4572 = CARTESIAN_POINT('',(0.,0.));
#4573 = VECTOR('',#4574,1.);
#4574 = DIRECTION('',(0.,1.));
#4575 = ( GEOMETRIC_REPRESENTATION_CONTEXT(2) 
PARAMETRIC_REPRESENTATION_CONTEXT() REPRESENTATION_CONTEXT('2D SPACE',''
  ) );
#4576 = ORIENTED_EDGE('',*,*,#4577,.F.);
#4577 = EDGE_CURVE('',#4578,#4550,#4580,.T.);
#4578 = VERTEX_POINT('',#4579);
#4579 = CARTESIAN_POINT('',(-37.5,17.5,-12.));
#4580 = SURFACE_CURVE('',#4581,(#4586,#4597),.PCURVE_S1.);
#4581 = CIRCLE('',#4582,3.);
#4582 = AXIS2_PLACEMENT_3D('',#4583,#4584,#4585);
#4583 = CARTESIAN_POINT('',(-37.5,14.5,-12.));
#4584 = DIRECTION('',(-1.,0.,-0.));
#4585 = DIRECTION('',(-0.,0.,1.));
#4586 = PCURVE('',#4496,#4587);
#4587 = DEFINITIONAL_REPRESENTATION('',(#4588),#4596);
#4588 = ( BOUNDED_CURVE() B_SPLINE_CURVE(2,(#4589,#4590,#4591,#4592,
#4593,#4594,#4595),.UNSPECIFIED.,.T.,.F.) B_SPLINE_CURVE_WITH_KNOTS((1,2
    ,2,2,2,1),(-2.094395102393,0.,2.094395102393,4.188790204786,
6.28318530718,8.377580409573),.UNSPECIFIED.) CURVE() 
GEOMETRIC_REPRESENTATION_ITEM() RATIONAL_B_SPLINE_CURVE((1.,0.5,1.,0.5,
1.,0.5,1.)) REPRESENTATION_ITEM('') );
#4589 = CARTESIAN_POINT('',(6.,-32.));
#4590 = CARTESIAN_POINT('',(6.,-37.1961524227));
#4591 = CARTESIAN_POINT('',(1.5,-34.59807621135));
#4592 = CARTESIAN_POINT('',(-3.,-32.));
#4593 = CARTESIAN_POINT('',(1.5,-29.40192378864));
#4594 = CARTESIAN_POINT('',(6.,-26.80384757729));
#4595 = CARTESIAN_POINT('',(6.,-32.));
#4596 = ( GEOMETRIC_REPRESENTATION_CONTEXT(2) 
PARAMETRIC_REPRESENTATION_CONTEXT() REPRESENTATION_CONTEXT('2D SPACE',''
  ) );
#4597 = PCURVE('',#4598,#4603);
#4598 = CYLINDRICAL_SURFACE('',#4599,3.);
#4599 = AXIS2_PLACEMENT_3D('',#4600,#4601,#4602);
#4600 = CARTESIAN_POINT('',(-37.5,14.5,-12.));
#4601 = DIRECTION('',(1.,0.,0.));
#4602 = DIRECTION('',(-0.,1.,0.));
#4603 = DEFINITIONAL_REPRESENTATION('',(#4604),#4608);
#4604 = LINE('',#4605,#4606);
#4605 = CARTESIAN_POINT('',(1.570796326795,-0.));
#4606 = VECTOR('',#4607,1.);
#4607 = DIRECTION('',(-1.,0.));
#4608 = ( GEOMETRIC_REPRESENTATION_CONTEXT(2) 
PARAMETRIC_REPRESENTATION_CONTEXT() REPRESENTATION_CONTEXT('2D SPACE',''
  ) );
#4609 = ORIENTED_EDGE('',*,*,#4610,.T.);
#4610 = EDGE_CURVE('',#4578,#4611,#4613,.T.);
#4611 = VERTEX_POINT('',#4612);
#4612 = CARTESIAN_POINT('',(-37.5,17.5,12.));
#4613 = SURFACE_CURVE('',#4614,(#4618,#4625),.PCURVE_S1.);
#4614 = LINE('',#4615,#4616);
#4615 = CARTESIAN_POINT('',(-37.5,17.5,-15.));
#4616 = VECTOR('',#4617,1.);
#4617 = DIRECTION('',(0.,0.,1.));
#4618 = PCURVE('',#4496,#4619);
#4619 = DEFINITIONAL_REPRESENTATION('',(#4620),#4624);
#4620 = LINE('',#4621,#4622);
#4621 = CARTESIAN_POINT('',(0.,-35.));
#4622 = VECTOR('',#4623,1.);
#4623 = DIRECTION('',(1.,0.));
#4624 = ( GEOMETRIC_REPRESENTATION_CONTEXT(2) 
PARAMETRIC_REPRESENTATION_CONTEXT() REPRESENTATION_CONTEXT('2D SPACE',''
  ) );
#4625 = PCURVE('',#4626,#4631);
#4626 = PLANE('',#4627);
#4627 = AXIS2_PLACEMENT_3D('',#4628,#4629,#4630);
#4628 = CARTESIAN_POINT('',(-37.5,17.5,-15.));
#4629 = DIRECTION('',(0.,1.,0.));
#4630 = DIRECTION('',(0.,0.,1.));
#4631 = DEFINITIONAL_REPRESENTATION('',(#4632),#4636);
#4632 = LINE('',#4633,#4634);
#4633 = CARTESIAN_POINT('',(0.,0.));
#4634 = VECTOR('',#4635,1.);
#4635 = DIRECTION('',(1.,0.));
#4636 = ( GEOMETRIC_REPRESENTATION_CONTEXT(2) 
PARAMETRIC_REPRESENTATION_CONTEXT() REPRESENTATION_CONTEXT('2D SPACE',''
  ) );
#4637 = ORIENTED_EDGE('',*,*,#4638,.T.);
#4638 = EDGE_CURVE('',#4611,#4639,#4641,.T.);
#4639 = VERTEX_POINT('',#4640);
#4640 = CARTESIAN_POINT('',(-37.5,14.5,15.));
#4641 = SURFACE_CURVE('',#4642,(#4647,#4654),.PCURVE_S1.);
#4642 = CIRCLE('',#4643,3.);
#4643 = AXIS2_PLACEMENT_3D('',#4644,#4645,#4646);
#4644 = CARTESIAN_POINT('',(-37.5,14.5,12.));
#4645 = DIRECTION('',(1.,0.,0.));
#4646 = DIRECTION('',(-0.,0.,1.));
#4647 = PCURVE('',#4496,#4648);
#4648 = DEFINITIONAL_REPRESENTATION('',(#4649),#4653);
#4649 = CIRCLE('',#4650,3.);
#4650 = AXIS2_PLACEMENT_2D('',#4651,#4652);
#4651 = CARTESIAN_POINT('',(27.,-32.));
#4652 = DIRECTION('',(1.,0.));
#4653 = ( GEOMETRIC_REPRESENTATION_CONTEXT(2) 
PARAMETRIC_REPRESENTATION_CONTEXT() REPRESENTATION_CONTEXT('2D SPACE',''
  ) );
#4654 = PCURVE('',#4655,#4660);
#4655 = CYLINDRICAL_SURFACE('',#4656,3.);
#4656 = AXIS2_PLACEMENT_3D('',#4657,#4658,#4659);
#4657 = CARTESIAN_POINT('',(-37.5,14.5,12.));
#4658 = DIRECTION('',(1.,0.,0.));
#4659 = DIRECTION('',(-0.,1.,0.));
#4660 = DEFINITIONAL_REPRESENTATION('',(#4661),#4665);
#4661 = LINE('',#4662,#4663);
#4662 = CARTESIAN_POINT('',(-4.712388980385,0.));
#4663 = VECTOR('',#4664,1.);
#4664 = DIRECTION('',(1.,0.));
#4665 = ( GEOMETRIC_REPRESENTATION_CONTEXT(2) 
PARAMETRIC_REPRESENTATION_CONTEXT() REPRESENTATION_CONTEXT('2D SPACE',''
  ) );
#4666 = ORIENTED_EDGE('',*,*,#4667,.F.);
#4667 = EDGE_CURVE('',#4668,#4639,#4670,.T.);
#4668 = VERTEX_POINT('',#4669);
#4669 = CARTESIAN_POINT('',(-37.5,-14.5,15.));
#4670 = SURFACE_CURVE('',#4671,(#4675,#4682),.PCURVE_S1.);
#4671 = LINE('',#4672,#4673);
#4672 = CARTESIAN_POINT('',(-37.5,-17.5,15.));
#4673 = VECTOR('',#4674,1.);
#4674 = DIRECTION('',(0.,1.,0.));
#4675 = PCURVE('',#4496,#4676);
#4676 = DEFINITIONAL_REPRESENTATION('',(#4677),#4681);
#4677 = LINE('',#4678,#4679);
#4678 = CARTESIAN_POINT('',(30.,0.));
#4679 = VECTOR('',#4680,1.);
#4680 = DIRECTION('',(0.,-1.));
#4681 = ( GEOMETRIC_REPRESENTATION_CONTEXT(2) 
PARAMETRIC_REPRESENTATION_CONTEXT() REPRESENTATION_CONTEXT('2D SPACE',''
  ) );
#4682 = PCURVE('',#4683,#4688);
#4683 = PLANE('',#4684);
#4684 = AXIS2_PLACEMENT_3D('',#4685,#4686,#4687);
#4685 = CARTESIAN_POINT('',(-37.5,-17.5,15.));
#4686 = DIRECTION('',(0.,0.,1.));
#4687 = DIRECTION('',(1.,0.,0.));
#4688 = DEFINITIONAL_REPRESENTATION('',(#4689),#4693);
#4689 = LINE('',#4690,#4691);
#4690 = CARTESIAN_POINT('',(0.,0.));
#4691 = VECTOR('',#4692,1.);
#4692 = DIRECTION('',(0.,1.));
#4693 = ( GEOMETRIC_REPRESENTATION_CONTEXT(2) 
PARAMETRIC_REPRESENTATION_CONTEXT() REPRESENTATION_CONTEXT('2D SPACE',''
  ) );
#4694 = ORIENTED_EDGE('',*,*,#4695,.F.);
#4695 = EDGE_CURVE('',#4488,#4668,#4696,.T.);
#4696 = SURFACE_CURVE('',#4697,(#4702,#4713),.PCURVE_S1.);
#4697 = CIRCLE('',#4698,3.);
#4698 = AXIS2_PLACEMENT_3D('',#4699,#4700,#4701);
#4699 = CARTESIAN_POINT('',(-37.5,-14.5,12.));
#4700 = DIRECTION('',(-1.,0.,-0.));
#4701 = DIRECTION('',(-0.,0.,1.));
#4702 = PCURVE('',#4496,#4703);
#4703 = DEFINITIONAL_REPRESENTATION('',(#4704),#4712);
#4704 = ( BOUNDED_CURVE() B_SPLINE_CURVE(2,(#4705,#4706,#4707,#4708,
#4709,#4710,#4711),.UNSPECIFIED.,.T.,.F.) B_SPLINE_CURVE_WITH_KNOTS((1,2
    ,2,2,2,1),(-2.094395102393,0.,2.094395102393,4.188790204786,
6.28318530718,8.377580409573),.UNSPECIFIED.) CURVE() 
GEOMETRIC_REPRESENTATION_ITEM() RATIONAL_B_SPLINE_CURVE((1.,0.5,1.,0.5,
1.,0.5,1.)) REPRESENTATION_ITEM('') );
#4705 = CARTESIAN_POINT('',(30.,-3.));
#4706 = CARTESIAN_POINT('',(30.,-8.196152422707));
#4707 = CARTESIAN_POINT('',(25.5,-5.598076211353));
#4708 = CARTESIAN_POINT('',(21.,-3.));
#4709 = CARTESIAN_POINT('',(25.5,-0.401923788647));
#4710 = CARTESIAN_POINT('',(30.,2.196152422707));
#4711 = CARTESIAN_POINT('',(30.,-3.));
#4712 = ( GEOMETRIC_REPRESENTATION_CONTEXT(2) 
PARAMETRIC_REPRESENTATION_CONTEXT() REPRESENTATION_CONTEXT('2D SPACE',''
  ) );
#4713 = PCURVE('',#4714,#4719);
#4714 = CYLINDRICAL_SURFACE('',#4715,3.);
#4715 = AXIS2_PLACEMENT_3D('',#4716,#4717,#4718);
#4716 = CARTESIAN_POINT('',(-37.5,-14.5,12.));
#4717 = DIRECTION('',(1.,0.,0.));
#4718 = DIRECTION('',(0.,-1.,0.));
#4719 = DEFINITIONAL_REPRESENTATION('',(#4720),#4724);
#4720 = LINE('',#4721,#4722);
#4721 = CARTESIAN_POINT('',(4.712388980385,-0.));
#4722 = VECTOR('',#4723,1.);
#4723 = DIRECTION('',(-1.,0.));
#4724 = ( GEOMETRIC_REPRESENTATION_CONTEXT(2) 
PARAMETRIC_REPRESENTATION_CONTEXT() REPRESENTATION_CONTEXT('2D SPACE',''
  ) );
#4725 = ADVANCED_FACE('',(#4726),#4508,.F.);
#4726 = FACE_BOUND('',#4727,.F.);
#4727 = EDGE_LOOP('',(#4728,#4758,#4779,#4780));
#4728 = ORIENTED_EDGE('',*,*,#4729,.F.);
#4729 = EDGE_CURVE('',#4730,#4732,#4734,.T.);
#4730 = VERTEX_POINT('',#4731);
#4731 = CARTESIAN_POINT('',(37.5,-17.5,-12.));
#4732 = VERTEX_POINT('',#4733);
#4733 = CARTESIAN_POINT('',(37.5,-17.5,12.));
#4734 = SURFACE_CURVE('',#4735,(#4739,#4746),.PCURVE_S1.);
#4735 = LINE('',#4736,#4737);
#4736 = CARTESIAN_POINT('',(37.5,-17.5,-15.));
#4737 = VECTOR('',#4738,1.);
#4738 = DIRECTION('',(0.,0.,1.));
#4739 = PCURVE('',#4508,#4740);
#4740 = DEFINITIONAL_REPRESENTATION('',(#4741),#4745);
#4741 = LINE('',#4742,#4743);
#4742 = CARTESIAN_POINT('',(0.,75.));
#4743 = VECTOR('',#4744,1.);
#4744 = DIRECTION('',(1.,0.));
#4745 = ( GEOMETRIC_REPRESENTATION_CONTEXT(2) 
PARAMETRIC_REPRESENTATION_CONTEXT() REPRESENTATION_CONTEXT('2D SPACE',''
  ) );
#4746 = PCURVE('',#4747,#4752);
#4747 = PLANE('',#4748);
#4748 = AXIS2_PLACEMENT_3D('',#4749,#4750,#4751);
#4749 = CARTESIAN_POINT('',(37.5,-17.5,-15.));
#4750 = DIRECTION('',(1.,0.,0.));
#4751 = DIRECTION('',(0.,0.,1.));
#4752 = DEFINITIONAL_REPRESENTATION('',(#4753),#4757);
#4753 = LINE('',#4754,#4755);
#4754 = CARTESIAN_POINT('',(0.,0.));
#4755 = VECTOR('',#4756,1.);
#4756 = DIRECTION('',(1.,0.));
#4757 = ( GEOMETRIC_REPRESENTATION_CONTEXT(2) 
PARAMETRIC_REPRESENTATION_CONTEXT() REPRESENTATION_CONTEXT('2D SPACE',''
  ) );
#4758 = ORIENTED_EDGE('',*,*,#4759,.F.);
#4759 = EDGE_CURVE('',#4486,#4730,#4760,.T.);
#4760 = SURFACE_CURVE('',#4761,(#4765,#4772),.PCURVE_S1.);
#4761 = LINE('',#4762,#4763);
#4762 = CARTESIAN_POINT('',(-37.5,-17.5,-12.));
#4763 = VECTOR('',#4764,1.);
#4764 = DIRECTION('',(1.,0.,0.));
#4765 = PCURVE('',#4508,#4766);
#4766 = DEFINITIONAL_REPRESENTATION('',(#4767),#4771);
#4767 = LINE('',#4768,#4769);
#4768 = CARTESIAN_POINT('',(3.,0.));
#4769 = VECTOR('',#4770,1.);
#4770 = DIRECTION('',(0.,1.));
#4771 = ( GEOMETRIC_REPRESENTATION_CONTEXT(2) 
PARAMETRIC_REPRESENTATION_CONTEXT() REPRESENTATION_CONTEXT('2D SPACE',''
  ) );
#4772 = PCURVE('',#4537,#4773);
#4773 = DEFINITIONAL_REPRESENTATION('',(#4774),#4778);
#4774 = LINE('',#4775,#4776);
#4775 = CARTESIAN_POINT('',(0.,0.));
#4776 = VECTOR('',#4777,1.);
#4777 = DIRECTION('',(0.,1.));
#4778 = ( GEOMETRIC_REPRESENTATION_CONTEXT(2) 
PARAMETRIC_REPRESENTATION_CONTEXT() REPRESENTATION_CONTEXT('2D SPACE',''
  ) );
#4779 = ORIENTED_EDGE('',*,*,#4485,.T.);
#4780 = ORIENTED_EDGE('',*,*,#4781,.T.);
#4781 = EDGE_CURVE('',#4488,#4732,#4782,.T.);
#4782 = SURFACE_CURVE('',#4783,(#4787,#4794),.PCURVE_S1.);
#4783 = LINE('',#4784,#4785);
#4784 = CARTESIAN_POINT('',(-37.5,-17.5,12.));
#4785 = VECTOR('',#4786,1.);
#4786 = DIRECTION('',(1.,0.,0.));
#4787 = PCURVE('',#4508,#4788);
#4788 = DEFINITIONAL_REPRESENTATION('',(#4789),#4793);
#4789 = LINE('',#4790,#4791);
#4790 = CARTESIAN_POINT('',(27.,0.));
#4791 = VECTOR('',#4792,1.);
#4792 = DIRECTION('',(0.,1.));
#4793 = ( GEOMETRIC_REPRESENTATION_CONTEXT(2) 
PARAMETRIC_REPRESENTATION_CONTEXT() REPRESENTATION_CONTEXT('2D SPACE',''
  ) );
#4794 = PCURVE('',#4714,#4795);
#4795 = DEFINITIONAL_REPRESENTATION('',(#4796),#4800);
#4796 = LINE('',#4797,#4798);
#4797 = CARTESIAN_POINT('',(-0.,0.));
#4798 = VECTOR('',#4799,1.);
#4799 = DIRECTION('',(-0.,1.));
#4800 = ( GEOMETRIC_REPRESENTATION_CONTEXT(2) 
PARAMETRIC_REPRESENTATION_CONTEXT() REPRESENTATION_CONTEXT('2D SPACE',''
  ) );
#4801 = ADVANCED_FACE('',(#4802),#4537,.T.);
#4802 = FACE_BOUND('',#4803,.T.);
#4803 = EDGE_LOOP('',(#4804,#4805,#4828,#4850));
#4804 = ORIENTED_EDGE('',*,*,#4520,.T.);
#4805 = ORIENTED_EDGE('',*,*,#4806,.T.);
#4806 = EDGE_CURVE('',#4521,#4807,#4809,.T.);
#4807 = VERTEX_POINT('',#4808);
#4808 = CARTESIAN_POINT('',(37.5,-14.5,-15.));
#4809 = SURFACE_CURVE('',#4810,(#4814,#4821),.PCURVE_S1.);
#4810 = LINE('',#4811,#4812);
#4811 = CARTESIAN_POINT('',(-37.5,-14.5,-15.));
#4812 = VECTOR('',#4813,1.);
#4813 = DIRECTION('',(1.,0.,0.));
#4814 = PCURVE('',#4537,#4815);
#4815 = DEFINITIONAL_REPRESENTATION('',(#4816),#4820);
#4816 = LINE('',#4817,#4818);
#4817 = CARTESIAN_POINT('',(1.570796326795,0.));
#4818 = VECTOR('',#4819,1.);
#4819 = DIRECTION('',(0.,1.));
#4820 = ( GEOMETRIC_REPRESENTATION_CONTEXT(2) 
PARAMETRIC_REPRESENTATION_CONTEXT() REPRESENTATION_CONTEXT('2D SPACE',''
  ) );
#4821 = PCURVE('',#4565,#4822);
#4822 = DEFINITIONAL_REPRESENTATION('',(#4823),#4827);
#4823 = LINE('',#4824,#4825);
#4824 = CARTESIAN_POINT('',(0.,3.));
#4825 = VECTOR('',#4826,1.);
#4826 = DIRECTION('',(1.,0.));
#4827 = ( GEOMETRIC_REPRESENTATION_CONTEXT(2) 
PARAMETRIC_REPRESENTATION_CONTEXT() REPRESENTATION_CONTEXT('2D SPACE',''
  ) );
#4828 = ORIENTED_EDGE('',*,*,#4829,.F.);
#4829 = EDGE_CURVE('',#4730,#4807,#4830,.T.);
#4830 = SURFACE_CURVE('',#4831,(#4836,#4843),.PCURVE_S1.);
#4831 = CIRCLE('',#4832,3.);
#4832 = AXIS2_PLACEMENT_3D('',#4833,#4834,#4835);
#4833 = CARTESIAN_POINT('',(37.5,-14.5,-12.));
#4834 = DIRECTION('',(1.,0.,0.));
#4835 = DIRECTION('',(-0.,0.,1.));
#4836 = PCURVE('',#4537,#4837);
#4837 = DEFINITIONAL_REPRESENTATION('',(#4838),#4842);
#4838 = LINE('',#4839,#4840);
#4839 = CARTESIAN_POINT('',(-1.570796326795,75.));
#4840 = VECTOR('',#4841,1.);
#4841 = DIRECTION('',(1.,0.));
#4842 = ( GEOMETRIC_REPRESENTATION_CONTEXT(2) 
PARAMETRIC_REPRESENTATION_CONTEXT() REPRESENTATION_CONTEXT('2D SPACE',''
  ) );
#4843 = PCURVE('',#4747,#4844);
#4844 = DEFINITIONAL_REPRESENTATION('',(#4845),#4849);
#4845 = CIRCLE('',#4846,3.);
#4846 = AXIS2_PLACEMENT_2D('',#4847,#4848);
#4847 = CARTESIAN_POINT('',(3.,-3.));
#4848 = DIRECTION('',(1.,0.));
#4849 = ( GEOMETRIC_REPRESENTATION_CONTEXT(2) 
PARAMETRIC_REPRESENTATION_CONTEXT() REPRESENTATION_CONTEXT('2D SPACE',''
  ) );
#4850 = ORIENTED_EDGE('',*,*,#4759,.F.);
#4851 = ADVANCED_FACE('',(#4852),#4714,.T.);
#4852 = FACE_BOUND('',#4853,.F.);
#4853 = EDGE_LOOP('',(#4854,#4855,#4878,#4904));
#4854 = ORIENTED_EDGE('',*,*,#4695,.T.);
#4855 = ORIENTED_EDGE('',*,*,#4856,.T.);
#4856 = EDGE_CURVE('',#4668,#4857,#4859,.T.);
#4857 = VERTEX_POINT('',#4858);
#4858 = CARTESIAN_POINT('',(37.5,-14.5,15.));
#4859 = SURFACE_CURVE('',#4860,(#4864,#4871),.PCURVE_S1.);
#4860 = LINE('',#4861,#4862);
#4861 = CARTESIAN_POINT('',(-37.5,-14.5,15.));
#4862 = VECTOR('',#4863,1.);
#4863 = DIRECTION('',(1.,0.,0.));
#4864 = PCURVE('',#4714,#4865);
#4865 = DEFINITIONAL_REPRESENTATION('',(#4866),#4870);
#4866 = LINE('',#4867,#4868);
#4867 = CARTESIAN_POINT('',(-1.570796326795,0.));
#4868 = VECTOR('',#4869,1.);
#4869 = DIRECTION('',(-0.,1.));
#4870 = ( GEOMETRIC_REPRESENTATION_CONTEXT(2) 
PARAMETRIC_REPRESENTATION_CONTEXT() REPRESENTATION_CONTEXT('2D SPACE',''
  ) );
#4871 = PCURVE('',#4683,#4872);
#4872 = DEFINITIONAL_REPRESENTATION('',(#4873),#4877);
#4873 = LINE('',#4874,#4875);
#4874 = CARTESIAN_POINT('',(0.,3.));
#4875 = VECTOR('',#4876,1.);
#4876 = DIRECTION('',(1.,0.));
#4877 = ( GEOMETRIC_REPRESENTATION_CONTEXT(2) 
PARAMETRIC_REPRESENTATION_CONTEXT() REPRESENTATION_CONTEXT('2D SPACE',''
  ) );
#4878 = ORIENTED_EDGE('',*,*,#4879,.F.);
#4879 = EDGE_CURVE('',#4732,#4857,#4880,.T.);
#4880 = SURFACE_CURVE('',#4881,(#4886,#4893),.PCURVE_S1.);
#4881 = CIRCLE('',#4882,3.);
#4882 = AXIS2_PLACEMENT_3D('',#4883,#4884,#4885);
#4883 = CARTESIAN_POINT('',(37.5,-14.5,12.));
#4884 = DIRECTION('',(-1.,0.,-0.));
#4885 = DIRECTION('',(-0.,0.,1.));
#4886 = PCURVE('',#4714,#4887);
#4887 = DEFINITIONAL_REPRESENTATION('',(#4888),#4892);
#4888 = LINE('',#4889,#4890);
#4889 = CARTESIAN_POINT('',(4.712388980385,75.));
#4890 = VECTOR('',#4891,1.);
#4891 = DIRECTION('',(-1.,0.));
#4892 = ( GEOMETRIC_REPRESENTATION_CONTEXT(2) 
PARAMETRIC_REPRESENTATION_CONTEXT() REPRESENTATION_CONTEXT('2D SPACE',''
  ) );
#4893 = PCURVE('',#4747,#4894);
#4894 = DEFINITIONAL_REPRESENTATION('',(#4895),#4903);
#4895 = ( BOUNDED_CURVE() B_SPLINE_CURVE(2,(#4896,#4897,#4898,#4899,
#4900,#4901,#4902),.UNSPECIFIED.,.T.,.F.) B_SPLINE_CURVE_WITH_KNOTS((1,2
    ,2,2,2,1),(-2.094395102393,0.,2.094395102393,4.188790204786,
6.28318530718,8.377580409573),.UNSPECIFIED.) CURVE() 
GEOMETRIC_REPRESENTATION_ITEM() RATIONAL_B_SPLINE_CURVE((1.,0.5,1.,0.5,
1.,0.5,1.)) REPRESENTATION_ITEM('') );
#4896 = CARTESIAN_POINT('',(30.,-3.));
#4897 = CARTESIAN_POINT('',(30.,-8.196152422707));
#4898 = CARTESIAN_POINT('',(25.5,-5.598076211353));
#4899 = CARTESIAN_POINT('',(21.,-3.));
#4900 = CARTESIAN_POINT('',(25.5,-0.401923788647));
#4901 = CARTESIAN_POINT('',(30.,2.196152422707));
#4902 = CARTESIAN_POINT('',(30.,-3.));
#4903 = ( GEOMETRIC_REPRESENTATION_CONTEXT(2) 
PARAMETRIC_REPRESENTATION_CONTEXT() REPRESENTATION_CONTEXT('2D SPACE',''
  ) );
#4904 = ORIENTED_EDGE('',*,*,#4781,.F.);
#4905 = ADVANCED_FACE('',(#4906),#4565,.F.);
#4906 = FACE_BOUND('',#4907,.F.);
#4907 = EDGE_LOOP('',(#4908,#4909,#4910,#4933));
#4908 = ORIENTED_EDGE('',*,*,#4549,.F.);
#4909 = ORIENTED_EDGE('',*,*,#4806,.T.);
#4910 = ORIENTED_EDGE('',*,*,#4911,.T.);
#4911 = EDGE_CURVE('',#4807,#4912,#4914,.T.);
#4912 = VERTEX_POINT('',#4913);
#4913 = CARTESIAN_POINT('',(37.5,14.5,-15.));
#4914 = SURFACE_CURVE('',#4915,(#4919,#4926),.PCURVE_S1.);
#4915 = LINE('',#4916,#4917);
#4916 = CARTESIAN_POINT('',(37.5,-17.5,-15.));
#4917 = VECTOR('',#4918,1.);
#4918 = DIRECTION('',(0.,1.,0.));
#4919 = PCURVE('',#4565,#4920);
#4920 = DEFINITIONAL_REPRESENTATION('',(#4921),#4925);
#4921 = LINE('',#4922,#4923);
#4922 = CARTESIAN_POINT('',(75.,0.));
#4923 = VECTOR('',#4924,1.);
#4924 = DIRECTION('',(0.,1.));
#4925 = ( GEOMETRIC_REPRESENTATION_CONTEXT(2) 
PARAMETRIC_REPRESENTATION_CONTEXT() REPRESENTATION_CONTEXT('2D SPACE',''
  ) );
#4926 = PCURVE('',#4747,#4927);
#4927 = DEFINITIONAL_REPRESENTATION('',(#4928),#4932);
#4928 = LINE('',#4929,#4930);
#4929 = CARTESIAN_POINT('',(0.,0.));
#4930 = VECTOR('',#4931,1.);
#4931 = DIRECTION('',(0.,-1.));
#4932 = ( GEOMETRIC_REPRESENTATION_CONTEXT(2) 
PARAMETRIC_REPRESENTATION_CONTEXT() REPRESENTATION_CONTEXT('2D SPACE',''
  ) );
#4933 = ORIENTED_EDGE('',*,*,#4934,.F.);
#4934 = EDGE_CURVE('',#4550,#4912,#4935,.T.);
#4935 = SURFACE_CURVE('',#4936,(#4940,#4947),.PCURVE_S1.);
#4936 = LINE('',#4937,#4938);
#4937 = CARTESIAN_POINT('',(-37.5,14.5,-15.));
#4938 = VECTOR('',#4939,1.);
#4939 = DIRECTION('',(1.,0.,0.));
#4940 = PCURVE('',#4565,#4941);
#4941 = DEFINITIONAL_REPRESENTATION('',(#4942),#4946);
#4942 = LINE('',#4943,#4944);
#4943 = CARTESIAN_POINT('',(0.,32.));
#4944 = VECTOR('',#4945,1.);
#4945 = DIRECTION('',(1.,0.));
#4946 = ( GEOMETRIC_REPRESENTATION_CONTEXT(2) 
PARAMETRIC_REPRESENTATION_CONTEXT() REPRESENTATION_CONTEXT('2D SPACE',''
  ) );
#4947 = PCURVE('',#4598,#4948);
#4948 = DEFINITIONAL_REPRESENTATION('',(#4949),#4953);
#4949 = LINE('',#4950,#4951);
#4950 = CARTESIAN_POINT('',(-1.570796326795,0.));
#4951 = VECTOR('',#4952,1.);
#4952 = DIRECTION('',(-0.,1.));
#4953 = ( GEOMETRIC_REPRESENTATION_CONTEXT(2) 
PARAMETRIC_REPRESENTATION_CONTEXT() REPRESENTATION_CONTEXT('2D SPACE',''
  ) );
#4954 = ADVANCED_FACE('',(#4955),#4683,.T.);
#4955 = FACE_BOUND('',#4956,.T.);
#4956 = EDGE_LOOP('',(#4957,#4958,#4959,#4982));
#4957 = ORIENTED_EDGE('',*,*,#4667,.F.);
#4958 = ORIENTED_EDGE('',*,*,#4856,.T.);
#4959 = ORIENTED_EDGE('',*,*,#4960,.T.);
#4960 = EDGE_CURVE('',#4857,#4961,#4963,.T.);
#4961 = VERTEX_POINT('',#4962);
#4962 = CARTESIAN_POINT('',(37.5,14.5,15.));
#4963 = SURFACE_CURVE('',#4964,(#4968,#4975),.PCURVE_S1.);
#4964 = LINE('',#4965,#4966);
#4965 = CARTESIAN_POINT('',(37.5,-17.5,15.));
#4966 = VECTOR('',#4967,1.);
#4967 = DIRECTION('',(0.,1.,0.));
#4968 = PCURVE('',#4683,#4969);
#4969 = DEFINITIONAL_REPRESENTATION('',(#4970),#4974);
#4970 = LINE('',#4971,#4972);
#4971 = CARTESIAN_POINT('',(75.,0.));
#4972 = VECTOR('',#4973,1.);
#4973 = DIRECTION('',(0.,1.));
#4974 = ( GEOMETRIC_REPRESENTATION_CONTEXT(2) 
PARAMETRIC_REPRESENTATION_CONTEXT() REPRESENTATION_CONTEXT('2D SPACE',''
  ) );
#4975 = PCURVE('',#4747,#4976);
#4976 = DEFINITIONAL_REPRESENTATION('',(#4977),#4981);
#4977 = LINE('',#4978,#4979);
#4978 = CARTESIAN_POINT('',(30.,0.));
#4979 = VECTOR('',#4980,1.);
#4980 = DIRECTION('',(0.,-1.));
#4981 = ( GEOMETRIC_REPRESENTATION_CONTEXT(2) 
PARAMETRIC_REPRESENTATION_CONTEXT() REPRESENTATION_CONTEXT('2D SPACE',''
  ) );
#4982 = ORIENTED_EDGE('',*,*,#4983,.F.);
#4983 = EDGE_CURVE('',#4639,#4961,#4984,.T.);
#4984 = SURFACE_CURVE('',#4985,(#4989,#4996),.PCURVE_S1.);
#4985 = LINE('',#4986,#4987);
#4986 = CARTESIAN_POINT('',(-37.5,14.5,15.));
#4987 = VECTOR('',#4988,1.);
#4988 = DIRECTION('',(1.,0.,0.));
#4989 = PCURVE('',#4683,#4990);
#4990 = DEFINITIONAL_REPRESENTATION('',(#4991),#4995);
#4991 = LINE('',#4992,#4993);
#4992 = CARTESIAN_POINT('',(0.,32.));
#4993 = VECTOR('',#4994,1.);
#4994 = DIRECTION('',(1.,0.));
#4995 = ( GEOMETRIC_REPRESENTATION_CONTEXT(2) 
PARAMETRIC_REPRESENTATION_CONTEXT() REPRESENTATION_CONTEXT('2D SPACE',''
  ) );
#4996 = PCURVE('',#4655,#4997);
#4997 = DEFINITIONAL_REPRESENTATION('',(#4998),#5002);
#4998 = LINE('',#4999,#5000);
#4999 = CARTESIAN_POINT('',(1.570796326795,0.));
#5000 = VECTOR('',#5001,1.);
#5001 = DIRECTION('',(0.,1.));
#5002 = ( GEOMETRIC_REPRESENTATION_CONTEXT(2) 
PARAMETRIC_REPRESENTATION_CONTEXT() REPRESENTATION_CONTEXT('2D SPACE',''
  ) );
#5003 = ADVANCED_FACE('',(#5004),#4598,.T.);
#5004 = FACE_BOUND('',#5005,.F.);
#5005 = EDGE_LOOP('',(#5006,#5007,#5008,#5036));
#5006 = ORIENTED_EDGE('',*,*,#4577,.T.);
#5007 = ORIENTED_EDGE('',*,*,#4934,.T.);
#5008 = ORIENTED_EDGE('',*,*,#5009,.F.);
#5009 = EDGE_CURVE('',#5010,#4912,#5012,.T.);
#5010 = VERTEX_POINT('',#5011);
#5011 = CARTESIAN_POINT('',(37.5,17.5,-12.));
#5012 = SURFACE_CURVE('',#5013,(#5018,#5025),.PCURVE_S1.);
#5013 = CIRCLE('',#5014,3.);
#5014 = AXIS2_PLACEMENT_3D('',#5015,#5016,#5017);
#5015 = CARTESIAN_POINT('',(37.5,14.5,-12.));
#5016 = DIRECTION('',(-1.,0.,-0.));
#5017 = DIRECTION('',(-0.,0.,1.));
#5018 = PCURVE('',#4598,#5019);
#5019 = DEFINITIONAL_REPRESENTATION('',(#5020),#5024);
#5020 = LINE('',#5021,#5022);
#5021 = CARTESIAN_POINT('',(1.570796326795,75.));
#5022 = VECTOR('',#5023,1.);
#5023 = DIRECTION('',(-1.,0.));
#5024 = ( GEOMETRIC_REPRESENTATION_CONTEXT(2) 
PARAMETRIC_REPRESENTATION_CONTEXT() REPRESENTATION_CONTEXT('2D SPACE',''
  ) );
#5025 = PCURVE('',#4747,#5026);
#5026 = DEFINITIONAL_REPRESENTATION('',(#5027),#5035);
#5027 = ( BOUNDED_CURVE() B_SPLINE_CURVE(2,(#5028,#5029,#5030,#5031,
#5032,#5033,#5034),.UNSPECIFIED.,.T.,.F.) B_SPLINE_CURVE_WITH_KNOTS((1,2
    ,2,2,2,1),(-2.094395102393,0.,2.094395102393,4.188790204786,
6.28318530718,8.377580409573),.UNSPECIFIED.) CURVE() 
GEOMETRIC_REPRESENTATION_ITEM() RATIONAL_B_SPLINE_CURVE((1.,0.5,1.,0.5,
1.,0.5,1.)) REPRESENTATION_ITEM('') );
#5028 = CARTESIAN_POINT('',(6.,-32.));
#5029 = CARTESIAN_POINT('',(6.,-37.1961524227));
#5030 = CARTESIAN_POINT('',(1.5,-34.59807621135));
#5031 = CARTESIAN_POINT('',(-3.,-32.));
#5032 = CARTESIAN_POINT('',(1.5,-29.40192378864));
#5033 = CARTESIAN_POINT('',(6.,-26.80384757729));
#5034 = CARTESIAN_POINT('',(6.,-32.));
#5035 = ( GEOMETRIC_REPRESENTATION_CONTEXT(2) 
PARAMETRIC_REPRESENTATION_CONTEXT() REPRESENTATION_CONTEXT('2D SPACE',''
  ) );
#5036 = ORIENTED_EDGE('',*,*,#5037,.F.);
#5037 = EDGE_CURVE('',#4578,#5010,#5038,.T.);
#5038 = SURFACE_CURVE('',#5039,(#5043,#5050),.PCURVE_S1.);
#5039 = LINE('',#5040,#5041);
#5040 = CARTESIAN_POINT('',(-37.5,17.5,-12.));
#5041 = VECTOR('',#5042,1.);
#5042 = DIRECTION('',(1.,0.,0.));
#5043 = PCURVE('',#4598,#5044);
#5044 = DEFINITIONAL_REPRESENTATION('',(#5045),#5049);
#5045 = LINE('',#5046,#5047);
#5046 = CARTESIAN_POINT('',(-0.,0.));
#5047 = VECTOR('',#5048,1.);
#5048 = DIRECTION('',(-0.,1.));
#5049 = ( GEOMETRIC_REPRESENTATION_CONTEXT(2) 
PARAMETRIC_REPRESENTATION_CONTEXT() REPRESENTATION_CONTEXT('2D SPACE',''
  ) );
#5050 = PCURVE('',#4626,#5051);
#5051 = DEFINITIONAL_REPRESENTATION('',(#5052),#5056);
#5052 = LINE('',#5053,#5054);
#5053 = CARTESIAN_POINT('',(3.,0.));
#5054 = VECTOR('',#5055,1.);
#5055 = DIRECTION('',(0.,1.));
#5056 = ( GEOMETRIC_REPRESENTATION_CONTEXT(2) 
PARAMETRIC_REPRESENTATION_CONTEXT() REPRESENTATION_CONTEXT('2D SPACE',''
  ) );
#5057 = ADVANCED_FACE('',(#5058),#4655,.T.);
#5058 = FACE_BOUND('',#5059,.T.);
#5059 = EDGE_LOOP('',(#5060,#5061,#5062,#5086));
#5060 = ORIENTED_EDGE('',*,*,#4638,.T.);
#5061 = ORIENTED_EDGE('',*,*,#4983,.T.);
#5062 = ORIENTED_EDGE('',*,*,#5063,.F.);
#5063 = EDGE_CURVE('',#5064,#4961,#5066,.T.);
#5064 = VERTEX_POINT('',#5065);
#5065 = CARTESIAN_POINT('',(37.5,17.5,12.));
#5066 = SURFACE_CURVE('',#5067,(#5072,#5079),.PCURVE_S1.);
#5067 = CIRCLE('',#5068,3.);
#5068 = AXIS2_PLACEMENT_3D('',#5069,#5070,#5071);
#5069 = CARTESIAN_POINT('',(37.5,14.5,12.));
#5070 = DIRECTION('',(1.,0.,0.));
#5071 = DIRECTION('',(-0.,0.,1.));
#5072 = PCURVE('',#4655,#5073);
#5073 = DEFINITIONAL_REPRESENTATION('',(#5074),#5078);
#5074 = LINE('',#5075,#5076);
#5075 = CARTESIAN_POINT('',(-4.712388980385,75.));
#5076 = VECTOR('',#5077,1.);
#5077 = DIRECTION('',(1.,0.));
#5078 = ( GEOMETRIC_REPRESENTATION_CONTEXT(2) 
PARAMETRIC_REPRESENTATION_CONTEXT() REPRESENTATION_CONTEXT('2D SPACE',''
  ) );
#5079 = PCURVE('',#4747,#5080);
#5080 = DEFINITIONAL_REPRESENTATION('',(#5081),#5085);
#5081 = CIRCLE('',#5082,3.);
#5082 = AXIS2_PLACEMENT_2D('',#5083,#5084);
#5083 = CARTESIAN_POINT('',(27.,-32.));
#5084 = DIRECTION('',(1.,0.));
#5085 = ( GEOMETRIC_REPRESENTATION_CONTEXT(2) 
PARAMETRIC_REPRESENTATION_CONTEXT() REPRESENTATION_CONTEXT('2D SPACE',''
  ) );
#5086 = ORIENTED_EDGE('',*,*,#5087,.F.);
#5087 = EDGE_CURVE('',#4611,#5064,#5088,.T.);
#5088 = SURFACE_CURVE('',#5089,(#5093,#5100),.PCURVE_S1.);
#5089 = LINE('',#5090,#5091);
#5090 = CARTESIAN_POINT('',(-37.5,17.5,12.));
#5091 = VECTOR('',#5092,1.);
#5092 = DIRECTION('',(1.,0.,0.));
#5093 = PCURVE('',#4655,#5094);
#5094 = DEFINITIONAL_REPRESENTATION('',(#5095),#5099);
#5095 = LINE('',#5096,#5097);
#5096 = CARTESIAN_POINT('',(0.,0.));
#5097 = VECTOR('',#5098,1.);
#5098 = DIRECTION('',(0.,1.));
#5099 = ( GEOMETRIC_REPRESENTATION_CONTEXT(2) 
PARAMETRIC_REPRESENTATION_CONTEXT() REPRESENTATION_CONTEXT('2D SPACE',''
  ) );
#5100 = PCURVE('',#4626,#5101);
#5101 = DEFINITIONAL_REPRESENTATION('',(#5102),#5106);
#5102 = LINE('',#5103,#5104);
#5103 = CARTESIAN_POINT('',(27.,0.));
#5104 = VECTOR('',#5105,1.);
#5105 = DIRECTION('',(0.,1.));
#5106 = ( GEOMETRIC_REPRESENTATION_CONTEXT(2) 
PARAMETRIC_REPRESENTATION_CONTEXT() REPRESENTATION_CONTEXT('2D SPACE',''
  ) );
#5107 = ADVANCED_FACE('',(#5108),#4626,.T.);
#5108 = FACE_BOUND('',#5109,.T.);
#5109 = EDGE_LOOP('',(#5110,#5131,#5132,#5133));
#5110 = ORIENTED_EDGE('',*,*,#5111,.F.);
#5111 = EDGE_CURVE('',#5010,#5064,#5112,.T.);
#5112 = SURFACE_CURVE('',#5113,(#5117,#5124),.PCURVE_S1.);
#5113 = LINE('',#5114,#5115);
#5114 = CARTESIAN_POINT('',(37.5,17.5,-15.));
#5115 = VECTOR('',#5116,1.);
#5116 = DIRECTION('',(0.,0.,1.));
#5117 = PCURVE('',#4626,#5118);
#5118 = DEFINITIONAL_REPRESENTATION('',(#5119),#5123);
#5119 = LINE('',#5120,#5121);
#5120 = CARTESIAN_POINT('',(0.,75.));
#5121 = VECTOR('',#5122,1.);
#5122 = DIRECTION('',(1.,0.));
#5123 = ( GEOMETRIC_REPRESENTATION_CONTEXT(2) 
PARAMETRIC_REPRESENTATION_CONTEXT() REPRESENTATION_CONTEXT('2D SPACE',''
  ) );
#5124 = PCURVE('',#4747,#5125);
#5125 = DEFINITIONAL_REPRESENTATION('',(#5126),#5130);
#5126 = LINE('',#5127,#5128);
#5127 = CARTESIAN_POINT('',(0.,-35.));
#5128 = VECTOR('',#5129,1.);
#5129 = DIRECTION('',(1.,0.));
#5130 = ( GEOMETRIC_REPRESENTATION_CONTEXT(2) 
PARAMETRIC_REPRESENTATION_CONTEXT() REPRESENTATION_CONTEXT('2D SPACE',''
  ) );
#5131 = ORIENTED_EDGE('',*,*,#5037,.F.);
#5132 = ORIENTED_EDGE('',*,*,#4610,.T.);
#5133 = ORIENTED_EDGE('',*,*,#5087,.T.);
#5134 = ADVANCED_FACE('',(#5135),#4747,.T.);
#5135 = FACE_BOUND('',#5136,.T.);
#5136 = EDGE_LOOP('',(#5137,#5138,#5139,#5140,#5141,#5142,#5143,#5144));
#5137 = ORIENTED_EDGE('',*,*,#4729,.F.);
#5138 = ORIENTED_EDGE('',*,*,#4829,.T.);
#5139 = ORIENTED_EDGE('',*,*,#4911,.T.);
#5140 = ORIENTED_EDGE('',*,*,#5009,.F.);
#5141 = ORIENTED_EDGE('',*,*,#5111,.T.);
#5142 = ORIENTED_EDGE('',*,*,#5063,.T.);
#5143 = ORIENTED_EDGE('',*,*,#4960,.F.);
#5144 = ORIENTED_EDGE('',*,*,#4879,.F.);
#5145 = ( GEOMETRIC_REPRESENTATION_CONTEXT(3) 
GLOBAL_UNCERTAINTY_ASSIGNED_CONTEXT((#5149)) 
GLOBAL_UNIT_ASSIGNED_CONTEXT((#5146,#5147,#5148)) REPRESENTATION_CONTEXT
('Context #1','3D Context with UNIT and UNCERTAINTY') );
#5146 = ( LENGTH_UNIT() NAMED_UNIT(*) SI_UNIT(.MILLI.,.METRE.) );
#5147 = ( NAMED_UNIT(*) PLANE_ANGLE_UNIT() SI_UNIT($,.RADIAN.) );
#5148 = ( NAMED_UNIT(*) SI_UNIT($,.STERADIAN.) SOLID_ANGLE_UNIT() );
#5149 = UNCERTAINTY_MEASURE_WITH_UNIT(LENGTH_MEASURE(1.E-07),#5146,
  'distance_accuracy_value','confusion accuracy');
#5150 = CONTEXT_DEPENDENT_SHAPE_REPRESENTATION(#5151,#5153);
#5151 = ( REPRESENTATION_RELATIONSHIP('','',#4478,#10) 
REPRESENTATION_RELATIONSHIP_WITH_TRANSFORMATION(#5152) 
SHAPE_REPRESENTATION_RELATIONSHIP() );
#5152 = ITEM_DEFINED_TRANSFORMATION('','',#11,#27);
#5153 = PRODUCT_DEFINITION_SHAPE('Placement','Placement of an item',
  #5154);
#5154 = NEXT_ASSEMBLY_USAGE_OCCURRENCE('35','Battery','',#5,#4473,$);
#5155 = PRODUCT_RELATED_PRODUCT_CATEGORY('part',$,(#4475));
#5156 = MECHANICAL_DESIGN_GEOMETRIC_PRESENTATION_REPRESENTATION('',(
    #5157),#1971);
#5157 = STYLED_ITEM('color',(#5158),#1421);
#5158 = PRESENTATION_STYLE_ASSIGNMENT((#5159));
#5159 = SURFACE_STYLE_USAGE(.BOTH.,#5160);
#5160 = SURFACE_SIDE_STYLE('',(#5161));
#5161 = SURFACE_STYLE_FILL_AREA(#5162);
#5162 = FILL_AREA_STYLE('',(#5163));
#5163 = FILL_AREA_STYLE_COLOUR('',#5164);
#5164 = COLOUR_RGB('',1.,0.478431346766,0.);
#5165 = MECHANICAL_DESIGN_GEOMETRIC_PRESENTATION_REPRESENTATION('',(
    #5166),#4460);
#5166 = STYLED_ITEM('color',(#5167),#4130);
#5167 = PRESENTATION_STYLE_ASSIGNMENT((#5168));
#5168 = SURFACE_STYLE_USAGE(.BOTH.,#5169);
#5169 = SURFACE_SIDE_STYLE('',(#5170));
#5170 = SURFACE_STYLE_FILL_AREA(#5171);
#5171 = FILL_AREA_STYLE('',(#5172));
#5172 = FILL_AREA_STYLE_COLOUR('',#5173);
#5173 = COLOUR_RGB('',0.941176516752,0.941176516752,0.941176516752);
#5174 = MECHANICAL_DESIGN_GEOMETRIC_PRESENTATION_REPRESENTATION('',(
    #5175),#5145);
#5175 = STYLED_ITEM('color',(#5176),#4479);
#5176 = PRESENTATION_STYLE_ASSIGNMENT((#5177));
#5177 = SURFACE_STYLE_USAGE(.BOTH.,#5178);
#5178 = SURFACE_SIDE_STYLE('',(#5179));
#5179 = SURFACE_STYLE_FILL_AREA(#5180);
#5180 = FILL_AREA_STYLE('',(#5181));
#5181 = FILL_AREA_STYLE_COLOUR('',#5182);
#5182 = COLOUR_RGB('',0.125490196231,0.313725504135,0.752941240391);
#5183 = MECHANICAL_DESIGN_GEOMETRIC_PRESENTATION_REPRESENTATION('',(
    #5184),#1402);
#5184 = STYLED_ITEM('color',(#5185),#1214);
#5185 = PRESENTATION_STYLE_ASSIGNMENT((#5186));
#5186 = SURFACE_STYLE_USAGE(.BOTH.,#5187);
#5187 = SURFACE_SIDE_STYLE('',(#5188));
#5188 = SURFACE_STYLE_FILL_AREA(#5189);
#5189 = FILL_AREA_STYLE('',(#5190));
#5190 = FILL_AREA_STYLE_COLOUR('',#5191);
#5191 = COLOUR_RGB('',0.690196128251,0.690196128251,0.690196128251);
#5192 = MECHANICAL_DESIGN_GEOMETRIC_PRESENTATION_REPRESENTATION('',(
    #5193),#3757);
#5193 = STYLED_ITEM('color',(#5194),#3427);
#5194 = PRESENTATION_STYLE_ASSIGNMENT((#5195));
#5195 = SURFACE_STYLE_USAGE(.BOTH.,#5196);
#5196 = SURFACE_SIDE_STYLE('',(#5197));
#5197 = SURFACE_STYLE_FILL_AREA(#5198);
#5198 = FILL_AREA_STYLE('',(#5199));
#5199 = FILL_AREA_STYLE_COLOUR('',#5200);
#5200 = COLOUR_RGB('',6.666666728316E-02,6.666666728316E-02,
  6.666666728316E-02);
#5201 = MECHANICAL_DESIGN_GEOMETRIC_PRESENTATION_REPRESENTATION('',(
    #5202),#2637);
#5202 = STYLED_ITEM('color',(#5203),#2059);
#5203 = PRESENTATION_STYLE_ASSIGNMENT((#5204));
#5204 = SURFACE_STYLE_USAGE(.BOTH.,#5205);
#5205 = SURFACE_SIDE_STYLE('',(#5206));
#5206 = SURFACE_STYLE_FILL_AREA(#5207);
#5207 = FILL_AREA_STYLE('',(#5208));
#5208 = FILL_AREA_STYLE_COLOUR('',#5209);
#5209 = COLOUR_RGB('',0.752941240391,0.627451059808,0.);
#5210 = MECHANICAL_DESIGN_GEOMETRIC_PRESENTATION_REPRESENTATION('',(
    #5211),#1109);
#5211 = STYLED_ITEM('color',(#5212),#921);
#5212 = PRESENTATION_STYLE_ASSIGNMENT((#5213));
#5213 = SURFACE_STYLE_USAGE(.BOTH.,#5214);
#5214 = SURFACE_SIDE_STYLE('',(#5215));
#5215 = SURFACE_STYLE_FILL_AREA(#5216);
#5216 = FILL_AREA_STYLE('',(#5217));
#5217 = FILL_AREA_STYLE_COLOUR('',#5218);
#5218 = COLOUR_RGB('',0.533333402315,0.533333402315,0.533333402315);
#5219 = MECHANICAL_DESIGN_GEOMETRIC_PRESENTATION_REPRESENTATION('',(
    #5220),#538);
#5220 = STYLED_ITEM('color',(#5221),#116);
#5221 = PRESENTATION_STYLE_ASSIGNMENT((#5222));
#5222 = SURFACE_STYLE_USAGE(.BOTH.,#5223);
#5223 = SURFACE_SIDE_STYLE('',(#5224));
#5224 = SURFACE_STYLE_FILL_AREA(#5225);
#5225 = FILL_AREA_STYLE('',(#5226));
#5226 = FILL_AREA_STYLE_COLOUR('',#5227);
#5227 = COLOUR_RGB('',0.13333332778,0.13333332778,0.13333332778);
#5228 = MECHANICAL_DESIGN_GEOMETRIC_PRESENTATION_REPRESENTATION('',(
    #5229),#3408);
#5229 = STYLED_ITEM('color',(#5230),#2710);
#5230 = PRESENTATION_STYLE_ASSIGNMENT((#5231));
#5231 = SURFACE_STYLE_USAGE(.BOTH.,#5232);
#5232 = SURFACE_SIDE_STYLE('',(#5233));
#5233 = SURFACE_STYLE_FILL_AREA(#5234);
#5234 = FILL_AREA_STYLE('',(#5235));
#5235 = FILL_AREA_STYLE_COLOUR('',#5236);
#5236 = COLOUR_RGB('',0.11764704939,0.482352923845,0.235294113866);
#5237 = MECHANICAL_DESIGN_GEOMETRIC_PRESENTATION_REPRESENTATION('',(
    #5238),#887);
#5238 = STYLED_ITEM('color',(#5239),#557);
#5239 = PRESENTATION_STYLE_ASSIGNMENT((#5240));
#5240 = SURFACE_STYLE_USAGE(.BOTH.,#5241);
#5241 = SURFACE_SIDE_STYLE('',(#5242));
#5242 = SURFACE_STYLE_FILL_AREA(#5243);
#5243 = FILL_AREA_STYLE('',(#5244));
#5244 = FILL_AREA_STYLE_COLOUR('',#5245);
#5245 = COLOUR_RGB('',0.199999986726,0.199999986726,0.199999986726);
#5246 = MECHANICAL_DESIGN_GEOMETRIC_PRESENTATION_REPRESENTATION('',(
    #5247),#4106);
#5247 = STYLED_ITEM('color',(#5248),#3776);
#5248 = PRESENTATION_STYLE_ASSIGNMENT((#5249));
#5249 = SURFACE_STYLE_USAGE(.BOTH.,#5250);
#5250 = SURFACE_SIDE_STYLE('',(#5251));
#5251 = SURFACE_STYLE_FILL_AREA(#5252);
#5252 = FILL_AREA_STYLE('',(#5253));
#5253 = FILL_AREA_STYLE_COLOUR('',#5200);
ENDSEC;
END-ISO-10303-21;
